knee_angle,knee_cross,hip_angle,hip_cross,back_angle,knee_label,hip_label,back_label,overall_label
113.95,0.0173,99.32,0.1215,35.33,1,0,0,1
90.74,-0.3209,94.4,0.0665,33.84,2,0,0,2
94.62,0.1599,92.01,0.0649,37.95,0,0,0,0
87.99,0.0089,96.44,0.1452,54.47,0,0,1,1
88.29,0.901,91.03,-0.0024,44.28,3,0,0,3
92.07,-0.1555,83.62,-0.0964,40.82,0,0,0,0
95.69,-0.0495,95.04,0.0404,49.9,0,0,0,0
88.85,-0.0022,82.99,-0.0558,38.21,0,0,0,0
113.78,-0.0217,97.33,-0.1878,37.75,1,0,0,1
94.81,-0.149,90.82,0.0548,32.8,0,0,0,0
57.26,-0.1446,100.98,0.0937,32.2,3,3,0,3
92.12,0.4571,83.96,0.203,44.62,1,0,0,1
90.06,-0.2001,94.72,-0.1217,43.0,0,0,0,0
93.19,0.2225,84.35,0.014,46.6,0,0,0,0
95.39,-0.4982,93.27,0.127,46.73,2,0,0,2
111.22,0.431,106.97,-0.0702,57.06,1,1,1,1
106.07,0.47,83.69,-0.0606,42.59,1,0,0,1
46.09,0.5991,35.13,-0.1047,82.48,3,3,3,3
97.77,-0.2292,93.73,0.1403,46.52,0,0,0,0
92.94,-0.1875,89.34,-0.0978,37.03,0,0,0,0
97.85,0.0407,98.66,-0.023,36.99,0,0,0,0
56.73,0.5964,39.74,0.0845,84.33,3,3,3,3
96.25,-0.466,89.8,0.0245,37.33,2,0,0,2
107.63,0.5474,98.85,0.0503,54.08,1,0,1,1
57.4,0.0568,88.96,0.0508,37.17,3,0,0,3
83.89,-0.0664,91.28,0.002,36.03,2,0,0,2
87.04,0.3735,94.14,-0.0712,42.04,1,0,0,1
51.55,0.562,40.39,0.0118,71.02,3,3,3,3
70.22,0.0346,84.51,-0.0774,40.6,2,0,0,2
74.12,0.0955,95.52,-0.0083,35.71,2,0,0,2
101.32,-0.7342,99.46,0.1143,33.45,3,0,0,3
86.79,-0.6627,82.73,-0.0754,42.27,3,0,0,3
80.91,0.1539,82.51,-0.1213,46.82,2,0,0,2
90.03,-0.0387,84.78,0.0784,48.81,0,0,0,0
105.79,-0.1294,88.9,0.1571,38.0,1,0,0,1
93.77,-0.1131,94.14,-0.0363,37.01,0,0,0,0
83.52,0.0018,95.71,-0.1466,43.84,2,0,0,2
88.9,0.3528,83.55,0.0327,52.58,1,0,1,1
143.46,0.198,116.21,0.1256,44.12,3,3,0,3
105.92,0.3823,109.17,-0.1741,52.4,1,1,1,1
102.73,-0.0065,85.14,0.0767,63.75,1,0,1,1
91.36,0.1778,97.78,-0.0517,44.74,0,0,0,0
85.04,0.0276,95.69,0.0129,49.81,0,0,0,0
99.66,0.0003,77.49,0.0442,45.67,0,2,0,2
56.07,0.6673,47.06,0.0153,77.0,3,3,3,3
92.0,-0.0497,61.09,-0.0792,44.87,0,2,0,2
96.17,0.2341,87.05,-0.0347,77.82,0,0,3,3
95.34,-0.2843,94.25,0.0974,35.75,2,0,0,2
94.74,0.2178,110.42,0.011,45.87,0,1,0,1
93.9,0.1424,83.79,-0.1682,34.92,0,0,0,0
89.92,0.2386,80.39,0.0231,42.27,0,0,0,0
98.86,0.0247,92.8,0.0021,36.74,0,0,0,0
86.41,-0.2276,86.32,0.1021,37.9,0,0,0,0
72.31,0.1906,93.08,-0.191,30.05,2,0,0,2
96.5,-0.3561,88.23,-0.13,42.55,2,0,0,2
120.32,0.0515,131.97,-0.0646,39.33,3,3,0,3
66.99,-0.4071,65.71,0.1461,27.58,2,2,2,2
91.56,0.0574,74.75,-0.0213,37.88,0,2,0,2
96.49,0.0081,86.28,0.1253,44.73,0,0,0,0
140.85,-0.0814,137.39,-0.1032,43.63,3,3,0,3
89.12,-0.2252,77.58,0.0082,38.83,0,2,0,2
95.83,0.2479,86.04,0.1548,31.44,1,0,0,1
98.16,-0.8297,97.95,-0.1446,53.47,3,0,1,3
94.64,0.6459,102.61,-0.0816,34.47,3,1,0,3
87.24,-0.1943,87.28,0.0693,62.79,0,0,1,1
94.16,0.2319,67.72,-0.0245,42.01,0,2,0,2
86.37,-0.3592,91.33,0.0186,49.25,2,0,0,2
78.53,-0.2047,91.03,0.1107,46.5,2,0,0,2
97.74,0.2254,87.29,-0.1196,43.47,0,0,0,0
88.99,0.0503,91.82,-0.097,37.46,0,0,0,0
88.27,0.0255,77.54,-0.0798,25.93,0,2,2,2
131.74,-0.3252,118.46,-0.1577,42.75,2,3,0,3
94.65,0.164,86.87,0.0592,54.89,0,0,1,1
90.34,0.1042,106.28,0.0799,44.7,0,1,0,1
96.11,-0.1928,76.04,-0.1065,28.96,0,2,2,2
88.21,0.1146,96.78,0.1636,36.21,0,0,0,0
95.52,-0.1269,90.98,0.0285,37.67,0,0,0,0
97.89,-0.0714,83.43,0.0444,38.06,0,0,0,0
97.1,0.2869,84.27,-0.0924,27.91,1,0,2,1
86.97,-0.1112,92.23,0.0381,47.97,0,0,0,0
85.32,0.092,88.37,0.0591,27.27,0,0,2,2
90.72,0.0218,83.97,-0.1379,22.55,0,0,2,2
94.82,-0.1411,81.04,-0.0376,16.8,0,0,2,2
98.07,-0.1117,91.79,-0.0316,33.85,0,0,0,0
97.04,0.1217,87.31,-0.0691,37.25,0,0,0,0
143.13,0.1247,135.89,-0.0295,49.41,3,3,0,3
86.45,0.0519,96.42,-0.0064,43.87,0,0,0,0
92.13,-0.507,85.66,-0.0241,31.62,2,0,0,2
95.99,-0.0631,67.1,-0.0308,38.55,0,2,0,2
112.87,0.4505,108.93,0.0785,62.78,1,1,1,1
93.65,0.0689,105.81,0.1794,43.3,0,1,0,1
91.51,-0.0764,114.23,0.0331,51.15,0,1,1,1
135.78,-0.0564,118.68,0.0083,40.35,3,3,0,3
92.44,0.0366,80.04,-0.0205,37.63,0,0,0,0
91.13,-0.0125,97.5,0.107,31.35,0,0,0,0
91.97,-0.1148,65.15,-0.0639,45.63,0,2,0,2
103.89,0.3794,108.68,0.04,58.06,1,1,1,1
92.6,0.0892,90.25,-0.0737,43.88,0,0,0,0
92.88,0.1368,86.41,-0.0739,41.18,0,0,0,0
93.22,-0.0074,96.34,-0.0858,32.95,0,0,0,0
87.22,0.3694,90.4,0.0656,42.15,1,0,0,1
107.72,0.0769,90.04,-0.2598,39.76,1,0,0,1
88.61,-0.5704,91.07,0.0043,39.06,3,0,0,3
78.35,-0.3373,63.51,-0.1383,21.61,2,2,2,2
88.96,-0.0141,99.18,-0.1256,49.12,0,0,0,0
57.07,0.1057,99.14,0.0445,34.88,3,0,0,3
91.02,0.3565,94.7,-0.152,47.73,1,0,0,1
81.71,0.0066,81.81,0.1645,38.3,2,0,0,2
88.87,-0.2113,88.45,-0.0168,34.95,0,0,0,0
101.67,0.1934,98.58,-0.0325,34.05,1,0,0,1
109.02,0.1246,85.95,-0.0654,40.07,1,0,0,1
137.37,0.1897,125.12,0.0999,33.72,3,3,0,3
83.63,-0.1044,111.49,0.0531,47.94,2,1,0,1
78.66,-0.4276,74.84,0.022,18.49,2,2,2,2
88.89,0.0039,83.47,-0.1384,30.13,0,0,0,0
95.36,-0.1754,86.53,0.1285,63.78,0,0,1,1
93.22,0.0179,88.18,-0.0381,37.26,0,0,0,0
97.34,0.1795,90.36,0.1334,31.93,0,0,0,0
86.79,0.0549,106.42,0.0846,41.89,0,1,0,1
108.71,-0.0333,92.24,0.0746,43.34,1,0,0,1
88.68,-0.3277,92.09,0.1498,49.27,2,0,0,2
102.81,0.2922,102.29,0.0151,48.93,1,1,0,1
70.3,0.0788,92.4,0.0243,49.61,2,0,0,2
78.56,-0.0862,90.21,0.0352,34.08,2,0,0,2
87.94,-0.3372,88.25,0.0177,31.92,2,0,0,2
47.0,0.7154,46.43,0.0388,78.97,3,3,3,3
83.59,0.0034,80.22,-0.0022,38.2,2,0,0,2
89.18,0.21,90.77,0.0664,35.32,0,0,0,0
102.47,0.855,98.89,-0.0155,31.97,3,0,0,3
88.44,-0.1728,84.11,0.1789,52.55,0,0,1,1
63.92,0.1208,97.57,-0.1174,40.54,3,0,0,3
83.8,-0.7832,79.74,-0.0041,31.01,3,3,0,3
90.92,-0.2403,71.88,0.1183,44.22,2,2,0,2
97.65,-0.3296,89.66,0.1453,42.67,2,0,0,2
89.05,-0.2362,82.79,0.0471,55.66,0,0,1,1
74.63,-0.4968,75.21,-0.0619,24.08,2,2,2,2
74.86,0.0732,94.66,0.1489,31.88,2,0,0,2
95.51,0.0128,95.52,0.0268,30.84,0,0,0,0
95.96,-0.0747,91.15,-0.1557,35.39,0,0,0,0
90.71,0.19,86.75,-0.0818,34.29,0,0,0,0
94.63,0.4105,99.17,0.1256,33.84,1,0,0,1
97.76,0.1191,87.43,-0.0777,43.85,0,0,0,0
93.41,-0.3437,87.15,-0.0746,32.34,2,0,0,2
89.75,-0.6783,88.21,0.0203,31.29,3,0,0,3
90.98,0.2034,106.76,-0.0037,37.14,0,1,0,1
90.07,-0.1893,91.01,0.0838,46.75,0,0,0,0
113.41,0.4249,104.63,0.1182,60.83,1,1,1,1
90.4,0.4134,86.48,-0.0313,51.96,1,0,1,1
92.04,-0.1843,85.37,-0.2005,48.86,0,0,0,0
92.62,0.6736,94.07,0.053,37.53,3,0,0,3
96.71,0.0486,91.59,-0.0126,60.03,0,0,1,1
44.55,0.484,51.69,0.031,77.23,1,3,3,3
98.2,-0.1371,99.03,0.0001,40.02,0,0,0,0
87.97,0.1009,94.23,0.0709,39.37,0,0,0,0
139.18,0.1312,128.76,-0.2177,34.89,3,3,0,3
104.55,-0.1838,95.65,-0.1527,32.42,1,0,0,1
91.05,-0.0454,90.19,-0.0727,31.85,0,0,0,0
91.11,0.5686,95.13,-0.0792,47.8,3,0,0,3
93.73,-0.1742,83.83,0.1959,42.06,0,0,0,0
89.29,0.1373,82.75,0.0058,41.08,0,0,0,0
96.45,-0.2997,90.48,-0.045,34.19,2,0,0,2
83.93,-0.0103,113.76,-0.0294,37.81,2,1,0,1
88.72,-0.0963,82.6,-0.1282,42.43,0,0,0,0
103.25,0.3078,86.3,-0.1608,43.16,1,0,0,1
53.29,0.8696,43.97,0.0889,82.3,3,3,3,3
46.02,0.561,45.12,-0.0274,77.44,3,3,3,3
87.45,0.1086,95.2,0.1048,35.78,0,0,0,0
92.35,-0.1896,92.6,0.006,42.11,0,0,0,0
99.26,-0.4962,83.89,0.0165,43.71,2,0,0,2
89.47,-0.3636,85.56,-0.1082,42.5,2,0,0,2
91.83,0.0775,86.85,0.0199,34.79,0,0,0,0
97.6,0.1338,96.07,0.1056,32.07,0,0,0,0
99.23,0.0147,98.43,-0.1596,37.55,0,0,0,0
94.34,-0.4007,89.29,-0.0002,34.02,2,0,0,2
58.93,-0.0763,96.11,-0.0044,41.33,3,0,0,3
113.6,0.2158,135.68,0.0388,48.03,1,3,0,3
51.18,0.4933,58.1,0.0903,77.58,1,3,3,3
89.34,-0.607,93.84,-0.0049,50.45,3,0,3,3
97.72,0.323,93.93,-0.1013,41.54,1,0,0,1
143.08,0.2085,133.88,0.1103,35.41,3,3,0,3
92.71,-0.1341,88.67,-0.0205,30.05,0,0,0,0
67.64,0.0625,80.5,-0.0464,51.81,3,0,1,3
87.38,-0.2084,98.13,-0.1829,83.67,0,0,3,3
92.85,0.1562,72.46,0.0827,27.28,0,2,2,2
92.07,0.8445,91.39,0.0119,46.99,3,0,0,3
111.02,0.1052,84.72,0.0478,40.93,1,0,0,1
75.26,-0.1603,86.73,0.1033,32.73,2,0,0,2
111.62,0.282,89.02,-0.0856,41.63,1,0,0,1
95.71,-0.3325,92.0,-0.1113,41.07,2,0,0,2
93.14,-0.1174,108.16,-0.0763,41.85,0,1,0,1
95.13,0.0645,90.73,-0.028,34.92,0,0,0,0
79.3,0.2136,97.03,-0.0855,40.84,2,0,0,2
93.65,0.3266,90.33,-0.0702,32.36,1,0,0,1
50.01,0.8761,31.05,0.1584,77.5,3,3,3,3
109.63,0.1958,108.86,-0.0578,61.91,1,1,1,1
89.42,-0.0688,92.39,-0.1544,32.67,0,0,0,0
55.81,0.1721,98.14,0.1595,42.05,3,0,0,3
114.02,-0.1252,131.47,-0.1231,31.46,1,3,0,3
80.74,0.1197,89.66,0.181,28.71,2,0,2,2
85.94,0.4377,99.27,-0.0198,40.7,1,0,0,1
87.54,0.4282,76.27,-0.2014,35.65,1,2,0,1
67.82,0.7154,49.91,0.0796,78.02,3,3,3,3
86.15,-0.1526,63.17,-0.0107,42.91,0,2,0,2
60.39,0.6113,50.56,0.0539,73.43,3,3,3,3
99.44,0.1012,90.35,-0.0075,60.9,0,0,1,1
98.88,-0.6434,86.38,0.0832,43.64,3,0,0,3
92.29,0.2026,69.93,0.0417,47.91,0,2,0,2
95.29,-0.2247,93.05,0.195,40.0,0,0,0,0
80.98,0.1416,86.33,0.1007,33.36,2,0,0,2
89.4,0.0324,84.21,-0.2086,36.74,0,0,0,0
90.1,-0.1464,72.13,0.0359,36.18,0,2,0,2
97.86,0.1322,83.18,0.0924,39.61,0,0,0,0
99.31,-0.109,85.82,-0.064,40.04,0,0,0,0
88.61,0.3037,88.2,-0.0781,40.06,1,0,0,1
86.47,-0.0013,74.26,-0.0194,38.12,0,2,0,2
94.07,0.4891,96.78,0.0868,44.01,1,0,0,1
92.39,0.3705,88.01,0.0118,30.4,1,0,0,1
95.76,0.0831,104.52,0.0778,84.49,0,1,3,3
58.85,0.9435,50.46,-0.052,76.46,3,3,3,3
88.74,0.1148,75.18,-0.1308,49.44,0,2,0,2
131.38,0.0438,139.91,-0.0576,33.22,3,3,0,3
96.17,-0.2175,83.84,0.0059,34.78,0,0,0,0
102.17,0.0914,81.47,-0.1534,66.74,1,0,3,3
79.61,-0.4876,62.64,0.0777,21.63,2,2,2,2
88.17,0.3737,88.28,-0.0601,42.59,1,0,0,1
101.46,-0.1618,91.01,0.0436,41.23,1,0,0,1
90.5,0.4237,93.56,-0.0,44.11,1,0,0,1
78.53,-0.2188,94.39,-0.1237,28.49,2,0,2,2
86.18,0.3885,86.77,0.0181,48.05,1,0,0,1
87.51,0.1651,84.99,0.0226,30.32,0,0,0,0
94.99,0.0766,89.01,0.0901,31.26,0,0,0,0
85.61,0.4599,80.01,-0.2005,48.46,1,0,0,1
80.31,-0.1902,91.8,0.1296,43.65,2,0,0,2
74.03,-0.0492,83.32,0.0662,38.45,2,0,0,2
95.02,-0.1081,83.44,-0.0962,47.75,0,0,0,0
97.67,-0.1924,64.0,0.0997,32.57,0,2,0,2
94.38,0.0074,83.51,0.0529,35.09,0,0,0,0
76.5,0.056,86.75,-0.1407,45.65,2,0,0,2
101.7,-0.5175,92.74,-0.1046,43.06,2,0,0,2
53.83,0.1171,98.41,-0.0837,38.08,3,0,0,3
126.67,-0.1293,129.44,0.0552,43.79,3,3,0,3
90.66,0.0889,85.99,-0.0707,41.34,0,0,0,0
112.1,0.2245,84.8,0.0393,44.76,1,0,0,1
99.06,-0.1452,95.45,-0.0173,41.73,0,0,0,0
58.84,0.8272,54.62,0.0538,79.67,3,3,3,3
78.85,-0.2084,84.88,-0.0841,39.21,2,0,0,2
94.39,-0.0125,89.8,0.1359,42.23,0,0,0,0
114.03,-0.2005,91.62,0.0002,47.96,1,0,0,1
101.44,-0.4339,84.38,0.1241,36.31,2,0,0,2
93.18,0.1242,114.36,0.0826,31.06,0,1,0,1
90.43,0.0087,106.95,0.0704,48.52,0,1,0,1
59.39,0.0086,83.99,-0.2269,38.45,3,0,0,3
86.9,0.3637,84.94,0.0413,37.1,1,0,0,1
87.4,0.217,81.96,0.1241,44.59,0,0,0,0
93.23,-0.1207,88.95,-0.0007,33.26,0,0,0,0
127.5,-0.1522,120.11,-0.1714,52.82,3,3,1,3
89.06,-0.1391,81.73,0.0402,43.35,0,0,0,0
86.58,-0.2267,93.45,0.0362,53.75,0,0,1,1
91.91,0.2332,87.15,-0.0409,79.68,0,0,3,3
88.29,-0.0728,99.31,0.0116,44.46,0,0,0,0
96.45,0.1638,82.34,0.0995,34.41,0,0,0,0
90.07,-0.2144,92.08,0.0644,40.49,0,0,0,0
99.33,0.1818,81.15,-0.0144,45.14,0,0,0,0
93.19,0.007,87.07,0.0008,37.05,0,0,0,0
90.27,-0.1142,83.22,-0.056,31.32,0,0,0,0
93.62,0.1682,90.13,0.0496,58.62,0,0,1,1
89.69,0.2106,87.62,0.0913,74.45,0,0,3,3
103.04,-0.543,91.8,0.0547,35.29,2,0,0,2
93.59,0.6307,85.21,0.0059,48.72,3,0,0,3
63.5,0.6938,43.81,-0.1047,74.74,3,3,3,3
98.82,-0.0392,98.94,0.0184,39.98,0,0,0,0
102.41,0.0145,86.51,0.123,34.75,1,0,0,1
48.07,0.6912,36.1,0.1162,74.36,3,3,3,3
77.18,-0.08,87.16,0.1701,48.26,2,0,0,2
97.57,0.0669,93.04,0.0639,44.75,0,0,0,0
90.64,0.1862,110.67,0.1539,36.81,0,1,0,1
61.77,0.5991,63.18,0.0256,64.32,3,2,1,3
97.21,-0.1554,90.03,0.1839,34.58,0,0,0,0
94.07,-0.6336,85.52,0.0086,42.87,3,0,0,3
88.27,0.1713,95.31,0.0047,40.88,0,0,0,0
77.11,-0.0944,85.56,0.0711,38.02,2,0,0,2
95.04,0.0149,83.22,-0.0354,38.2,0,0,0,0
93.99,-0.2421,101.07,0.0272,38.29,2,1,0,1
98.61,0.2268,86.45,0.1345,46.75,0,0,0,0
89.52,-0.1911,113.17,-0.0052,48.09,0,1,0,1
92.29,-0.0143,81.04,0.0734,49.41,0,0,0,0
86.36,-0.0239,86.87,-0.0442,40.36,0,0,0,0
49.64,0.0371,98.94,0.1768,35.68,3,0,0,3
91.55,0.8727,93.48,0.1245,39.35,3,0,0,3
82.71,0.0458,91.13,-0.0808,42.3,2,0,0,2
86.13,-0.4268,81.09,-0.018,32.59,2,0,0,2
86.93,0.087,87.38,0.0555,21.59,0,0,2,2
90.78,0.151,95.06,-0.0844,35.35,0,0,0,0
93.94,0.0053,94.54,-0.0898,44.01,0,0,0,0
97.33,-0.0969,68.39,-0.094,37.08,0,2,0,2
124.75,-0.182,138.9,-0.1467,44.77,3,3,0,3
61.82,0.6286,46.08,0.0503,68.8,3,3,3,3
92.48,-0.2062,83.05,-0.1247,40.51,0,0,0,0
96.36,0.7753,86.22,0.1764,39.82,3,0,0,3
86.5,-0.1542,109.31,-0.1142,39.35,0,1,0,1
98.09,0.115,93.21,-0.0598,47.09,0,0,0,0
95.04,0.2049,95.91,0.1341,39.46,0,0,0,0
93.69,-0.744,90.49,0.0521,38.58,3,0,0,3
94.52,0.0959,86.56,0.0971,35.41,0,0,0,0
71.11,0.7694,51.3,-0.0525,73.66,3,3,3,3
94.04,-0.1276,91.76,0.2023,56.46,0,0,1,1
83.55,0.7048,78.97,0.0286,33.21,3,2,0,3
86.36,-0.2471,89.32,0.167,53.45,2,0,1,1
95.14,0.2274,87.1,-0.0655,82.02,0,0,3,3
96.18,0.3926,98.69,-0.0162,38.87,1,0,0,1
85.93,-0.2893,98.47,0.0418,45.63,2,0,0,2
95.11,0.037,88.83,0.1579,52.51,0,0,1,1
111.11,0.1628,84.52,-0.1373,46.68,1,0,0,1
91.19,0.0266,83.26,0.0506,39.37,0,0,0,0
87.88,-0.787,78.74,0.0342,43.6,3,2,0,3
91.8,-0.0297,90.87,0.0689,43.29,0,0,0,0
88.62,0.1685,90.64,0.0709,42.34,0,0,0,0
113.1,0.4004,108.77,0.0184,63.25,1,1,1,1
93.42,0.1623,93.99,-0.0175,59.44,0,0,1,1
109.52,-0.1367,92.32,-0.1116,35.81,1,0,0,1
89.55,0.1713,90.71,0.1333,47.73,0,0,0,0
91.98,0.6525,84.57,0.1053,41.92,3,0,0,3
96.75,-0.0703,90.54,-0.0302,44.17,0,0,0,0
76.38,-0.0991,80.46,-0.0719,48.22,2,0,0,2
94.54,-0.3589,87.14,0.1111,36.7,2,0,0,2
97.23,-0.7164,94.91,0.0846,37.03,3,0,0,3
90.77,0.0432,83.29,-0.1536,33.04,0,0,0,0
106.95,-0.1317,95.43,0.126,33.45,1,0,0,1
94.39,-0.477,89.67,0.1578,45.11,2,0,0,2
69.42,-0.0297,79.43,0.2082,36.15,3,3,0,3
87.77,-0.8692,86.58,-0.0186,26.56,3,0,2,3
97.04,0.3327,95.67,-0.0508,34.36,1,0,0,1
99.58,-0.7422,82.57,-0.1009,42.88,3,0,0,3
96.12,-0.0934,94.49,-0.0464,24.94,0,0,2,2
132.43,0.172,136.15,0.137,40.05,3,3,0,3
97.1,-0.0979,86.79,0.0562,40.72,0,0,0,0
103.6,0.2078,110.34,0.1144,60.85,1,1,1,1
94.45,-0.0952,82.78,-0.078,39.83,0,0,0,0
70.84,-0.2475,77.58,0.1578,53.03,2,2,1,2
57.36,-0.1116,85.57,-0.0584,38.5,3,0,0,3
85.1,0.139,87.01,0.0837,49.11,0,0,0,0
98.02,0.4409,95.71,-0.1638,39.53,1,0,0,1
88.65,0.0314,84.53,0.1167,40.12,0,0,0,0
92.37,0.0625,84.32,0.0457,47.86,0,0,0,0
80.48,-0.4787,66.32,-0.0643,30.66,2,2,0,2
107.12,0.4198,111.16,-0.092,57.52,1,1,1,1
110.34,-0.2154,82.31,-0.0715,37.16,1,0,0,1
94.9,-0.2113,85.85,-0.0196,26.47,0,0,2,2
87.68,0.0148,104.16,0.1162,47.54,0,1,0,1
89.73,-0.0612,89.64,-0.0417,42.35,0,0,0,0
67.19,-0.1508,94.59,-0.0273,49.6,3,0,0,3
99.41,0.2686,98.54,-0.1068,41.58,1,0,0,1
92.44,-0.2462,88.27,-0.0216,41.36,2,0,0,2
66.36,-0.0311,93.82,0.103,35.28,3,0,0,3
128.27,0.2287,132.08,0.1941,41.52,3,3,0,3
74.92,0.0306,92.58,0.103,40.76,2,0,0,2
62.09,0.1428,86.11,-0.0964,44.29,3,0,0,3
129.81,0.2144,140.34,0.0061,36.86,3,3,0,3
85.76,0.1191,88.9,-0.1484,40.99,0,0,0,0
97.53,-0.6579,90.3,0.1643,29.78,3,0,3,3
89.62,0.3024,97.32,0.0443,43.38,1,0,0,1
113.24,-0.0677,95.94,-0.0602,49.98,1,0,0,1
90.7,0.1378,96.05,-0.1032,35.03,0,0,0,0
101.71,0.1064,91.63,0.0064,41.36,1,0,0,1
98.52,-0.0131,88.73,-0.0823,46.12,0,0,0,0
53.06,0.7809,43.37,0.1605,81.93,3,3,3,3
71.14,-0.2464,89.45,-0.0289,48.52,2,0,0,2
88.08,-0.1221,82.96,-0.0818,39.57,0,0,0,0
71.82,0.0985,98.43,-0.0639,33.74,2,0,0,2
89.38,0.0713,112.67,-0.0138,35.68,0,1,0,1
96.31,0.4205,86.41,0.041,35.2,1,0,0,1
60.36,-0.1305,85.43,0.1805,42.36,3,0,0,3
79.71,-0.2652,64.32,-0.1283,18.55,2,2,2,2
95.06,0.0762,84.3,-0.0993,33.67,0,0,0,0
82.01,0.2066,91.19,0.1228,39.92,2,0,0,2
91.98,-0.3107,92.43,0.068,32.93,2,0,0,2
98.2,0.1652,82.15,-0.0913,38.39,0,0,0,0
90.13,-0.2239,92.94,-0.0882,62.07,0,0,1,1
95.22,-0.4455,85.79,0.0601,30.67,2,0,0,2
98.31,-0.5483,86.44,-0.0919,44.64,2,0,0,2
98.69,0.13,94.92,0.0882,26.5,0,0,2,2
97.84,0.199,86.94,0.0197,58.41,0,0,1,1
45.33,-0.1448,85.01,0.0216,38.72,3,0,0,3
90.13,-0.8098,91.33,0.0744,37.2,3,0,0,3
98.28,0.1001,92.14,0.1375,37.21,0,0,0,0
95.18,-0.149,89.1,-0.0158,75.43,0,0,3,3
91.46,-0.7173,82.48,-0.1656,33.73,3,0,0,3
93.76,-0.0105,83.59,0.1038,34.48,0,0,0,0
95.41,-0.1533,68.25,-0.0805,35.76,0,2,0,2
99.52,0.1732,88.48,-0.0844,17.05,0,0,2,2
85.01,0.2091,93.3,-0.0183,85.02,0,0,3,3
101.24,-0.1678,105.7,0.1747,45.12,1,1,0,1
128.01,-0.1563,135.05,-0.0829,46.21,3,3,0,3
85.35,0.0493,86.93,0.1176,58.2,0,0,1,1
89.81,-0.6113,85.03,-0.0727,45.27,3,0,0,3
98.08,0.1838,104.15,0.112,48.24,0,1,0,1
91.75,-0.0171,94.03,-0.2406,17.15,0,0,2,2
89.46,0.0782,96.7,0.0067,32.01,0,0,0,0
74.41,0.0564,97.19,-0.0107,27.13,2,0,2,2
84.51,-0.6924,95.32,-0.1571,30.93,3,0,0,3
92.07,-0.8475,97.59,-0.1018,40.53,3,0,0,3
96.8,0.5359,81.95,-0.1475,34.71,1,0,0,1
84.63,-0.6472,86.59,-0.0106,30.37,3,0,0,3
110.93,0.095,93.27,0.2193,44.62,1,0,0,1
105.03,0.0968,84.99,-0.2002,40.95,1,0,0,1
98.34,0.1246,84.62,-0.1504,44.44,0,0,0,0
89.76,-0.7891,85.35,0.0515,37.08,3,0,0,3
96.63,-0.0239,77.56,-0.1222,54.81,0,2,1,1
92.26,-0.4127,88.93,-0.0887,44.2,2,0,0,2
94.14,-0.0527,110.2,-0.0154,48.17,0,1,0,1
84.38,-0.3635,76.15,-0.0027,24.77,2,2,2,2
88.62,0.0146,82.51,0.196,31.74,0,0,0,0
71.7,-0.1733,84.26,0.0373,45.88,2,0,0,2
47.84,-0.0949,96.21,0.1043,48.45,3,0,0,3
94.36,-0.0783,98.7,-0.1834,44.87,0,0,0,0
103.14,0.4101,101.03,-0.0779,52.64,1,1,1,1
92.2,0.0286,90.05,-0.1267,35.23,0,0,0,0
89.37,-0.4074,91.73,0.0369,40.23,2,0,0,2
101.35,-0.523,95.38,0.1103,45.33,2,0,0,2
120.32,-0.2241,131.25,0.1825,48.34,3,3,0,3
94.89,0.7997,80.18,-0.0787,51.96,3,0,1,3
45.61,0.1925,96.25,0.0662,34.82,3,0,0,3
87.09,-0.0684,94.49,-0.0427,40.94,0,0,0,0
98.69,-0.116,92.88,-0.1293,58.91,0,0,1,1
97.23,-0.0112,88.24,0.0571,48.39,0,0,0,0
86.24,-0.4337,84.46,0.0477,44.35,2,0,0,2
96.12,0.3067,82.42,-0.0206,37.91,1,0,0,1
96.31,-0.1226,80.61,0.0406,36.95,0,0,0,0
141.18,-0.0933,128.63,0.1104,38.77,3,3,0,3
98.96,0.1682,83.6,0.0251,76.79,0,0,3,3
112.74,-0.2335,86.75,0.0195,37.93,1,0,0,1
96.43,0.0293,110.07,-0.0807,43.45,0,1,0,1
101.06,-0.5414,90.17,-0.1134,36.56,2,0,0,2
89.92,0.2999,84.37,-0.0295,37.1,1,0,0,1
88.98,-0.0683,109.72,0.1869,35.45,0,1,0,1
85.85,-0.4428,98.43,-0.0761,43.93,2,0,0,2
91.45,-0.0083,93.76,-0.0581,37.86,0,0,0,0
71.69,-0.1291,85.8,0.2054,45.84,2,0,0,2
95.02,0.1091,88.89,-0.0405,46.03,0,0,0,0
95.31,-0.4818,88.21,0.1065,49.31,2,0,0,2
89.87,0.0036,97.48,0.0813,37.95,0,0,0,0
96.61,-0.1421,82.06,0.0035,46.73,0,0,0,0
87.78,0.1576,84.14,0.0563,35.59,0,0,0,0
83.86,-0.1864,87.95,0.0066,25.03,2,0,2,2
89.01,-0.665,103.34,-0.1055,30.3,3,1,0,3
100.87,-0.1742,80.22,0.0769,77.18,3,0,3,3
87.95,-0.0345,93.46,-0.0966,43.11,0,0,0,0
89.04,-0.2144,81.14,-0.0728,64.03,0,0,1,1
81.69,-0.2512,84.96,0.1717,79.05,2,0,3,3
94.12,-0.1518,104.34,0.0416,36.48,0,1,0,1
99.73,0.1244,71.31,0.0272,35.68,0,2,0,2
50.69,-0.3069,100.43,0.082,35.72,2,3,0,3
86.34,-0.0855,98.3,-0.0522,46.89,0,0,0,0
94.19,-0.2479,87.67,-0.0478,32.64,2,0,0,2
89.9,0.2441,95.7,-0.0477,54.01,1,0,1,1
66.45,-0.0027,82.99,0.0071,44.85,3,0,0,3
92.73,-0.0519,80.74,0.1077,48.02,0,0,0,0
90.05,-0.0693,83.43,0.1159,79.84,0,0,3,3
91.69,-0.0364,90.83,-0.1211,44.19,0,0,0,0
98.66,-0.0782,92.63,0.1638,40.54,0,0,0,0
85.27,0.2146,83.22,-0.0792,38.56,0,0,0,0
98.84,-0.1785,99.03,0.0412,43.32,0,0,0,0
82.4,-0.1417,95.66,-0.0179,41.96,2,0,0,2
90.17,0.219,96.14,-0.0783,46.8,0,0,0,0
94.58,-0.1501,64.59,-0.0694,32.54,0,2,0,2
94.63,-0.2535,92.63,-0.1875,38.22,2,0,0,2
85.94,0.3409,88.06,0.1188,33.8,1,0,0,1
95.52,0.3719,93.51,-0.1353,48.05,1,0,0,1
108.09,0.4267,105.01,0.0911,55.33,1,1,1,1
97.02,-0.1191,78.69,0.1367,52.24,0,2,1,1
126.26,-0.2403,133.95,0.0797,45.26,2,3,0,3
92.74,0.0434,81.47,-0.1523,75.83,0,0,3,3
96.02,-0.2631,94.38,0.0397,37.76,2,0,0,2
96.41,0.0041,81.14,-0.0734,45.78,0,0,0,0
111.47,-0.1118,89.51,0.0924,44.15,1,0,0,1
95.94,0.003,81.91,-0.0483,17.59,0,0,2,2
81.63,-0.2404,69.35,-0.0343,23.02,2,2,2,2
80.74,0.0928,90.49,-0.0644,45.03,2,0,0,2
101.61,0.0466,91.87,-0.0901,38.46,1,0,0,1
94.42,0.2337,95.13,-0.134,57.69,0,0,1,1
89.69,-0.1804,112.15,0.1919,43.04,0,1,0,1
76.37,-0.138,95.32,0.0283,41.71,2,0,0,2
90.69,-0.6502,78.5,-0.1642,34.49,3,2,0,3
117.3,-0.1788,116.08,0.1685,40.82,3,3,0,3
62.01,0.734,59.04,0.0236,70.74,3,3,3,3
55.6,0.6547,40.94,-0.1224,75.97,3,3,3,3
88.65,-0.2307,91.84,0.1623,44.09,0,0,0,0
89.43,0.1101,88.15,0.0529,39.66,0,0,0,0
95.57,0.1132,107.31,-0.0243,44.0,0,1,0,1
92.72,0.1772,87.3,-0.1433,41.52,0,0,0,0
89.08,-0.6413,87.38,0.1019,50.71,3,0,3,3
92.09,-0.2006,84.04,-0.0521,39.31,0,0,0,0
52.75,-0.0322,84.64,0.0943,40.11,3,0,0,3
94.36,0.0624,89.33,-0.1016,42.73,0,0,0,0
93.38,0.2614,80.34,-0.0625,53.55,1,0,1,1
94.37,0.4384,80.71,-0.1319,36.63,1,0,0,1
88.02,-0.3625,81.89,0.0265,39.66,2,0,0,2
92.72,0.0372,98.99,-0.1031,36.04,0,0,0,0
91.56,-0.0751,90.8,-0.0289,36.37,0,0,0,0
84.87,0.3899,81.29,-0.0703,40.36,1,0,0,1
84.14,0.4472,88.08,-0.0454,46.02,1,0,0,1
141.09,0.115,130.26,-0.0781,41.09,3,3,0,3
99.37,-0.4848,92.34,0.1778,39.44,2,0,0,2
93.12,-0.0132,91.56,0.192,17.34,0,0,2,2
94.96,-0.6784,88.11,0.1327,41.3,3,0,0,3
95.93,0.1822,86.06,-0.0524,46.7,0,0,0,0
94.87,0.0153,94.03,0.0307,43.82,0,0,0,0
95.19,-0.1522,106.16,-0.1581,30.13,0,1,0,1
92.59,0.4066,95.03,0.0561,38.28,1,0,0,1
91.51,0.2143,84.69,0.0916,40.91,0,0,0,0
55.04,-0.0755,92.47,0.0459,39.94,3,0,0,3
91.13,0.0011,95.54,-0.1259,47.08,0,0,0,0
58.12,0.1509,85.52,-0.1123,47.4,3,0,0,3
71.96,-0.4672,70.21,0.1571,22.69,2,2,2,2
87.4,-0.4803,98.95,0.0647,37.27,2,0,0,2
79.9,-0.4634,67.94,-0.0779,18.43,2,2,2,2
97.76,-0.9013,85.77,0.1832,47.86,3,0,0,3
126.58,0.0789,119.5,-0.1021,44.07,3,3,0,3
81.24,0.023,86.17,0.0783,43.28,2,0,0,2
51.27,0.8696,56.28,-0.0537,59.3,3,3,1,3
93.81,0.1422,67.11,0.1342,46.73,0,2,0,2
80.99,-0.2766,93.08,-0.1013,45.06,2,0,0,2
89.28,0.1097,96.94,0.0544,31.83,0,0,0,0
107.99,0.1975,83.14,0.0043,43.91,1,0,0,1
109.94,0.1375,96.32,-0.0792,35.0,1,0,0,1
96.64,0.0803,91.09,-0.0474,32.45,0,0,0,0
98.62,0.0318,89.04,0.1335,31.66,0,0,0,0
90.34,-0.237,88.61,0.1228,48.76,0,0,0,0
77.8,-0.4816,70.5,-0.0838,23.99,2,2,2,2
93.55,-0.678,93.74,-0.1119,46.94,3,0,0,3
94.17,-0.2144,91.53,0.2089,45.54,0,0,0,0
93.05,-0.0021,91.45,0.0258,37.33,0,0,0,0
99.05,0.1125,96.34,0.0956,41.71,0,0,0,0
91.71,0.0553,80.26,0.057,31.87,0,0,0,0
92.47,-0.0784,78.62,0.066,47.14,0,2,0,2
97.13,0.1122,93.46,-0.0536,45.47,0,0,0,0
90.16,-0.0341,86.34,-0.1305,30.59,0,0,0,0
93.22,-0.2295,86.3,-0.0233,31.64,0,0,0,0
107.23,0.1575,83.24,0.1166,40.22,1,0,0,1
77.27,0.1723,90.23,0.0967,42.37,2,0,0,2
85.28,0.8825,92.14,0.0013,50.07,3,0,3,3
87.32,0.2962,106.54,0.0349,30.83,1,1,0,1
93.66,0.4261,83.11,0.0843,31.81,1,0,0,1
97.97,-0.0578,95.89,0.0408,36.35,0,0,0,0
74.09,-0.2094,85.07,-0.0773,48.22,2,0,0,2
87.27,-0.1744,62.1,-0.0613,43.77,0,2,0,2
93.92,0.1402,93.79,0.0854,75.53,0,0,3,3
103.38,-0.0146,88.4,0.1134,48.84,1,0,0,1
90.86,0.0532,85.2,0.0599,42.79,0,0,0,0
90.44,0.4988,85.83,0.1187,43.31,1,0,0,1
76.12,-0.3205,85.52,0.07,44.65,2,0,0,2
94.78,0.208,92.25,-0.0582,41.93,0,0,0,0
47.88,-0.0635,81.26,-0.1422,32.15,3,0,0,3
89.2,0.7761,96.51,-0.1789,40.71,3,0,0,3
84.79,-0.5395,84.35,0.1478,47.9,2,0,0,2
70.49,0.1623,96.77,0.0575,35.8,2,0,0,2
113.29,0.4449,112.02,0.0777,61.78,1,1,1,1
99.3,-0.4248,87.8,0.0599,33.47,2,0,0,2
109.33,-0.0776,93.04,0.0826,31.4,1,0,0,1
91.9,-0.8256,86.41,0.0413,42.91,3,0,0,3
96.39,0.0212,90.91,0.0469,70.6,0,0,3,3
89.45,-0.1943,61.28,0.0369,45.26,0,2,0,2
99.14,-0.0436,91.92,0.0968,36.87,0,0,0,0
43.4,0.098,97.75,-0.1047,34.52,3,0,0,3
49.66,0.0454,99.97,0.1062,47.63,3,0,0,3
91.1,0.5354,101.25,0.1204,40.18,1,1,0,1
57.63,0.6852,41.15,-0.0495,82.43,3,3,3,3
89.22,-0.3339,84.54,-0.1771,37.14,2,0,0,2
98.75,0.5887,89.32,0.1079,40.07,3,0,0,3
85.51,-0.0585,86.36,-0.0448,31.22,0,0,0,0
86.48,-0.3156,75.19,-0.0586,34.57,2,2,0,2
93.93,-0.2163,93.88,0.0517,38.63,0,0,0,0
94.18,0.157,85.35,-0.197,16.09,0,0,2,2
54.6,-0.1134,97.09,0.0539,42.67,3,0,0,3
94.23,0.1803,89.11,-0.0097,48.14,0,0,0,0
88.4,-0.1302,82.76,-0.0492,40.76,0,0,0,0
110.07,0.2064,88.49,-0.0703,27.76,1,0,2,1
109.74,0.1607,94.49,-0.0352,27.75,1,0,2,1
85.63,-0.4086,96.77,0.0605,33.46,2,0,0,2
79.4,-0.2618,64.66,-0.0172,24.15,2,2,2,2
97.03,-0.3603,89.09,0.1129,39.45,2,0,0,2
102.25,-0.3719,83.45,0.0095,41.62,2,0,0,2
96.7,-0.3312,99.86,-0.2221,44.72,2,0,0,2
108.79,0.4575,101.29,-0.063,58.6,1,1,1,1
92.58,-0.121,95.3,-0.0849,42.47,0,0,0,0
138.89,0.2393,121.03,0.0052,31.48,3,3,0,3
95.27,0.1921,84.28,0.1118,59.1,0,0,1,1
94.45,0.2967,97.53,0.1127,63.7,1,0,1,1
88.83,0.3352,94.92,-0.0932,37.2,1,0,0,1
98.31,-0.6107,84.12,-0.0346,32.46,3,0,0,3
99.35,-0.0343,87.51,-0.0545,39.18,0,0,0,0
74.88,0.0784,98.18,-0.1037,30.83,2,0,0,2
80.62,-0.4178,67.33,0.0895,16.8,2,2,2,2
95.83,-0.321,75.86,-0.0378,37.54,2,2,0,2
90.67,-0.1203,82.88,-0.1361,52.78,0,0,1,1
60.29,0.2108,94.92,0.2015,33.56,3,0,0,3
140.0,0.0416,130.06,0.049,48.09,3,3,0,3
89.53,0.6407,92.46,0.0234,41.71,3,0,0,3
92.27,0.4376,82.21,0.1973,35.84,1,0,0,1
90.45,-0.0424,74.06,0.0599,40.83,0,2,0,2
98.1,-0.2015,87.89,0.1606,49.03,0,0,0,0
85.99,-0.0495,98.62,-0.1147,55.21,0,0,1,1
98.7,0.7378,90.04,-0.1477,37.62,3,0,0,3
104.82,0.3892,108.22,-0.0467,56.13,1,1,1,1
96.25,-0.1806,97.64,0.1629,44.5,0,0,0,0
98.24,-0.5151,88.5,0.0154,40.66,2,0,0,2
81.73,0.0877,92.28,-0.0372,28.53,2,0,2,2
94.34,0.0309,89.55,0.1312,71.2,0,0,3,3
99.48,0.9632,91.51,0.1147,29.34,3,0,3,3
80.43,0.1052,99.85,-0.0274,48.17,2,0,0,2
88.84,0.0912,81.56,0.0902,45.82,0,0,0,0
46.19,0.0255,87.41,0.2067,39.19,3,0,0,3
97.35,-0.0108,85.77,0.048,28.26,0,0,2,2
85.41,-0.0866,95.81,0.0815,31.46,0,0,0,0
110.41,0.0179,90.04,0.0772,34.71,1,0,0,1
86.51,0.6053,84.72,0.0086,45.2,3,0,0,3
78.7,-0.0753,97.48,-0.0722,33.76,2,0,0,2
107.37,0.4696,108.2,0.1081,61.02,1,1,1,1
112.63,-0.0736,92.49,-0.0925,34.3,1,0,0,1
93.75,-0.2092,95.57,-0.1462,35.81,0,0,0,0
92.8,-0.3093,84.7,0.0885,33.75,2,0,0,2
115.3,0.273,109.08,0.0031,54.47,1,1,1,1
92.28,-0.4479,96.58,0.1029,39.7,2,0,0,2
95.39,0.2168,99.97,-0.0281,39.12,0,0,0,0
86.72,0.2009,91.9,-0.1078,75.51,0,0,3,3
85.14,-0.7044,80.97,0.059,42.08,3,0,0,3
97.14,0.117,88.62,0.0143,30.92,0,0,0,0
90.88,-0.0797,102.13,-0.0369,40.38,0,1,0,1
89.96,-0.1341,96.63,0.0101,31.93,0,0,0,0
125.87,-0.1114,131.53,0.2039,29.94,3,3,3,3
91.77,0.4633,84.98,0.11,35.44,1,0,0,1
86.76,-0.2016,83.43,0.0616,48.48,0,0,0,0
57.78,0.7053,39.65,0.0339,75.56,3,3,3,3
115.51,0.4437,104.92,-0.0922,57.3,1,1,1,1
98.17,-0.0062,90.45,0.126,38.21,0,0,0,0
91.41,-0.0631,81.02,0.1072,46.6,0,0,0,0
50.63,0.1514,77.42,0.1215,33.26,3,2,0,3
89.53,-0.5659,86.6,0.0572,42.43,3,0,0,3
88.62,-0.2517,98.81,-0.0106,16.67,2,0,2,2
86.02,-0.0304,87.58,0.0789,31.43,0,0,0,0
88.25,0.0427,90.93,-0.1481,43.24,0,0,0,0
113.25,0.2189,83.06,0.0377,41.36,1,0,0,1
104.03,-0.3565,87.03,-0.1178,32.23,2,0,0,2
94.03,-0.1356,83.99,0.1417,62.29,0,0,1,1
53.32,0.7607,51.93,0.0333,77.9,3,3,3,3
95.49,-0.3743,82.77,-0.0159,47.39,2,0,0,2
85.1,-0.0523,83.79,-0.0662,48.08,0,0,0,0
98.97,-0.0635,89.82,-0.075,26.96,0,0,2,2
95.47,0.2767,101.33,-0.0967,27.64,1,1,2,1
91.43,-0.2071,62.22,-0.0903,44.43,0,2,0,2
97.88,0.0655,92.77,-0.113,47.63,0,0,0,0
58.15,0.1646,90.41,-0.0718,31.93,3,0,0,3
98.8,0.197,92.11,0.1057,46.81,0,0,0,0
84.7,0.1524,80.66,-0.0364,67.15,3,0,3,3
97.98,0.0334,107.88,0.0937,46.71,0,1,0,1
90.17,0.0742,75.81,-0.078,81.16,0,2,3,3
96.45,-0.1418,86.96,-0.0461,33.22,0,0,0,0
49.9,-0.1728,93.89,0.0141,40.8,3,0,0,3
68.44,-0.3435,60.82,0.1863,22.14,2,2,2,2
88.27,-0.0616,107.78,0.2077,30.43,0,1,0,1
83.94,-0.428,91.43,0.0686,47.46,2,0,0,2
90.95,0.2235,74.32,-0.0857,41.71,0,2,0,2
86.61,-0.2666,89.23,-0.0328,84.48,2,0,3,3
99.18,-0.2806,106.99,-0.1751,32.93,2,1,0,1
87.77,0.0749,64.5,-0.0438,42.89,0,2,0,2
95.5,-0.009,89.37,-0.2419,35.77,0,0,0,0
72.98,0.1702,91.34,-0.1201,47.86,2,0,0,2
93.54,0.3537,88.09,-0.0735,49.91,1,0,0,1
86.54,0.1751,91.45,-0.0863,25.44,0,0,2,2
92.95,0.1391,94.69,0.0583,33.27,0,0,0,0
94.66,0.1169,80.96,-0.0859,43.09,0,0,0,0
92.45,0.0002,96.99,0.1034,41.63,0,0,0,0
101.48,0.0061,96.49,-0.1948,37.18,1,0,0,1
112.84,0.0404,90.38,-0.0272,42.03,1,0,0,1
89.3,-0.1825,87.43,0.0407,74.02,0,0,3,3
89.97,-0.0835,80.71,-0.1832,37.44,0,0,0,0
88.28,-0.0401,91.57,0.1483,36.85,0,0,0,0
76.6,-0.0586,85.74,-0.1604,40.0,2,0,0,2
86.38,0.2869,87.96,0.079,43.66,1,0,0,1
77.96,-0.39,73.46,-0.0486,28.28,2,2,2,2
103.29,0.2596,95.51,-0.0216,39.02,1,0,0,1
94.0,0.1889,87.17,0.0626,34.21,0,0,0,0
92.54,-0.1576,91.18,0.1142,43.72,0,0,0,0
80.14,-0.1704,89.27,-0.1197,33.22,2,0,0,2
106.92,-0.0892,83.92,0.0695,42.17,1,0,0,1
98.93,0.0128,90.94,-0.171,41.91,0,0,0,0
103.02,0.1706,91.37,0.0152,35.73,1,0,0,1
110.23,0.2713,87.74,0.1288,32.84,1,0,0,1
89.07,0.0228,101.7,-0.0087,39.38,0,1,0,1
92.24,0.2429,78.8,-0.0579,40.28,1,2,0,1
94.03,-0.1409,82.94,0.1574,31.34,0,0,0,0
72.57,-0.3474,81.99,0.0364,26.9,2,0,2,2
91.36,-0.6745,91.6,0.0617,43.87,3,0,0,3
90.34,0.0453,92.98,0.1594,30.94,0,0,0,0
96.26,0.9032,97.4,-0.1328,50.49,3,0,3,3
115.46,0.5269,102.93,0.0813,59.19,1,1,1,1
92.2,0.3814,87.8,0.0007,31.95,1,0,0,1
93.8,-0.1469,111.8,-0.1515,43.71,0,1,0,1
81.42,-0.0142,95.12,-0.1357,46.53,2,0,0,2
76.92,-0.5008,80.38,0.0003,17.31,2,0,2,2
72.11,0.1057,94.79,-0.0489,38.23,2,0,0,2
96.31,-0.226,89.76,-0.1575,38.96,0,0,0,0
88.04,0.3951,99.38,0.1516,33.8,1,0,0,1
59.71,0.5687,37.91,-0.0168,67.26,3,3,3,3
90.01,-0.0462,81.8,0.1114,35.48,0,0,0,0
93.89,0.0184,95.71,-0.0026,42.28,0,0,0,0
91.59,-0.0747,87.58,-0.1079,38.44,0,0,0,0
95.99,0.0627,85.99,-0.1178,41.59,0,0,0,0
135.02,-0.1544,118.57,-0.0153,43.53,3,3,0,3
99.1,-0.1658,87.36,-0.0999,45.29,0,0,0,0
137.09,0.0369,132.46,-0.0606,28.53,3,3,2,3
89.2,0.1419,96.07,-0.1427,41.06,0,0,0,0
98.18,0.6043,92.19,-0.0908,35.29,3,0,0,3
88.02,0.508,87.84,-0.0134,30.75,1,0,0,1
90.46,-0.0915,90.52,0.1165,46.61,0,0,0,0
94.02,-0.0692,97.79,0.1603,58.47,0,0,1,1
89.61,0.1649,92.15,-0.0141,48.41,0,0,0,0
93.69,0.0376,108.06,0.1514,46.13,0,1,0,1
50.52,-0.1773,96.06,-0.0654,39.12,3,0,0,3
95.35,-0.0107,89.05,-0.1475,24.69,0,0,2,2
109.1,-0.1205,86.54,-0.0908,42.87,1,0,0,1
74.16,-0.1738,98.97,0.0636,42.39,2,0,0,2
93.77,0.1559,98.96,0.1865,41.77,0,0,0,0
95.92,-0.5294,87.6,-0.1182,45.91,2,0,0,2
91.23,0.0213,85.93,-0.0148,32.74,0,0,0,0
87.55,0.0605,82.65,-0.0017,45.85,0,0,0,0
79.53,-0.049,89.71,0.1079,33.66,2,0,0,2
92.54,-0.0179,93.63,0.0334,32.25,0,0,0,0
92.96,-0.1734,86.22,0.0953,35.91,0,0,0,0
96.17,-0.7861,101.6,0.0061,47.87,3,1,0,3
97.41,0.0173,86.1,-0.0139,47.68,0,0,0,0
94.3,0.1622,86.24,0.0746,31.23,0,0,0,0
88.7,0.8493,95.75,-0.2062,34.77,3,0,0,3
95.98,-0.0277,96.75,-0.0166,16.41,0,0,2,2
79.7,0.0506,87.03,0.1213,36.73,2,0,0,2
81.06,-0.2369,81.88,0.0874,49.5,2,0,0,2
140.51,-0.0395,117.19,0.1273,32.62,3,3,0,3
96.98,0.2513,100.06,0.1355,79.3,1,3,3,3
104.82,-0.3364,88.16,-0.0717,38.98,2,0,0,2
90.89,0.0869,84.14,-0.2332,19.96,0,0,2,2
105.78,-0.2364,82.49,0.0852,38.69,1,0,0,1
108.86,0.0461,91.29,0.1889,35.25,1,0,0,1
95.97,0.1556,94.88,-0.0983,43.09,0,0,0,0
46.7,0.5976,56.72,-0.0352,82.71,3,3,3,3
82.86,0.4865,88.62,-0.102,36.85,1,0,0,1
87.71,0.103,98.43,0.0034,34.49,0,0,0,0
90.04,-0.1343,71.51,-0.1007,43.05,0,2,0,2
91.02,0.095,87.52,-0.0904,37.17,0,0,0,0
86.97,0.1527,64.49,-0.0629,38.29,0,2,0,2
92.98,-0.1672,67.45,-0.0406,48.3,0,2,0,2
99.99,-0.3016,99.4,0.1811,38.22,2,0,0,2
46.34,0.7876,52.8,0.0312,76.67,3,3,3,3
87.93,0.0609,94.25,0.1835,41.44,0,0,0,0
98.93,0.0333,87.68,-0.0495,39.17,0,0,0,0
86.77,0.3829,81.42,0.1137,41.69,1,0,0,1
88.6,-0.4357,93.62,0.0399,47.46,2,0,0,2
93.4,0.8862,78.75,0.1067,36.17,3,2,0,3
94.4,0.3429,84.27,-0.1455,40.16,1,0,0,1
54.74,0.2098,83.38,0.0999,32.36,3,0,0,3
85.81,0.3175,98.0,0.0039,56.11,1,0,1,1
94.85,0.4436,93.22,-0.1329,49.92,1,0,0,1
94.85,0.1999,81.9,0.0586,47.46,0,0,0,0
112.09,-0.0426,97.2,0.1219,52.13,1,0,1,1
91.89,0.3006,101.05,-0.0218,42.31,1,1,0,1
55.53,0.8483,36.24,0.0334,79.64,3,3,3,3
89.66,0.2019,95.27,0.1559,46.68,0,0,0,0
106.97,0.4551,113.87,-0.0079,56.95,1,1,1,1
96.87,-0.0862,98.14,-0.1219,38.25,0,0,0,0
87.48,0.1861,94.76,-0.1401,66.84,0,0,3,3
84.03,-0.3921,83.6,0.0573,32.93,2,0,0,2
87.96,-0.1118,90.28,0.1154,35.8,0,0,0,0
43.98,0.7525,50.56,0.0015,68.06,3,3,3,3
88.13,-0.201,95.82,-0.013,36.94,0,0,0,0
62.26,0.6634,49.67,-0.1545,73.52,3,3,3,3
96.05,-0.2071,88.34,-0.1423,41.94,0,0,0,0
58.06,0.0377,81.66,0.0649,45.57,3,0,0,3
92.29,0.02,81.38,0.0667,44.67,0,0,0,0
76.26,-0.31,62.83,0.0148,27.27,2,2,2,2
60.86,0.0461,82.63,-0.0265,42.95,3,0,0,3
107.88,-0.0559,81.55,0.0097,49.07,1,0,0,1
109.8,-0.045,91.46,-0.1366,36.06,1,0,0,1
112.69,-0.0356,94.02,-0.0315,46.18,1,0,0,1
88.89,0.076,92.8,0.09,31.9,0,0,0,0
86.71,-0.2465,86.67,0.0606,28.32,2,0,2,2
96.84,0.0167,88.35,-0.0551,59.02,0,0,1,1
98.18,-0.2349,71.08,-0.0126,32.63,0,2,0,2
108.15,0.0035,80.03,-0.006,38.41,1,0,0,1
93.13,0.1605,92.76,0.1181,85.25,0,0,3,3
89.63,0.1187,82.05,-0.0678,71.56,0,0,3,3
80.79,-0.2462,96.27,-0.0707,31.47,2,0,0,2
93.83,0.0194,98.09,-0.0551,20.48,0,0,2,2
102.36,0.3396,108.97,0.0025,54.93,1,1,1,1
59.35,0.0228,84.59,0.0292,47.0,3,0,0,3
93.41,0.0566,95.32,-0.0271,32.57,0,0,0,0
98.94,-0.0946,91.88,0.0331,30.19,0,0,0,0
53.62,0.6414,51.01,0.0502,79.53,3,3,3,3
94.97,-0.1832,86.18,-0.0572,33.12,0,0,0,0
102.63,0.0897,83.35,0.0512,35.47,1,0,0,1
94.7,-0.0709,97.48,-0.1307,31.41,0,0,0,0
85.56,-0.4927,78.59,0.0864,32.22,2,2,0,2
86.61,-0.0979,95.9,-0.0358,39.77,0,0,0,0
104.44,0.3917,104.39,-0.0091,53.31,1,1,1,1
85.15,0.0148,88.69,-0.0765,49.03,0,0,0,0
88.21,0.1505,89.21,0.0921,22.15,0,0,2,2
94.63,0.4972,98.81,0.0095,31.97,1,0,0,1
89.63,0.2376,92.62,0.1562,41.38,0,0,0,0
109.54,0.1931,89.19,-0.0938,52.09,1,0,1,1
87.21,-0.017,90.91,0.0091,37.05,0,0,0,0
105.87,-0.0801,83.76,0.0768,37.58,1,0,0,1
87.72,-0.8958,88.34,-0.0163,31.22,3,0,0,3
86.36,0.478,99.32,-0.0706,36.48,1,0,0,1
55.99,-0.1103,97.78,-0.0902,44.32,3,0,0,3
92.74,0.5584,88.61,0.0609,48.96,3,0,0,3
98.79,-0.0509,75.48,0.0999,32.15,0,2,0,2
91.45,0.1671,92.86,-0.064,72.46,0,0,3,3
90.18,-0.728,100.62,0.0273,52.46,3,3,1,3
106.71,0.3655,113.67,-0.1209,62.97,1,1,1,1
87.63,-0.1956,99.6,-0.1363,30.78,0,0,0,0
87.41,-0.0309,63.54,0.0812,44.74,0,2,0,2
88.82,0.6839,95.47,0.0549,48.09,3,0,0,3
44.51,0.6232,58.4,0.0733,66.27,3,3,3,3
91.1,-0.0078,91.1,0.098,39.15,0,0,0,0
91.24,-0.099,93.36,0.0469,45.42,0,0,0,0
92.71,0.4031,84.85,0.0299,46.52,1,0,0,1
107.44,0.2744,113.33,0.0036,53.9,1,1,1,1
86.29,0.0581,91.56,-0.0699,24.42,0,0,2,2
93.07,0.177,102.04,0.0093,36.77,0,1,0,1
48.06,0.6316,50.85,-0.1928,82.42,3,3,3,3
71.81,-0.4087,65.95,0.0937,18.83,2,2,2,2
54.26,-0.1121,98.58,-0.1597,35.7,3,0,0,3
123.06,0.1854,146.46,-0.145,37.45,3,3,0,3
122.02,0.2784,134.59,0.1878,47.41,1,3,0,3
94.47,0.2473,82.02,-0.0579,32.56,1,0,0,1
91.59,0.0759,87.3,-0.05,30.6,0,0,0,0
98.74,0.2675,92.42,0.0536,33.39,1,0,0,1
95.52,-0.1573,94.89,0.0989,24.57,0,0,2,2
109.08,0.3362,107.69,-0.1681,57.05,1,1,1,1
94.71,0.1704,80.97,-0.0905,52.85,0,0,1,1
87.06,0.0727,87.73,0.0385,38.49,0,0,0,0
89.46,-0.2265,93.71,-0.0509,49.06,0,0,0,0
93.12,-0.2403,89.3,0.0613,44.66,2,0,0,2
87.41,0.1051,102.3,-0.0857,48.01,0,1,0,1
81.53,0.019,99.78,0.0327,44.77,2,0,0,2
65.52,0.6688,51.76,-0.0733,70.9,3,3,3,3
130.65,0.1423,117.17,-0.0374,47.47,3,3,0,3
92.74,0.1572,85.73,-0.055,45.35,0,0,0,0
94.76,0.0401,85.5,0.0448,33.65,0,0,0,0
93.05,0.224,96.29,0.0547,20.36,0,0,2,2
99.4,0.1618,93.28,-0.0817,39.03,0,0,0,0
89.14,0.0205,94.23,-0.045,40.0,0,0,0,0
85.35,0.0518,90.37,0.1116,18.87,0,0,2,2
96.31,0.1784,95.01,-0.1133,41.72,0,0,0,0
88.06,-0.1913,86.77,-0.0322,46.18,0,0,0,0
89.06,0.0757,60.52,-0.0993,43.44,0,2,0,2
87.11,0.0753,81.97,-0.0666,35.26,0,0,0,0
98.6,0.0655,93.9,-0.1006,19.34,0,0,2,2
96.15,-0.4394,90.0,-0.0421,44.74,2,0,0,2
91.97,0.1767,87.5,0.0326,38.48,0,0,0,0
90.11,-0.1987,106.82,-0.0651,40.98,0,1,0,1
96.07,-0.1493,81.99,0.0293,44.06,0,0,0,0
97.34,-0.3491,84.79,0.1131,33.37,2,0,0,2
95.54,-0.1379,87.82,0.058,45.05,0,0,0,0
55.83,-0.2315,98.13,0.0698,49.27,3,0,0,3
94.79,0.5125,96.12,0.0519,34.67,1,0,0,1
92.53,0.513,89.02,0.0996,28.27,1,0,2,1
92.56,-0.2207,113.28,0.1099,39.22,0,1,0,1
90.08,-0.2851,80.66,0.151,44.64,2,0,0,2
83.44,-0.3384,86.37,-0.0782,39.94,2,0,0,2
57.17,0.8062,45.22,0.1971,64.79,3,3,1,3
99.22,0.1728,94.17,-0.0895,42.1,0,0,0,0
86.82,0.4659,99.32,-0.0525,46.41,1,0,0,1
90.25,-0.2287,74.96,-0.18,27.03,0,2,2,2
86.21,-0.3517,94.89,0.1067,43.36,2,0,0,2
85.67,-0.3237,90.16,-0.0756,37.4,2,0,0,2
91.07,0.1223,99.75,-0.1635,48.42,0,0,0,0
103.54,0.1973,87.01,0.0464,51.35,1,0,1,1
94.61,-0.8693,93.93,-0.0008,38.79,3,0,0,3
119.96,0.1678,137.68,0.0102,40.5,3,3,0,3
123.54,0.1288,111.27,-0.0802,32.99,3,1,0,3
61.47,0.7409,40.08,0.053,69.84,3,3,3,3
91.13,-0.3308,88.11,0.0066,41.71,2,0,0,2
106.04,0.2793,96.65,-0.0192,36.61,1,0,0,1
95.21,-0.0861,96.27,-0.0221,21.32,0,0,2,2
102.33,-0.2428,93.39,-0.1431,33.33,2,0,0,2
57.46,0.9715,51.78,-0.0804,80.47,3,3,3,3
98.98,0.0047,83.94,-0.0088,47.02,0,0,0,0
93.07,0.6379,84.43,-0.0515,33.4,3,0,0,3
98.18,-0.6203,95.59,-0.0452,40.95,3,0,0,3
48.79,0.7574,52.34,-0.1313,73.57,3,3,3,3
145.66,-0.1931,119.44,0.0073,29.72,3,3,3,3
95.23,-0.4547,97.66,-0.1144,43.95,2,0,0,2
74.68,0.0161,90.01,0.0621,36.03,2,0,0,2
93.77,-0.2126,93.88,0.0701,66.02,0,0,3,3
91.08,-0.0732,67.17,0.0668,37.06,0,2,0,2
126.32,0.2358,118.98,0.039,48.36,3,3,0,3
87.2,-0.3547,99.5,-0.0376,46.38,2,0,0,2
108.57,-0.1251,84.04,0.0092,42.45,1,0,0,1
111.42,0.059,123.31,-0.0355,48.54,1,3,0,3
92.94,0.5746,84.68,-0.1242,37.94,3,0,0,3
85.65,0.0576,95.37,0.0108,37.14,0,0,0,0
95.54,-0.2145,82.15,0.23,69.8,0,0,3,3
102.3,0.2929,91.9,0.1583,38.49,1,0,0,1
91.61,0.1713,86.92,-0.016,32.49,0,0,0,0
52.04,0.6083,51.44,-0.1277,70.35,3,3,3,3
77.79,0.0768,87.82,-0.1145,32.88,2,0,0,2
94.92,0.2874,94.52,-0.0175,39.68,1,0,0,1
65.3,0.7858,48.58,0.0225,87.31,3,3,3,3
87.27,0.3316,92.8,-0.1205,40.39,1,0,0,1
85.35,-0.1425,94.38,-0.1983,36.59,0,0,0,0
75.49,-0.2036,93.12,-0.1345,47.25,2,0,0,2
75.07,0.0035,84.09,0.0602,33.94,2,0,0,2
123.91,0.2144,127.06,-0.0406,40.08,3,3,0,3
93.5,0.1823,95.29,-0.0217,32.4,0,0,0,0
136.92,0.0829,117.42,0.1638,42.41,3,3,0,3
96.96,0.2271,84.43,0.0067,56.52,0,0,1,1
69.35,-0.1207,97.89,-0.0834,45.44,3,0,0,3
85.64,-0.214,94.55,-0.0934,39.37,0,0,0,0
133.05,-0.2005,143.53,-0.0371,37.9,3,3,0,3
52.19,-0.2245,91.94,-0.0321,45.48,3,0,0,3
89.65,-0.0839,91.94,-0.0677,33.81,0,0,0,0
62.29,-0.0323,88.1,0.0808,43.54,3,0,0,3
94.59,-0.2221,109.51,-0.0669,43.27,0,1,0,1
86.44,0.6664,93.37,0.0908,29.77,3,0,3,3
79.67,-0.413,74.19,-0.0786,17.65,2,2,2,2
85.29,0.12,88.97,0.0791,32.46,0,0,0,0
92.37,0.1796,89.34,-0.0328,49.13,0,0,0,0
93.81,-0.1586,86.87,0.0948,45.13,0,0,0,0
111.27,0.3842,106.84,0.1826,64.4,1,1,1,1
91.14,-0.078,94.09,-0.1872,49.12,0,0,0,0
89.19,-0.1271,111.15,-0.1995,36.82,0,1,0,1
75.21,0.1018,89.66,0.1646,30.15,2,0,0,2
86.83,-0.0682,93.16,-0.0615,41.66,0,0,0,0
109.05,0.3891,105.24,-0.1428,63.73,1,1,1,1
68.31,0.7676,37.84,-0.0387,72.25,3,3,3,3
89.36,0.0116,96.62,0.1201,48.27,0,0,0,0
89.29,-0.1415,89.29,0.1645,78.91,0,0,3,3
68.43,-0.0613,78.75,-0.0222,29.79,3,2,3,3
81.36,0.1293,82.2,0.1455,45.71,2,0,0,2
59.08,0.2177,92.44,-0.0298,47.95,3,0,0,3
111.47,0.2173,83.23,0.0785,41.63,1,0,0,1
86.96,-0.517,80.64,0.1479,42.37,2,0,0,2
111.56,0.4387,108.2,-0.144,64.61,1,1,1,1
94.15,0.0977,86.48,0.1641,71.06,0,0,3,3
97.0,0.3301,84.95,-0.0833,41.79,1,0,0,1
94.7,-0.4032,87.93,-0.0199,37.26,2,0,0,2
92.22,-0.0251,78.99,-0.0426,40.45,0,2,0,2
92.11,-0.1043,96.34,0.0423,34.17,0,0,0,0
92.93,0.2575,91.18,0.0542,45.97,1,0,0,1
99.25,-0.1269,88.91,-0.086,46.78,0,0,0,0
82.93,0.2035,81.05,-0.049,18.47,2,0,2,2
95.78,-0.1874,81.2,0.1716,74.13,0,0,3,3
102.34,0.279,107.94,-0.1294,59.79,1,1,1,1
92.78,0.1914,96.44,0.0686,34.16,0,0,0,0
101.9,-0.3716,82.13,-0.1635,40.44,2,0,0,2
90.87,-0.1645,104.55,-0.0881,45.24,0,1,0,1
95.06,-0.0331,83.79,0.0287,42.54,0,0,0,0
97.69,-0.8305,84.03,0.0015,34.71,3,0,0,3
85.14,-0.1857,108.42,0.0617,31.86,0,1,0,1
91.76,-0.5189,81.95,-0.1592,44.73,2,0,0,2
95.52,0.0505,110.92,-0.1515,40.93,0,1,0,1
105.05,0.0301,80.72,-0.1401,34.07,1,0,0,1
74.59,0.1623,99.08,-0.0996,44.46,2,0,0,2
85.58,-0.6645,98.17,-0.083,43.87,3,0,0,3
93.96,-0.3652,86.05,-0.0534,31.24,2,0,0,2
111.09,-0.1924,95.31,0.0541,39.74,1,0,0,1
89.03,0.0165,73.42,-0.1207,40.97,0,2,0,2
92.97,-0.3918,96.09,0.073,38.72,2,0,0,2
93.43,0.0193,72.97,0.0295,34.36,0,2,0,2
145.57,-0.1268,129.4,-0.0763,31.55,3,3,0,3
76.13,-0.1955,89.57,-0.1949,42.81,2,0,0,2
59.28,0.8231,39.78,0.1127,79.93,3,3,3,3
103.72,0.9006,97.53,0.0818,43.83,3,0,0,3
91.84,0.0561,87.77,0.0098,45.82,0,0,0,0
132.39,0.0807,120.39,-0.0657,42.33,3,3,0,3
97.06,0.1058,95.76,0.1567,39.17,0,0,0,0
96.75,-0.1916,86.77,-0.0834,40.57,0,0,0,0
89.43,0.4867,84.13,0.0227,44.77,1,0,0,1
81.29,-0.7311,85.27,-0.0785,50.37,3,0,3,3
90.11,-0.4334,87.59,0.06,37.13,2,0,0,2
71.35,-0.3746,77.32,-0.2011,16.58,2,2,2,2
61.42,0.7793,57.4,-0.0713,74.14,3,3,3,3
62.28,0.094,88.72,0.0652,43.55,3,0,0,3
82.67,-0.1936,94.72,-0.0747,36.8,2,0,0,2
73.99,-0.267,74.66,0.1172,18.42,2,2,2,2
137.98,-0.2091,127.93,0.017,46.24,3,3,0,3
86.62,0.128,99.68,-0.0179,38.74,0,0,0,0
105.16,0.1898,80.95,-0.0726,34.39,1,0,0,1
96.17,0.0117,89.77,-0.0941,60.45,0,0,1,1
95.79,0.1723,98.42,0.0766,38.31,0,0,0,0
90.55,0.5088,80.8,0.0194,42.93,1,0,0,1
63.35,-0.1807,97.69,0.0725,42.13,3,0,0,3
56.34,0.2183,92.45,-0.0283,39.23,3,0,0,3
93.99,-0.0822,87.66,0.0349,36.6,0,0,0,0
77.71,0.1267,94.76,0.086,47.64,2,0,0,2
93.81,-0.1779,94.28,0.1521,44.28,0,0,0,0
77.91,-0.1625,91.14,0.0871,35.02,2,0,0,2
83.18,-0.2282,88.04,0.0471,44.41,2,0,0,2
91.7,0.068,90.69,0.012,46.09,0,0,0,0
68.45,0.59,39.5,-0.0701,68.88,3,3,3,3
49.09,-0.1626,94.72,0.0519,33.91,3,0,0,3
91.84,-0.8028,91.06,0.0502,40.85,3,0,0,3
63.47,-0.1242,81.27,-0.1207,41.84,3,0,0,3
100.36,0.5932,97.74,0.1405,40.95,3,0,0,3
95.37,-0.1773,94.34,-0.1207,17.99,0,0,2,2
85.67,-0.0009,92.23,0.0372,42.19,0,0,0,0
103.16,0.1768,90.74,-0.17,49.92,1,0,0,1
93.62,-0.0623,65.38,0.1879,47.17,0,2,0,2
89.07,-0.37,89.59,0.2037,27.64,2,0,2,2
99.21,-0.2294,103.14,0.0112,35.58,0,1,0,1
76.59,0.1563,83.74,0.0063,37.18,2,0,0,2
96.83,-0.2498,95.68,-0.0154,76.22,2,0,3,3
102.64,0.3429,102.15,-0.1655,63.45,1,1,1,1
94.06,-0.0735,95.71,0.0012,42.73,0,0,0,0
74.69,-0.4571,80.03,-0.1654,27.05,2,0,2,2
95.49,-0.2134,89.15,0.0483,22.54,0,0,2,2
85.76,0.0523,87.37,-0.0564,80.4,0,0,3,3
97.56,-0.0182,94.71,-0.0364,41.11,0,0,0,0
96.99,0.3056,82.61,-0.0724,33.16,1,0,0,1
113.87,-0.0888,103.41,0.0066,32.11,1,1,0,1
85.06,0.0119,64.57,-0.0242,36.79,0,2,0,2
98.48,0.4381,90.38,-0.0395,41.8,1,0,0,1
138.49,0.124,128.93,0.0696,37.85,3,3,0,3
66.58,0.7943,51.07,-0.1213,69.35,3,3,3,3
93.73,-0.0671,95.96,-0.0897,41.73,0,0,0,0
90.24,0.0442,93.95,-0.1365,40.83,0,0,0,0
49.35,0.9352,59.22,-0.157,79.63,3,3,3,3
116.42,-0.0274,118.87,-0.1929,42.27,3,3,0,3
87.01,-0.125,94.43,0.0446,39.35,0,0,0,0
90.08,-0.2128,91.44,0.0862,32.48,0,0,0,0
144.99,-0.0279,147.28,-0.1051,34.64,3,3,0,3
90.0,-0.063,96.29,-0.0182,45.61,0,0,0,0
93.42,-0.0305,96.49,-0.0561,48.74,0,0,0,0
95.23,-0.1011,101.86,-0.0527,69.82,0,1,3,3
90.91,0.0332,92.66,0.1009,32.72,0,0,0,0
96.39,0.3639,96.46,-0.1181,37.02,1,0,0,1
95.4,-0.2225,90.08,-0.0538,44.76,0,0,0,0
100.91,-0.2808,87.67,0.0523,45.1,2,0,0,2
91.04,0.1509,81.5,-0.1315,60.54,0,0,1,1
98.71,-0.0749,83.18,-0.0798,39.05,0,0,0,0
98.64,0.3105,88.43,0.0045,34.74,1,0,0,1
82.49,-0.0805,88.28,-0.0873,21.62,2,0,2,2
58.43,0.1472,96.02,-0.0428,44.21,3,0,0,3
91.8,0.2758,113.62,0.168,39.81,1,1,0,1
88.14,-0.0468,85.22,0.1425,44.93,0,0,0,0
89.88,-0.104,88.77,0.1719,31.41,0,0,0,0
87.98,0.0274,86.52,0.023,45.67,0,0,0,0
93.99,-0.0361,91.12,0.1411,35.06,0,0,0,0
77.79,-0.3671,65.32,0.1689,21.77,2,2,2,2
86.56,0.3139,86.13,-0.0465,44.47,1,0,0,1
75.19,0.1977,92.29,0.0417,40.21,2,0,0,2
87.05,-0.6028,83.09,-0.0254,41.6,3,0,0,3
51.81,-0.0529,96.62,0.1329,52.85,3,0,1,3
96.99,-0.0909,114.53,0.0014,42.44,0,1,0,1
93.26,0.0504,67.39,-0.0522,39.6,0,2,0,2
107.09,0.2404,92.27,0.1688,44.71,1,0,0,1
64.89,0.1377,96.52,0.0404,52.68,3,0,1,3
86.43,0.1532,86.88,-0.0723,38.04,0,0,0,0
62.85,0.0654,83.84,-0.0726,41.57,3,0,0,3
102.44,-0.0574,108.31,0.0083,32.43,1,1,0,1
86.57,-0.164,99.29,-0.0555,20.85,0,0,2,2
86.13,0.046,92.9,0.0907,64.83,0,0,1,1
111.86,0.0605,91.07,0.0082,32.46,1,0,0,1
74.97,-0.3805,62.83,0.0155,17.5,2,2,2,2
108.46,0.3955,110.41,0.0184,52.66,1,1,1,1
103.78,0.1422,81.75,-0.0582,39.75,1,0,0,1
84.07,-0.4084,97.35,-0.1211,41.8,2,0,0,2
94.65,-0.0633,88.62,-0.0064,47.59,0,0,0,0
93.84,0.1408,97.9,-0.0784,33.68,0,0,0,0
86.78,-0.1335,85.17,0.0998,36.42,0,0,0,0
96.26,-0.1206,83.91,-0.1183,47.77,0,0,0,0
87.88,0.6769,93.86,-0.1688,30.81,3,0,0,3
98.03,-0.787,96.44,0.1169,39.69,3,0,0,3
99.13,-0.2273,85.9,0.1394,77.52,0,0,3,3
105.86,-0.0737,92.49,0.1465,31.84,1,0,0,1
91.66,-0.2904,89.58,-0.0903,45.56,2,0,0,2
63.28,0.7823,51.99,-0.0015,82.99,3,3,3,3
89.74,0.0871,92.46,0.0133,34.0,0,0,0,0
90.35,-0.1342,83.17,-0.0595,34.09,0,0,0,0
98.72,-0.2075,108.0,0.0904,32.57,0,1,0,1
99.25,-0.0011,84.53,0.1186,39.95,0,0,0,0
98.0,-0.5424,99.73,0.045,48.7,2,0,0,2
85.66,-0.1667,95.79,0.0833,34.79,0,0,0,0
98.59,-0.0307,89.46,-0.0646,38.84,0,0,0,0
86.04,0.0752,84.14,0.1493,87.84,0,0,3,3
86.69,0.2087,78.02,0.1079,22.36,0,2,2,2
91.32,-0.0184,89.77,-0.1021,41.52,0,0,0,0
127.79,-0.006,135.45,-0.1342,38.15,3,3,0,3
95.28,-0.119,103.59,-0.0745,55.76,0,1,1,1
94.1,-0.6212,92.39,-0.0431,37.26,3,0,0,3
55.9,0.7191,39.33,0.135,82.26,3,3,3,3
97.63,0.0766,96.42,-0.2067,47.52,0,0,0,0
93.53,0.3777,82.15,0.029,35.29,1,0,0,1
144.6,0.1518,139.88,-0.107,34.6,3,3,0,3
83.31,-0.0048,97.49,-0.0634,42.27,2,0,0,2
95.36,-0.0609,63.27,-0.0163,45.1,0,2,0,2
98.52,-0.0454,90.5,-0.0531,69.92,0,0,3,3
96.56,-0.1614,93.68,0.1188,33.28,0,0,0,0
94.6,-0.8552,86.7,-0.1068,26.18,3,0,2,3
142.95,0.0936,135.11,-0.1356,34.92,3,3,0,3
95.97,0.2991,80.57,0.1101,45.98,1,0,0,1
95.42,-0.4052,99.79,-0.0827,33.2,2,0,0,2
53.63,0.7872,40.87,0.0588,72.03,3,3,3,3
87.97,-0.0661,96.11,-0.1342,40.67,0,0,0,0
127.55,0.1212,122.84,0.0223,36.48,3,3,0,3
88.38,-0.0623,85.8,-0.1439,46.86,0,0,0,0
100.3,0.2623,87.86,0.1989,62.06,1,0,1,1
90.38,0.1159,91.35,-0.1063,30.3,0,0,0,0
79.94,0.0487,77.35,0.0836,31.91,2,2,0,2
91.89,0.7791,81.86,0.0536,51.53,3,0,1,3
93.05,0.0027,95.91,-0.0721,34.12,0,0,0,0
88.85,-0.1719,77.82,0.1317,32.32,0,2,0,2
87.89,-0.5377,93.49,-0.0404,43.17,2,0,0,2
94.77,-0.075,87.3,0.0133,58.19,0,0,1,1
93.69,-0.6323,90.2,-0.0571,32.6,3,0,0,3
104.05,-0.1315,98.72,-0.0227,39.23,1,0,0,1
88.84,-0.0673,71.28,-0.0724,43.01,0,2,0,2
95.88,-0.0782,86.62,-0.0753,45.54,0,0,0,0
66.99,-0.3058,80.29,-0.1634,34.68,2,0,0,2
97.98,-0.0355,107.67,0.0336,47.41,0,1,0,1
90.35,0.0068,96.08,0.094,47.29,0,0,0,0
93.57,0.1431,81.55,0.1508,43.94,0,0,0,0
97.87,-0.1106,97.37,-0.0879,26.85,0,0,2,2
116.65,-0.0313,127.01,0.0337,37.52,3,3,0,3
75.65,0.0438,83.57,0.0338,30.78,2,0,0,2
112.83,0.1608,92.98,-0.1208,36.82,1,0,0,1
63.56,0.6416,49.22,0.0307,66.17,3,3,3,3
95.97,-0.2377,62.18,0.0901,35.69,0,2,0,2
97.44,-0.1349,82.21,0.0554,39.6,0,0,0,0
95.38,-0.1142,112.8,0.1119,47.86,0,1,0,1
95.04,0.7831,96.8,-0.1269,47.81,3,0,0,3
99.47,-0.1691,84.7,-0.0546,41.82,0,0,0,0
91.46,-0.6608,82.57,0.0534,37.39,3,0,0,3
91.31,-0.1869,96.41,0.1618,40.57,0,0,0,0
98.4,-0.0833,67.38,0.0592,44.0,0,2,0,2
96.57,-0.139,84.13,-0.0769,23.43,0,0,2,2
96.99,-0.1335,89.13,-0.2088,42.58,0,0,0,0
94.46,-0.2987,78.94,0.0266,39.62,2,2,0,2
90.88,0.0443,83.7,0.1589,47.6,0,0,0,0
108.91,0.4293,109.81,0.0102,58.1,1,1,1,1
107.79,0.1105,93.5,-0.0128,40.47,1,0,0,1
86.86,-0.1467,65.99,-0.0413,34.98,0,2,0,2
95.02,-0.1875,84.65,-0.1317,40.39,0,0,0,0
91.02,-0.0962,92.9,-0.1376,35.38,0,0,0,0
86.55,0.0686,82.92,-0.0307,47.43,0,0,0,0
94.15,0.0576,87.43,0.0645,60.34,0,0,1,1
44.56,0.7504,54.84,0.0873,80.2,3,3,3,3
89.99,-0.0333,94.34,-0.1438,45.44,0,0,0,0
87.66,-0.181,89.12,0.1222,34.99,0,0,0,0
52.61,0.9876,43.67,0.0207,78.33,3,3,3,3
82.07,0.3761,89.88,0.0264,43.62,1,0,0,1
90.94,-0.0535,91.64,-0.1476,45.88,0,0,0,0
94.01,-0.1185,87.84,0.0023,47.81,0,0,0,0
90.42,0.1182,64.75,0.1244,44.47,0,2,0,2
77.69,-0.5323,63.87,-0.0457,24.31,2,2,2,2
85.46,0.2111,88.46,-0.1196,18.4,0,0,2,2
66.07,0.0823,95.05,0.0077,30.64,3,0,0,3
94.72,0.1799,95.38,0.1253,59.22,0,0,1,1
90.62,-0.0669,111.28,0.1213,32.32,0,1,0,1
83.55,0.0509,95.0,-0.0019,45.4,2,0,0,2
59.2,0.0522,95.09,-0.0262,35.57,3,0,0,3
92.7,-0.2366,89.0,-0.0915,34.61,0,0,0,0
99.37,-0.1166,91.26,0.0728,61.16,0,0,1,1
91.68,0.135,93.25,0.0168,39.73,0,0,0,0
90.94,0.7977,93.5,-0.0585,24.95,3,0,2,3
85.95,0.0156,88.21,0.1145,43.75,0,0,0,0
63.04,0.7309,51.34,-0.0551,69.27,3,3,3,3
89.03,-0.6244,86.72,-0.026,30.66,3,0,0,3
98.55,0.1158,82.32,-0.1134,72.28,0,0,3,3
94.23,-0.4906,92.78,-0.1113,35.11,2,0,0,2
96.58,-0.0493,104.73,0.0442,38.98,0,1,0,1
88.24,-0.1333,90.99,0.0435,57.37,0,0,1,1
82.41,-0.1998,93.95,-0.134,30.55,2,0,0,2
137.78,-0.2376,131.78,0.0906,49.03,3,3,0,3
114.43,-0.0722,130.68,-0.0449,43.97,1,3,0,3
89.68,-0.1518,68.02,0.0164,44.55,0,2,0,2
96.21,-0.4026,86.58,0.1473,43.11,2,0,0,2
85.31,0.0554,83.68,-0.079,16.29,0,0,2,2
48.78,0.2445,100.66,-0.0493,47.17,1,3,0,3
91.1,-0.8798,91.06,-0.0501,41.87,3,0,0,3
63.11,-0.0451,80.62,-0.0882,28.45,3,0,2,3
67.35,-0.5447,67.64,0.1752,28.86,2,2,2,2
96.86,0.0749,86.56,-0.0911,44.18,0,0,0,0
89.08,0.2132,83.57,0.0449,42.19,0,0,0,0
98.14,-0.1134,111.27,-0.0581,38.35,0,1,0,1
95.03,-0.1082,96.81,-0.1439,55.86,0,0,1,1
89.81,-0.18,91.79,-0.0442,44.26,0,0,0,0
77.94,-0.3628,75.96,-0.0162,22.56,2,2,2,2
96.19,-0.1828,85.19,-0.0361,23.31,0,0,2,2
99.79,-0.7029,86.17,-0.0801,45.62,3,0,0,3
95.19,-0.3658,97.41,0.0464,47.23,2,0,0,2
88.74,-0.6967,85.14,0.0348,43.13,3,0,0,3
91.9,-0.685,89.75,-0.108,37.92,3,0,0,3
118.77,-0.024,139.77,-0.0904,38.65,3,3,0,3
71.36,0.1879,99.7,0.0766,30.85,2,0,0,2
55.97,0.033,97.25,-0.1198,35.51,3,0,0,3
113.01,-0.1013,88.59,0.1267,37.84,1,0,0,1
91.65,-0.1251,102.5,-0.0405,44.8,0,1,0,1
90.7,-0.2496,113.32,0.1261,33.77,2,1,0,1
64.29,-0.2054,93.94,0.1991,54.8,3,0,1,3
103.64,0.0636,88.53,0.0526,31.96,1,0,0,1
83.96,0.226,73.99,0.0274,34.15,2,2,0,2
53.28,0.843,50.44,-0.1552,60.6,3,3,1,3
90.47,0.4347,82.44,-0.1015,46.2,1,0,0,1
85.3,-0.0231,101.34,-0.1215,44.37,0,1,0,1
96.68,-0.0286,107.63,-0.0237,36.04,0,1,0,1
79.98,-0.0571,111.01,0.0755,36.57,2,1,0,1
89.39,0.6903,82.53,-0.0584,30.06,3,0,0,3
75.69,-0.0846,92.38,0.0598,40.54,2,0,0,2
95.02,-0.1277,97.25,0.0607,44.08,0,0,0,0
96.59,-0.2155,87.09,-0.1177,70.55,0,0,3,3
96.09,0.2647,86.25,0.152,41.49,1,0,0,1
96.8,-0.1196,90.58,0.1236,36.45,0,0,0,0
99.21,-0.1668,98.28,0.0456,38.14,0,0,0,0
53.47,0.6193,44.53,-0.1138,74.27,3,3,3,3
110.49,-0.2345,85.82,0.0958,30.12,1,0,0,1
92.45,0.1756,89.21,-0.0117,44.41,0,0,0,0
87.52,0.0299,91.66,0.0877,16.09,0,0,2,2
96.16,0.0934,101.14,-0.1129,78.23,0,1,3,3
92.29,-0.7636,87.22,0.0093,44.43,3,0,0,3
88.87,0.4353,84.91,-0.1177,33.67,1,0,0,1
61.94,-0.169,102.03,-0.0404,27.29,3,1,2,3
92.9,0.1512,85.24,-0.1331,40.39,0,0,0,0
73.23,-0.1752,90.86,0.0621,33.34,2,0,0,2
73.39,-0.1961,63.19,0.0305,25.26,2,2,2,2
99.05,-0.016,84.05,-0.1356,30.37,0,0,0,0
46.4,0.6262,57.5,0.113,72.58,3,3,3,3
97.29,-0.0612,110.39,-0.0892,37.86,0,1,0,1
96.7,-0.0689,95.3,-0.0318,34.34,0,0,0,0
90.66,-0.0297,99.39,-0.1653,49.53,0,0,0,0
96.6,-0.1622,94.86,0.0131,25.56,0,0,2,2
87.68,-0.3762,88.77,-0.1067,35.41,2,0,0,2
88.04,-0.6033,83.31,-0.0248,42.88,3,0,0,3
96.27,0.1065,91.73,0.1217,43.12,0,0,0,0
112.66,-0.1214,98.61,-0.1188,44.72,1,0,0,1
93.16,-0.3868,97.66,0.2048,66.6,2,0,3,3
93.98,0.2896,84.55,0.1262,34.04,1,0,0,1
97.35,-0.0626,82.64,-0.1142,25.79,0,0,2,2
45.17,0.1082,93.03,0.0682,33.86,3,0,0,3
90.05,-0.9278,93.73,-0.0751,34.46,3,0,0,3
110.33,0.2932,110.16,0.0497,60.66,1,1,1,1
114.4,0.1612,83.66,0.0468,42.7,1,0,0,1
93.29,-0.8122,95.18,-0.0077,30.93,3,0,0,3
89.1,0.4962,87.76,-0.017,36.04,1,0,0,1
95.37,0.0917,95.57,0.0734,38.77,0,0,0,0
98.79,0.1712,81.66,0.1371,36.96,0,0,0,0
79.56,0.1349,77.8,0.0785,48.2,2,2,0,2
91.38,-0.4165,86.48,-0.0729,34.63,2,0,0,2
112.47,-0.0697,83.55,0.2308,37.24,1,0,0,1
87.06,-0.2111,76.52,-0.0831,44.91,0,2,0,2
94.88,0.1187,64.84,0.0161,35.05,0,2,0,2
75.78,0.0755,97.39,0.1413,27.55,2,0,2,2
93.75,0.0228,90.2,0.079,36.06,0,0,0,0
87.04,-0.2257,83.59,0.0382,44.0,0,0,0,0
111.26,0.4548,114.61,-0.0738,61.67,1,1,1,1
91.24,0.6463,101.15,-0.0889,45.04,3,1,0,3
88.7,0.0163,88.49,0.0942,32.85,0,0,0,0
95.86,0.179,92.71,-0.2214,48.91,0,0,0,0
95.33,-0.2182,62.01,0.0242,35.23,0,2,0,2
99.09,0.0048,86.15,-0.0052,42.0,0,0,0,0
87.89,-0.1631,81.94,0.0609,36.51,0,0,0,0
93.3,0.4896,91.7,0.0718,43.08,1,0,0,1
96.45,0.1607,109.45,0.0706,34.92,0,1,0,1
79.21,0.0484,84.59,-0.0635,39.85,2,0,0,2
86.46,-0.0664,110.28,0.0731,43.45,0,1,0,1
98.94,0.6989,92.64,0.1095,43.02,3,0,0,3
96.42,-0.0606,97.47,-0.1879,39.93,0,0,0,0
91.83,-0.4515,85.64,-0.0775,45.65,2,0,0,2
88.2,-0.1314,109.0,0.094,36.39,0,1,0,1
94.46,0.0212,81.5,-0.0623,42.37,0,0,0,0
87.72,-0.0415,91.7,0.0228,40.34,0,0,0,0
74.65,-0.1506,80.93,0.0282,34.81,2,0,0,2
97.74,0.6718,95.0,-0.1,36.29,3,0,0,3
95.74,-0.1013,62.04,-0.0547,34.5,0,2,0,2
100.42,-0.3636,94.61,-0.0248,27.37,2,0,2,2
76.94,0.0896,81.68,-0.1327,30.68,2,0,0,2
86.09,0.0826,69.02,0.0306,42.02,0,2,0,2
93.11,-0.2153,104.76,-0.0725,39.15,0,1,0,1
138.58,0.227,121.21,-0.0998,42.21,3,3,0,3
84.57,-0.2673,77.24,-0.1049,34.21,2,2,0,2
113.93,-0.1769,78.4,-0.0796,36.23,1,2,0,1
94.03,0.1495,87.1,0.1285,57.75,0,0,1,1
89.66,0.1546,87.13,0.0731,36.41,0,0,0,0
51.16,0.1104,95.85,-0.1291,45.04,3,0,0,3
95.44,-0.8833,97.96,-0.0463,37.06,3,0,0,3
91.83,0.1367,70.65,-0.0271,48.91,0,2,0,2
95.55,-0.0997,97.37,0.1296,38.84,0,0,0,0
94.24,0.168,82.99,-0.0974,75.62,0,0,3,3
93.44,0.0412,81.71,0.2239,58.67,0,0,1,1
65.5,-0.1348,99.26,0.001,37.31,3,0,0,3
95.37,0.0802,87.84,-0.1295,71.13,0,0,3,3
83.95,-0.2286,74.93,0.0868,37.03,2,2,0,2
86.58,-0.119,86.43,-0.0134,59.32,0,0,1,1
93.62,0.0322,63.59,-0.2079,44.66,0,2,0,2
120.63,-0.0103,138.46,-0.0568,34.71,3,3,0,3
99.87,0.3173,93.8,0.1574,37.57,1,0,0,1
90.53,-0.1259,91.58,0.0252,40.28,0,0,0,0
54.96,0.8404,50.33,-0.0437,77.96,3,3,3,3
73.98,-0.1661,95.06,0.0727,49.58,2,0,0,2
68.69,0.7944,63.58,-0.0656,80.56,3,2,3,3
88.03,-0.0292,87.75,0.0259,22.63,0,0,2,2
95.45,0.0349,84.89,0.1118,47.44,0,0,0,0
63.77,0.6646,42.59,0.1195,69.34,3,3,3,3
83.99,-0.0419,98.15,0.1685,20.87,2,0,2,2
68.74,0.5978,52.47,0.0581,77.86,3,3,3,3
80.39,-0.1312,90.15,0.089,43.88,2,0,0,2
91.51,0.1997,88.31,-0.0648,54.64,0,0,1,1
98.21,0.4169,81.9,-0.0739,42.71,1,0,0,1
107.35,0.2914,110.03,0.0253,49.6,1,1,0,1
86.37,-0.1953,106.1,-0.0811,39.34,0,1,0,1
99.32,0.4115,99.58,-0.0834,37.68,1,0,0,1
96.64,0.3049,93.65,0.0393,39.09,1,0,0,1
95.63,-0.374,89.33,0.0868,45.72,2,0,0,2
89.26,-0.0988,76.17,0.0775,18.98,0,2,2,2
99.03,-0.0176,67.98,0.0123,48.39,0,2,0,2
92.27,-0.3461,92.44,0.0941,41.73,2,0,0,2
89.64,0.0174,97.86,-0.0137,35.37,0,0,0,0
97.59,0.1213,92.03,0.1079,46.1,0,0,0,0
103.24,-0.2078,80.42,0.0391,46.62,1,0,0,1
89.57,-0.619,88.44,0.0407,50.09,3,0,3,3
85.63,0.14,84.21,0.0411,38.83,0,0,0,0
123.11,0.1115,142.93,0.0066,33.64,3,3,0,3
89.55,-0.2309,92.57,-0.0788,47.81,0,0,0,0
99.39,-0.0635,85.76,-0.06,34.84,0,0,0,0
95.53,0.0696,98.98,0.055,37.71,0,0,0,0
98.25,0.1359,75.96,-0.0421,32.18,0,2,0,2
89.87,0.1431,87.69,-0.0924,60.16,0,0,1,1
101.03,-0.364,85.45,0.1883,44.52,2,0,0,2
99.28,0.1614,97.42,0.0057,42.09,0,0,0,0
91.98,-0.2917,97.05,-0.0158,32.34,2,0,0,2
94.87,0.1252,108.25,0.0852,30.25,0,1,0,1
92.8,0.2205,69.38,0.0978,41.42,0,2,0,2
80.62,-0.2771,95.99,-0.0258,60.61,2,0,1,1
98.93,-0.1187,93.4,0.0768,44.91,0,0,0,0
94.95,-0.1693,89.43,-0.0641,34.6,0,0,0,0
126.58,0.2063,128.87,-0.0724,33.17,3,3,0,3
90.33,0.2695,92.54,-0.0211,49.94,1,0,0,1
99.75,0.5137,83.69,-0.0327,45.82,1,0,0,1
97.57,0.3173,83.35,0.094,48.86,1,0,0,1
52.57,-0.1289,84.56,-0.1423,34.64,3,0,0,3
72.1,0.7231,53.13,-0.0074,77.38,3,3,3,3
64.37,0.7754,59.92,0.0521,65.19,3,3,3,3
88.55,-0.1927,88.86,-0.1238,60.62,0,0,1,1
47.42,0.8442,52.16,0.0477,67.09,3,3,3,3
114.2,-0.1076,95.36,-0.1261,49.56,1,0,0,1
92.76,0.686,90.82,0.0319,41.84,3,0,0,3
96.34,-0.0245,90.95,-0.0191,38.72,0,0,0,0
79.62,0.1611,84.73,-0.0205,47.22,2,0,0,2
91.37,-0.8389,97.59,0.1041,47.33,3,0,0,3
74.07,-0.0054,81.1,-0.0335,32.72,2,0,0,2
132.07,-0.1925,117.32,-0.1698,28.34,3,3,2,3
75.01,-0.0867,86.99,0.0402,41.9,2,0,0,2
137.76,0.0304,142.26,-0.1036,33.02,3,3,0,3
96.2,0.7019,81.0,0.0139,43.09,3,0,0,3
86.83,0.6745,86.77,0.0435,49.29,3,0,0,3
95.44,0.0492,88.35,0.0033,36.0,0,0,0,0
92.66,-0.1962,86.92,0.1544,39.8,0,0,0,0
85.93,0.1473,84.4,-0.1419,39.38,0,0,0,0
82.68,0.1206,85.64,0.1017,20.03,2,0,2,2
99.44,-0.1412,85.41,-0.1021,47.06,0,0,0,0
98.6,-0.3884,96.62,0.1179,40.77,2,0,0,2
99.85,0.7587,92.39,-0.0807,40.92,3,0,0,3
105.14,-0.0736,98.37,0.0219,47.59,1,0,0,1
80.46,-0.2103,69.85,0.0811,27.41,2,2,2,2
97.72,0.0285,90.21,-0.1577,26.2,0,0,2,2
88.12,-0.4339,87.53,-0.046,33.67,2,0,0,2
99.15,-0.432,90.03,-0.0053,28.5,2,0,2,2
50.92,0.0986,85.46,0.0818,37.65,3,0,0,3
108.41,0.198,105.65,-0.1572,53.95,1,1,1,1
111.0,-0.0984,98.4,0.0153,32.36,1,0,0,1
97.72,-0.1111,63.7,-0.0533,44.23,0,2,0,2
141.04,-0.1026,117.9,0.1186,38.96,3,3,0,3
87.5,0.1019,86.99,-0.1299,35.32,0,0,0,0
84.82,-0.3416,89.73,0.0416,48.55,2,0,0,2
86.93,-0.136,84.54,-0.0308,56.44,0,0,1,1
117.99,0.3889,112.85,0.0347,49.27,1,1,0,1
96.2,0.2239,92.87,0.03,45.32,0,0,0,0
91.82,0.1945,60.85,0.1696,35.3,0,2,0,2
96.49,-0.3938,88.77,0.0175,45.66,2,0,0,2
75.62,-0.4324,73.87,-0.0284,23.73,2,2,2,2
94.72,0.0775,83.84,-0.1153,47.94,0,0,0,0
89.46,-0.1182,87.84,0.1179,45.26,0,0,0,0
92.85,-0.0395,105.58,-0.0148,30.85,0,1,0,1
90.29,0.1466,83.18,-0.0197,27.04,0,0,2,2
97.63,0.6361,87.92,0.0237,44.97,3,0,0,3
95.05,-0.4488,89.96,-0.0372,30.42,2,0,0,2
50.77,0.818,59.13,0.0581,75.31,3,3,3,3
81.07,-0.2068,90.53,-0.066,32.67,2,0,0,2
58.14,-0.1937,93.66,-0.0888,47.47,3,0,0,3
76.23,0.2326,87.24,0.1659,42.9,2,0,0,2
70.27,-0.0895,87.07,0.0387,45.64,2,0,0,2
87.48,-0.0981,92.55,0.174,53.87,0,0,1,1
95.1,-0.3884,83.74,-0.1281,44.41,2,0,0,2
104.94,0.3813,102.19,-0.1072,57.07,1,1,1,1
89.54,-0.1097,93.47,-0.0185,33.13,0,0,0,0
81.71,0.0498,94.79,0.047,43.08,2,0,0,2
90.85,0.8269,83.46,0.0141,48.5,3,0,0,3
95.75,0.1659,76.99,0.0676,31.61,0,2,0,2
127.16,0.1551,141.28,0.0403,34.98,3,3,0,3
99.44,-0.2129,101.93,0.0014,53.4,0,1,1,1
113.18,0.1349,88.72,0.0504,36.57,1,0,0,1
99.05,0.175,97.23,-0.0757,41.31,0,0,0,0
75.25,-0.3761,69.49,0.0345,24.38,2,2,2,2
126.61,0.0695,141.51,0.1502,37.75,3,3,0,3
95.17,-0.1245,109.28,0.0291,41.53,0,1,0,1
88.62,0.1088,82.21,-0.0094,52.62,0,0,1,1
100.45,0.3159,90.82,0.1207,43.28,1,0,0,1
79.52,0.2159,98.9,0.0198,26.04,2,0,2,2
88.28,0.0626,93.43,-0.024,47.04,0,0,0,0
90.36,-0.1078,93.59,0.062,46.94,0,0,0,0
94.88,-0.3458,90.97,0.0154,36.45,2,0,0,2
97.8,0.4764,103.2,-0.1942,58.74,1,1,1,1
94.05,0.4858,93.15,0.1401,36.46,1,0,0,1
85.12,-0.7093,81.56,-0.0993,48.55,3,0,0,3
108.07,-0.0683,95.57,-0.0909,30.11,1,0,0,1
89.6,-0.1018,92.53,0.0633,30.57,0,0,0,0
138.65,0.2555,137.14,-0.1008,41.23,1,3,0,3
86.06,-0.0511,98.72,-0.2096,32.42,0,0,0,0
99.6,-0.0556,94.37,-0.1312,36.67,0,0,0,0
97.81,0.1284,97.05,0.1971,31.29,0,0,0,0
85.71,-0.2749,72.37,-0.0769,23.57,2,2,2,2
96.0,-0.1645,80.52,-0.018,49.23,0,0,0,0
52.91,0.8356,46.94,0.0373,82.96,3,3,3,3
85.74,-0.0661,84.02,0.0333,59.59,0,0,1,1
135.92,-0.027,118.3,-0.0774,32.38,3,3,0,3
96.69,0.26,93.26,0.1589,28.57,1,0,2,1
95.92,-0.3142,80.75,0.0048,46.19,2,0,0,2
107.25,-0.0786,97.9,-0.0628,33.21,1,0,0,1
114.48,0.111,80.88,0.0207,38.35,1,0,0,1
51.2,0.673,42.31,-0.0783,72.55,3,3,3,3
88.67,-0.1655,88.99,-0.0104,43.15,0,0,0,0
102.76,0.3176,105.34,-0.1787,54.76,1,1,1,1
94.59,-0.1507,84.41,-0.0355,30.94,0,0,0,0
96.49,0.1009,83.33,-0.1643,32.13,0,0,0,0
81.07,-0.0714,94.19,-0.1332,45.01,2,0,0,2
86.8,0.26,82.62,-0.0391,45.77,1,0,0,1
99.06,-0.0083,84.87,0.0093,47.48,0,0,0,0
70.08,-0.3157,73.25,-0.0862,24.78,2,2,2,2
86.91,0.0352,72.12,0.0026,44.52,0,2,0,2
109.87,0.0568,92.84,-0.0974,48.17,1,0,0,1
90.72,-0.613,83.98,0.0275,28.83,3,0,2,3
93.87,-0.6508,95.86,0.0292,38.53,3,0,0,3
85.25,-0.1555,82.81,0.1246,43.34,0,0,0,0
92.44,0.1363,96.12,0.0358,34.22,0,0,0,0
110.55,-0.0363,88.51,-0.1448,48.94,1,0,0,1
96.64,-0.0554,87.96,-0.1693,43.23,0,0,0,0
89.83,-0.0476,89.61,0.0552,17.76,0,0,2,2
98.62,0.1575,63.23,-0.0957,46.47,0,2,0,2
95.12,0.2269,98.64,-0.0217,40.7,0,0,0,0
89.6,-0.4992,96.1,0.1321,32.41,2,0,0,2
101.17,0.3271,112.72,0.0502,53.86,1,1,1,1
89.28,-0.1861,98.04,-0.1082,71.06,0,0,3,3
103.34,-0.2326,97.5,0.1766,28.89,1,0,2,1
93.75,-0.1523,62.33,-0.044,34.05,0,2,0,2
88.94,-0.707,89.02,-0.1642,52.3,3,0,1,3
92.97,0.1485,96.99,-0.0328,83.26,0,0,3,3
85.2,0.0213,91.71,-0.0202,43.41,0,0,0,0
88.18,-0.1823,62.98,-0.007,36.25,0,2,0,2
98.15,0.2163,110.69,-0.0989,39.88,0,1,0,1
102.03,-0.3487,95.67,-0.1686,43.55,2,0,0,2
95.87,0.1576,96.31,0.0319,31.62,0,0,0,0
105.81,-0.0023,83.36,-0.0087,40.86,1,0,0,1
90.26,0.1037,87.78,-0.0022,32.62,0,0,0,0
87.86,0.0714,82.75,0.0999,39.53,0,0,0,0
90.57,0.4595,91.06,-0.0869,38.21,1,0,0,1
96.41,0.244,87.95,-0.02,33.33,1,0,0,1
90.93,-0.2472,103.69,-0.1377,37.14,2,1,0,1
104.94,-0.0559,90.73,-0.0795,37.43,1,0,0,1
112.88,0.0619,84.31,-0.0419,30.18,1,0,0,1
96.72,0.0069,89.2,0.0876,40.21,0,0,0,0
90.64,-0.0761,80.84,0.0077,54.56,0,0,1,1
89.07,-0.1508,85.2,0.0765,39.75,0,0,0,0
86.11,-0.0226,83.03,-0.0691,43.1,0,0,0,0
48.28,0.8901,37.1,-0.0426,72.81,3,3,3,3
94.84,0.1312,102.51,-0.1069,77.22,0,1,3,3
94.37,-0.222,66.96,0.1264,48.78,0,2,0,2
91.83,0.0777,85.03,-0.1042,38.09,0,0,0,0
96.61,-0.0079,107.18,-0.0143,43.75,0,1,0,1
97.83,-0.0022,77.46,-0.148,62.97,0,2,1,1
85.3,0.1192,73.89,-0.0386,45.5,0,2,0,2
81.5,-0.4998,61.72,0.0109,23.56,2,2,2,2
92.59,-0.1826,83.12,-0.0755,31.7,0,0,0,0
92.57,-0.2207,91.44,0.0981,45.94,0,0,0,0
99.95,0.308,94.8,0.0754,28.56,1,0,2,1
86.05,0.482,77.36,0.11,49.42,1,2,0,1
102.19,0.3794,104.94,-0.1047,49.85,1,1,0,1
52.84,0.6752,35.53,-0.032,66.61,3,3,3,3
90.19,0.218,94.82,0.0124,37.78,0,0,0,0
89.72,0.0114,81.59,0.0147,42.89,0,0,0,0
115.5,0.1913,116.96,-0.0801,32.96,3,3,0,3
86.55,0.2886,92.14,0.0409,42.47,1,0,0,1
86.81,-0.1868,110.78,-0.1061,46.89,0,1,0,1
87.73,-0.1063,91.69,0.1434,34.72,0,0,0,0
60.06,0.8924,34.3,0.0479,63.64,3,3,1,3
92.85,0.2215,86.91,-0.0535,41.49,0,0,0,0
97.4,-0.2083,104.75,0.1164,47.47,0,1,0,1
101.31,0.1126,91.15,-0.1033,55.25,1,0,1,1
73.42,0.0694,77.31,0.004,36.31,2,2,0,2
123.47,-0.1929,129.86,0.1667,38.38,3,3,0,3
99.15,0.237,87.14,-0.1106,77.3,0,0,3,3
119.28,-0.1496,137.73,-0.1201,40.79,3,3,0,3
112.42,0.5271,113.08,-0.0179,57.78,1,1,1,1
93.78,-0.4805,96.89,0.0831,36.06,2,0,0,2
87.77,-0.3073,99.56,0.0079,46.07,2,0,0,2
95.74,0.3467,89.17,-0.0262,37.46,1,0,0,1
95.42,0.0835,98.95,0.0662,54.86,0,0,1,1
94.77,0.3812,85.4,-0.1056,49.48,1,0,0,1
120.14,0.1859,117.13,-0.0255,33.12,3,3,0,3
95.11,0.4597,85.95,0.098,31.56,1,0,0,1
63.83,0.2013,83.13,0.1421,36.29,3,0,0,3
82.67,-0.18,93.14,0.1139,39.86,2,0,0,2
100.57,-0.4995,78.78,-0.0103,37.8,2,2,0,2
96.95,0.4859,82.6,0.1405,28.18,1,0,2,1
95.32,-0.0435,99.8,0.0824,45.45,0,0,0,0
101.29,-0.2458,76.33,-0.0317,49.69,2,2,0,2
96.53,-0.3504,97.13,0.077,32.05,2,0,0,2
62.03,0.6382,55.27,-0.1692,82.9,3,3,3,3
103.59,0.1446,98.48,-0.1474,36.69,1,0,0,1
97.35,-0.1679,94.81,-0.0943,64.08,0,0,1,1
90.06,0.1653,85.76,-0.0556,37.56,0,0,0,0
85.48,-0.265,87.27,0.0929,17.7,2,0,2,2
95.82,-0.1463,96.24,0.2122,65.96,0,0,3,3
50.43,0.023,96.93,-0.085,40.03,3,0,0,3
71.89,-0.4203,61.38,-0.0491,18.74,2,2,2,2
91.2,-0.1414,92.67,0.1896,47.58,0,0,0,0
107.37,0.3432,111.88,0.0956,62.09,1,1,1,1
96.75,0.064,86.65,0.155,43.68,0,0,0,0
99.48,0.1351,94.3,-0.1151,34.25,0,0,0,0
76.71,-0.1513,84.25,-0.1556,38.54,2,0,0,2
90.97,0.1528,95.48,-0.1277,38.43,0,0,0,0
87.79,0.3627,93.27,-0.0383,38.23,1,0,0,1
63.8,0.8539,47.07,-0.1098,69.74,3,3,3,3
92.43,-0.5309,76.72,0.0254,43.08,2,2,0,2
99.65,0.3346,86.73,-0.1341,36.71,1,0,0,1
86.94,-0.2064,90.52,0.0695,31.63,0,0,0,0
93.66,-0.0254,88.66,-0.0338,40.67,0,0,0,0
95.39,0.2859,92.61,0.091,47.99,1,0,0,1
85.31,0.0424,97.99,0.0106,45.06,0,0,0,0
76.74,-0.4773,69.36,0.0414,20.62,2,2,2,2
89.0,-0.4531,96.6,0.1101,32.17,2,0,0,2
92.69,0.0964,82.43,-0.165,45.76,0,0,0,0
89.44,0.1696,94.39,0.0741,43.21,0,0,0,0
117.17,0.1032,129.1,0.0584,47.27,3,3,0,3
79.98,0.5016,90.95,0.0012,38.57,1,0,0,1
114.28,0.4157,112.85,-0.1989,56.82,1,1,1,1
91.42,-0.2624,95.95,0.1656,56.69,2,0,1,1
94.12,0.3317,78.3,0.0708,42.23,1,2,0,1
96.89,-0.0782,89.95,0.1716,76.88,0,0,3,3
92.16,0.0998,84.73,-0.1524,26.45,0,0,2,2
95.01,-0.0965,90.27,-0.0069,47.29,0,0,0,0
107.83,0.2357,92.5,-0.0701,47.2,1,0,0,1
147.88,-0.2672,138.04,-0.004,43.78,2,3,0,3
93.51,-0.406,78.5,-0.1403,41.64,2,2,0,2
89.0,0.0612,102.79,0.1111,41.0,0,1,0,1
99.4,0.0159,113.17,0.0772,34.79,0,1,0,1
89.55,-0.2326,81.1,-0.0722,35.45,0,0,0,0
97.74,0.0936,83.92,-0.0571,17.0,0,0,2,2
78.45,0.8475,88.03,0.1181,48.98,3,0,0,3
51.51,0.8266,49.67,-0.0718,74.12,3,3,3,3
97.08,0.0136,101.69,0.1423,44.36,0,1,0,1
99.95,0.0258,110.15,0.248,37.54,0,1,0,1
97.09,-0.088,83.52,0.0326,30.7,0,0,0,0
99.44,-0.0112,88.38,0.084,41.03,0,0,0,0
88.77,0.1284,69.1,0.0254,39.34,0,2,0,2
91.2,0.0717,91.83,-0.1047,79.34,0,0,3,3
87.63,0.4955,96.9,-0.0945,46.86,1,0,0,1
101.56,0.1422,90.75,0.059,40.63,1,0,0,1
95.62,0.0195,69.12,0.105,30.62,0,2,0,2
93.21,0.0154,99.08,-0.1793,64.34,0,0,1,1
85.33,-0.1169,92.45,-0.0026,48.42,0,0,0,0
104.74,0.5937,92.04,0.0747,50.66,3,0,3,3
58.61,0.0122,97.7,0.0049,31.05,3,0,0,3
50.82,-0.1346,96.46,0.0633,42.63,3,0,0,3
94.29,-0.0318,87.51,0.1725,49.36,0,0,0,0
90.91,-0.0829,87.81,-0.0754,80.31,0,0,3,3
95.44,0.1359,90.53,0.0629,24.35,0,0,2,2
88.9,0.0137,91.2,0.0097,39.69,0,0,0,0
94.53,-0.1631,87.0,0.1655,56.64,0,0,1,1
99.06,0.1816,84.36,-0.1353,49.18,0,0,0,0
93.03,-0.0114,86.35,-0.0366,47.42,0,0,0,0
91.45,-0.1968,84.87,-0.157,34.05,0,0,0,0
106.93,-0.0673,76.43,-0.2012,34.58,1,2,0,1
82.27,-0.3775,70.54,-0.0303,24.51,2,2,2,2
90.43,-0.0719,86.28,-0.0017,22.11,0,0,2,2
94.53,0.1487,71.48,-0.2103,31.86,0,2,0,2
65.24,0.0475,78.12,0.0419,38.35,3,2,0,3
96.06,0.0172,94.61,0.022,37.92,0,0,0,0
98.03,0.2791,90.89,-0.0708,38.43,1,0,0,1
94.45,0.0719,81.29,-0.0491,49.18,0,0,0,0
80.71,0.1557,85.75,0.0972,46.12,2,0,0,2
54.58,0.1124,82.16,0.0533,38.46,3,0,0,3
96.46,-0.3481,94.77,0.0094,32.09,2,0,0,2
114.11,-0.1588,86.25,0.0207,27.77,1,0,2,1
99.87,0.0397,95.46,-0.1436,31.74,0,0,0,0
93.68,0.0126,82.44,0.1072,19.94,0,0,2,2
90.14,0.0378,110.29,-0.0661,49.77,0,1,0,1
97.08,0.0089,83.12,-0.1046,44.56,0,0,0,0
96.03,-0.1273,113.49,0.1073,36.04,0,1,0,1
72.96,-0.0433,94.82,-0.0519,39.33,2,0,0,2
51.43,0.7556,55.06,-0.0393,73.08,3,3,3,3
99.74,0.0495,75.96,-0.0003,39.38,0,2,0,2
90.78,0.1419,98.64,-0.0472,34.33,0,0,0,0
88.82,-0.0435,98.72,-0.0901,65.65,0,0,3,3
123.8,-0.1916,132.96,-0.0577,39.53,3,3,0,3
43.12,0.6474,51.8,-0.0373,77.29,3,3,3,3
112.95,-0.1298,88.37,-0.0505,40.38,1,0,0,1
116.36,-0.2465,140.15,0.0715,32.48,2,3,0,3
86.38,0.6942,85.57,-0.1382,47.57,3,0,0,3
98.12,-0.1904,86.6,-0.1137,62.5,0,0,1,1
54.6,0.6508,53.89,-0.0433,82.44,3,3,3,3
92.45,0.1667,85.2,0.0616,43.28,0,0,0,0
77.34,-0.5223,63.43,0.0693,25.6,2,2,2,2
84.4,-0.5995,88.98,0.0455,34.45,3,0,0,3
94.68,0.0139,101.77,0.0809,47.66,0,1,0,1
139.65,-0.1433,145.64,0.1347,42.03,3,3,0,3
85.28,0.0612,86.1,-0.0554,75.78,0,0,3,3
95.83,-0.2741,66.27,0.0246,35.52,2,2,0,2
125.24,-0.1528,133.37,-0.0028,31.77,3,3,0,3
129.06,0.2041,127.29,-0.1777,51.25,3,3,1,3
106.68,0.1621,99.19,-0.1816,45.37,1,0,0,1
58.78,0.6156,51.42,0.1185,66.51,3,3,3,3
94.85,-0.2109,87.94,-0.1957,38.73,0,0,0,0
90.05,-0.0337,87.2,-0.0475,30.13,0,0,0,0
103.81,0.4004,106.94,0.1151,64.26,1,1,1,1
96.56,0.0005,83.94,-0.0686,42.88,0,0,0,0
95.68,-0.066,102.37,0.0161,33.68,0,1,0,1
112.68,0.3924,110.85,-0.076,61.8,1,1,1,1
96.43,0.1114,97.54,-0.1865,38.6,0,0,0,0
89.93,-0.4823,95.45,0.049,47.9,2,0,0,2
95.71,-0.5653,90.52,0.0287,35.39,3,0,0,3
95.93,-0.1378,82.31,0.1292,75.8,0,0,3,3
65.87,0.0652,85.14,0.0091,51.54,3,0,1,3
98.08,0.1502,82.16,-0.0233,45.12,0,0,0,0
94.32,0.0461,94.43,-0.0517,40.67,0,0,0,0
97.91,-0.0344,80.96,0.0627,76.74,0,0,3,3
98.04,0.0718,80.08,-0.1153,48.95,0,0,0,0
90.85,-0.2017,88.21,-0.0794,49.51,0,0,0,0
89.77,0.0268,96.13,0.0181,33.14,0,0,0,0
97.07,0.0199,94.46,-0.1675,38.28,0,0,0,0
76.15,0.0757,98.49,0.1514,30.92,2,0,0,2
85.81,0.025,88.6,-0.045,37.8,0,0,0,0
87.77,-0.6576,98.99,-0.0778,41.94,3,0,0,3
95.63,-0.1671,88.05,-0.0235,57.16,0,0,1,1
99.09,0.1946,85.06,-0.0511,27.02,0,0,2,2
108.44,-0.1499,91.67,0.0521,49.91,1,0,0,1
85.57,0.0367,95.32,-0.1861,44.21,0,0,0,0
61.53,0.8343,46.62,-0.0547,74.35,3,3,3,3
139.18,-0.1757,139.23,-0.0218,31.8,3,3,0,3
98.4,0.0002,95.73,-0.0662,48.54,0,0,0,0
80.45,-0.3014,68.91,-0.0798,21.44,2,2,2,2
88.14,-0.074,95.1,0.0535,34.89,0,0,0,0
95.96,-0.2324,74.34,0.0431,39.58,0,2,0,2
73.45,0.1938,91.29,0.0464,35.8,2,0,0,2
92.05,-0.104,60.36,0.0402,42.95,0,2,0,2
97.53,0.0573,94.13,0.0405,33.59,0,0,0,0
115.44,0.4392,111.66,0.0056,52.04,1,1,1,1
51.27,0.1141,85.52,-0.0957,40.48,3,0,0,3
76.26,-0.1005,80.15,0.0318,41.71,2,0,0,2
91.51,0.1709,96.12,-0.0612,42.26,0,0,0,0
48.95,0.6746,57.99,-0.1682,78.05,3,3,3,3
94.91,0.226,72.38,-0.0879,47.45,0,2,0,2
87.51,-0.3175,89.65,0.0124,44.42,2,0,0,2
76.89,0.2208,94.31,0.0343,44.81,2,0,0,2
71.71,-0.5005,63.16,-0.0856,15.17,2,2,2,2
88.72,0.0684,77.65,-0.1496,31.07,0,2,0,2
99.34,0.1953,85.86,0.1012,40.73,0,0,0,0
95.9,0.4912,91.75,-0.0314,48.59,1,0,0,1
59.77,0.0781,96.4,0.0433,32.35,3,0,0,3
95.92,-0.0876,108.06,0.06,30.76,0,1,0,1
97.63,-0.015,89.28,0.0548,45.56,0,0,0,0
83.28,-0.4781,98.19,-0.1942,42.44,2,0,0,2
84.02,0.8306,101.59,0.057,31.66,3,1,0,3
91.76,0.0027,95.69,0.0372,33.08,0,0,0,0
99.84,0.4565,92.84,0.1152,46.0,1,0,0,1
81.06,0.1007,97.8,-0.1369,47.49,2,0,0,2
99.68,-0.3337,91.3,0.1592,33.69,2,0,0,2
132.35,-0.1274,136.72,-0.0517,41.54,3,3,0,3
90.22,0.1201,84.45,-0.0709,28.0,0,0,2,2
97.64,-0.0728,82.77,-0.0092,36.68,0,0,0,0
104.95,0.0911,86.09,0.0745,41.94,1,0,0,1
94.44,0.5826,88.84,-0.1237,43.1,3,0,0,3
143.02,0.1085,139.4,0.1329,32.92,3,3,0,3
118.83,-0.0692,144.94,-0.0545,43.2,3,3,0,3
92.52,0.1104,83.69,0.1114,27.63,0,0,2,2
91.34,0.2212,82.3,0.0285,32.46,0,0,0,0
71.28,-0.3534,61.94,0.0453,23.08,2,2,2,2
113.1,0.21,87.8,0.1155,38.64,1,0,0,1
97.24,0.1547,91.02,0.1915,61.63,0,0,1,1
93.86,0.0018,97.44,-0.0427,27.52,0,0,2,2
90.82,0.7802,82.01,0.1109,47.3,3,0,0,3
99.67,0.5103,97.74,0.1684,58.03,1,0,1,1
90.89,-0.2304,83.2,-0.1483,30.67,0,0,0,0
101.48,-0.0981,90.63,-0.0088,76.87,1,0,3,3
90.06,-0.2019,87.37,0.1813,30.2,0,0,0,0
108.44,0.4764,102.01,-0.0426,54.14,1,1,1,1
78.15,-0.1512,96.71,0.1095,36.03,2,0,0,2
61.45,0.6698,37.99,-0.0875,70.81,3,3,3,3
85.45,0.8754,93.97,-0.0223,33.94,3,0,0,3
89.73,0.0792,84.58,0.1707,58.11,0,0,1,1
96.03,0.1085,112.47,-0.1111,42.8,0,1,0,1
85.74,-0.4242,89.26,0.0361,46.16,2,0,0,2
98.71,0.325,86.75,0.149,36.8,1,0,0,1
90.05,-0.0802,87.23,0.1781,45.09,0,0,0,0
98.57,-0.0796,86.04,-0.0332,21.54,0,0,2,2
93.77,0.0362,80.31,0.0518,33.01,0,0,0,0
96.15,0.1918,86.61,-0.1727,35.39,0,0,0,0
86.92,-0.1387,105.26,0.2332,49.92,0,1,0,1
86.41,-0.4378,99.12,-0.0582,46.32,2,0,0,2
74.84,0.0527,86.54,0.1243,41.08,2,0,0,2
93.58,-0.9549,91.11,-0.0421,33.18,3,0,0,3
99.9,0.0635,89.22,0.1256,26.19,0,0,2,2
89.88,0.0785,89.55,0.0952,40.23,0,0,0,0
95.0,-0.1061,87.17,0.0191,45.88,0,0,0,0
77.56,0.0108,89.55,-0.2167,45.38,2,0,0,2
92.53,0.0965,80.23,-0.1154,41.42,0,0,0,0
85.53,-0.0428,81.51,0.0532,41.0,0,0,0,0
126.08,-0.1395,120.05,-0.0088,51.86,3,3,1,3
95.92,0.1031,83.06,0.0682,32.61,0,0,0,0
98.01,-0.8338,95.65,-0.0197,37.59,3,0,0,3
98.83,0.2152,96.26,-0.0656,59.11,0,0,1,1
75.18,-0.0325,78.72,0.1389,40.8,2,2,0,2
85.78,0.3547,95.74,0.0961,39.93,1,0,0,1
99.24,0.6139,85.18,-0.0968,36.48,3,0,0,3
97.26,0.0092,97.05,0.0665,47.38,0,0,0,0
90.04,-0.1574,63.89,0.0121,46.6,0,2,0,2
104.0,0.3604,113.08,0.0255,55.93,1,1,1,1
87.74,-0.0555,81.44,0.1156,37.31,0,0,0,0
96.57,-0.051,98.46,-0.0703,43.63,0,0,0,0
90.0,0.0542,101.46,0.1743,36.46,0,1,0,1
51.21,0.0082,94.09,-0.0412,46.14,3,0,0,3
51.18,0.8758,54.67,0.0706,82.18,3,3,3,3
54.34,0.5809,44.71,-0.0053,74.33,3,3,3,3
95.55,-0.2127,97.41,-0.0372,75.12,0,0,3,3
91.23,-0.078,88.17,-0.1425,33.38,0,0,0,0
86.26,-0.5778,91.47,0.1496,33.24,3,0,0,3
91.62,0.0977,84.3,-0.01,47.9,0,0,0,0
55.67,-0.0979,89.81,0.0569,47.41,3,0,0,3
57.72,0.7076,51.59,-0.1477,72.89,3,3,3,3
96.33,0.032,94.18,0.0492,49.22,0,0,0,0
50.42,0.1271,86.69,-0.0771,37.37,3,0,0,3
73.72,-0.1811,87.97,-0.0654,46.01,2,0,0,2
98.08,0.0123,86.17,-0.1709,33.36,0,0,0,0
71.61,-0.0644,86.06,0.0385,35.9,2,0,0,2
103.11,0.4392,101.02,-0.049,64.38,1,1,1,1
90.62,-0.1021,110.67,-0.1601,47.79,0,1,0,1
87.35,0.1545,85.95,-0.1424,15.92,0,0,2,2
92.01,0.036,66.03,-0.033,48.06,0,2,0,2
93.19,0.263,84.51,0.1683,35.78,1,0,0,1
82.23,-0.0709,91.89,-0.1859,42.42,2,0,0,2
80.68,-0.4071,71.61,-0.0581,26.81,2,2,2,2
90.91,-0.3186,82.49,-0.1736,40.88,2,0,0,2
48.01,0.7727,36.45,-0.1214,74.33,3,3,3,3
96.16,-0.1332,92.62,0.1315,48.6,0,0,0,0
91.45,0.7173,91.9,0.0624,40.55,3,0,0,3
86.6,-0.6688,100.78,0.1453,47.76,3,3,0,3
99.37,0.0282,88.12,-0.0152,46.27,0,0,0,0
89.06,-0.3761,93.62,-0.1014,39.14,2,0,0,2
114.53,0.3126,111.13,-0.058,56.05,1,1,1,1
91.23,0.0483,92.23,-0.0823,38.07,0,0,0,0
96.29,-0.0408,93.38,-0.0428,36.36,0,0,0,0
76.32,0.2195,96.52,-0.0522,36.88,2,0,0,2
91.64,-0.054,88.39,0.0747,37.97,0,0,0,0
99.76,0.0921,87.83,0.0723,24.09,0,0,2,2
89.09,-0.3365,98.92,0.0213,37.78,2,0,0,2
79.19,0.4814,85.64,-0.1053,47.25,1,0,0,1
87.0,0.0109,76.83,-0.0747,37.57,0,2,0,2
97.92,-0.0827,102.07,-0.1467,40.66,0,1,0,1
106.23,0.2216,93.76,-0.0067,46.69,1,0,0,1
90.17,-0.0082,86.02,-0.0154,45.63,0,0,0,0
89.44,0.0421,83.09,0.0506,36.83,0,0,0,0
50.81,-0.0468,90.23,0.1068,47.02,3,0,0,3
75.83,-0.2047,82.44,0.103,37.71,2,0,0,2
107.43,-0.0941,90.25,-0.0825,42.01,1,0,0,1
51.76,-0.1934,94.65,0.136,40.88,3,0,0,3
113.85,0.015,82.4,0.0975,40.99,1,0,0,1
96.68,-0.0622,86.27,0.0488,44.01,0,0,0,0
86.76,0.1725,84.24,-0.0891,54.31,0,0,1,1
91.62,-0.1706,90.66,0.1441,42.11,0,0,0,0
90.57,0.3623,92.26,0.0329,45.69,1,0,0,1
99.83,0.1204,89.58,0.1889,41.51,0,0,0,0
92.08,-0.0129,110.72,0.1525,38.92,0,1,0,1
60.15,0.7864,58.15,0.1661,68.38,3,3,3,3
49.57,0.7717,47.77,0.0548,63.57,3,3,1,3
98.82,-0.1758,97.82,-0.0582,35.23,0,0,0,0
55.46,-0.115,91.65,-0.0046,43.74,3,0,0,3
92.58,0.263,95.77,-0.0172,77.79,1,0,3,3
94.18,0.152,96.76,0.1079,49.51,0,0,0,0
119.38,0.1858,117.04,-0.0646,46.12,3,3,0,3
96.41,-0.2121,93.86,-0.041,49.24,0,0,0,0
86.65,-0.8575,100.38,-0.1803,47.15,3,3,0,3
141.6,0.1755,138.15,-0.0591,33.85,3,3,0,3
90.51,0.3476,86.48,-0.0417,28.47,1,0,2,1
91.63,0.0073,101.7,-0.0932,59.42,0,1,1,1
84.89,-0.429,77.54,-0.0601,21.43,2,2,2,2
94.03,0.6169,97.72,0.0334,33.98,3,0,0,3
86.19,0.187,88.55,-0.1353,66.94,0,0,3,3
83.51,0.2337,94.72,0.193,49.9,2,0,0,2
88.47,-0.04,83.87,-0.0519,38.83,0,0,0,0
85.51,0.3754,86.68,0.0103,40.09,1,0,0,1
96.46,0.0201,89.81,0.0477,41.14,0,0,0,0
85.96,0.0313,92.08,-0.0155,36.44,0,0,0,0
101.28,-0.6112,81.07,0.1591,35.1,3,0,0,3
96.92,0.2107,87.07,0.0873,46.92,0,0,0,0
78.61,-0.3641,70.8,0.0292,18.87,2,2,2,2
96.62,-0.1409,96.6,-0.1241,34.08,0,0,0,0
91.81,-0.1575,96.83,-0.112,33.65,0,0,0,0
93.32,-0.0788,91.19,0.1094,36.82,0,0,0,0
90.28,0.2173,84.26,-0.1126,36.9,0,0,0,0
98.28,0.423,87.53,0.0932,32.18,1,0,0,1
135.85,0.0025,145.01,-0.054,34.57,3,3,0,3
98.74,-0.1198,83.16,-0.0435,35.66,0,0,0,0
91.04,-0.8521,95.06,0.1122,32.92,3,0,0,3
92.72,-0.0149,63.44,0.1568,35.28,0,2,0,2
98.36,-0.037,83.9,0.1154,44.59,0,0,0,0
97.9,-0.0095,94.35,0.0561,70.33,0,0,3,3
98.92,0.1756,91.54,-0.0633,44.82,0,0,0,0
89.54,-0.0705,89.81,-0.0545,58.26,0,0,1,1
95.23,0.0595,96.01,-0.1129,36.52,0,0,0,0
95.25,-0.1715,84.67,0.1521,32.77,0,0,0,0
86.15,-0.4801,84.35,-0.1992,48.28,2,0,0,2
103.72,-0.0519,83.61,-0.1631,49.09,1,0,0,1
52.31,-0.051,94.16,0.031,44.85,3,0,0,3
70.41,-0.0723,83.73,0.0092,48.61,2,0,0,2
81.4,0.2961,93.17,0.0573,33.35,1,0,0,1
98.41,0.1021,66.87,-0.0263,43.75,0,2,0,2
90.5,-0.3192,91.78,-0.0536,35.75,2,0,0,2
79.57,0.0034,81.98,0.0861,35.16,2,0,0,2
87.4,0.1012,101.19,-0.1665,78.18,0,1,3,3
57.88,0.565,56.45,-0.1328,78.99,3,3,3,3
83.53,0.4477,91.7,-0.1072,40.09,1,0,0,1
105.76,-0.2123,101.86,0.0569,46.22,1,1,0,1
99.66,-0.5842,87.36,0.1929,36.66,3,0,0,3
95.35,-0.1032,82.9,-0.087,69.7,0,0,3,3
98.49,-0.1525,77.82,0.1111,33.84,0,2,0,2
101.57,0.8601,90.14,-0.0527,48.62,3,0,0,3
60.29,0.0342,93.7,0.0186,39.17,3,0,0,3
97.9,0.3209,83.88,-0.0623,40.87,1,0,0,1
94.44,0.0081,92.97,0.0825,57.88,0,0,1,1
97.3,-0.112,90.33,0.1218,77.26,0,0,3,3
85.04,-0.1133,95.83,0.0441,40.05,0,0,0,0
90.94,-0.1064,89.36,0.0423,42.31,0,0,0,0
87.41,0.2133,109.9,-0.0273,39.82,0,1,0,1
90.95,0.0964,91.27,-0.0505,35.0,0,0,0,0
101.47,0.2513,86.13,0.0886,35.58,1,0,0,1
99.17,0.1463,93.16,-0.0437,36.98,0,0,0,0
98.03,0.6181,93.5,0.2374,33.48,3,0,0,3
130.47,0.0382,115.9,-0.0814,31.93,3,3,0,3
92.58,-0.1363,87.41,-0.0582,39.62,0,0,0,0
90.92,0.0229,81.6,-0.0633,17.75,0,0,2,2
72.18,0.1183,82.25,0.0942,44.79,2,0,0,2
76.91,0.1286,97.76,0.0463,27.15,2,0,2,2
102.26,0.1712,86.19,0.1051,41.94,1,0,0,1
94.87,0.5275,97.78,-0.0371,29.96,1,0,3,3
94.41,0.0508,86.03,0.1126,41.1,0,0,0,0
93.57,-0.5202,92.72,-0.2359,40.65,2,0,0,2
100.54,-0.3172,93.15,-0.1433,46.64,2,0,0,2
56.74,0.1574,100.74,0.0358,47.8,3,3,0,3
99.21,-0.0252,80.37,0.0363,31.64,0,0,0,0
94.5,-0.1745,90.65,-0.0769,42.96,0,0,0,0
96.35,-0.026,78.11,-0.0607,73.97,0,2,3,3
101.29,0.0079,104.51,0.0633,36.59,1,1,0,1
96.91,0.1754,85.72,0.0293,35.16,0,0,0,0
51.4,0.6591,50.27,0.0549,81.54,3,3,3,3
49.77,-0.2361,94.34,0.082,45.45,3,0,0,3
98.13,-0.0687,80.67,0.0471,49.81,0,0,0,0
93.14,0.1077,83.54,0.0113,55.53,0,0,1,1
94.18,0.1856,89.89,0.0262,47.27,0,0,0,0
96.58,-0.0543,84.26,0.159,32.42,0,0,0,0
73.66,-0.2281,85.28,-0.0625,40.78,2,0,0,2
98.31,-0.0312,98.08,-0.0103,33.74,0,0,0,0
95.93,-0.1818,83.19,0.0842,36.9,0,0,0,0
103.95,0.8913,101.53,-0.0239,33.39,3,1,0,3
93.45,-0.2487,90.43,-0.1531,43.04,2,0,0,2
95.63,0.0102,74.99,-0.0162,34.68,0,2,0,2
96.29,0.0889,84.76,0.1575,54.28,0,0,1,1
85.89,-0.1183,90.6,-0.0916,19.8,0,0,2,2
93.78,0.0216,96.03,0.0472,40.43,0,0,0,0
111.7,-0.0912,80.21,0.0685,40.97,1,0,0,1
96.09,-0.8436,92.15,0.0994,42.06,3,0,0,3
87.83,-0.3966,84.97,0.0921,39.7,2,0,0,2
71.19,-0.0635,88.27,-0.0546,42.38,2,0,0,2
79.62,0.0904,87.42,0.0063,43.51,2,0,0,2
79.61,0.1421,82.64,-0.1026,40.75,2,0,0,2
56.08,0.7953,45.43,0.0005,79.49,3,3,3,3
96.7,-0.091,81.73,-0.0662,44.31,0,0,0,0
94.47,0.0528,113.45,-0.0757,46.14,0,1,0,1
92.97,0.0311,98.46,0.1581,45.1,0,0,0,0
89.78,0.5309,97.64,0.0764,41.15,1,0,0,1
95.78,0.4655,97.37,-0.0779,48.76,1,0,0,1
109.28,-0.135,77.76,-0.1045,47.26,1,2,0,1
134.34,0.0243,118.88,-0.1235,33.76,3,3,0,3
70.28,-0.2907,73.55,-0.0943,25.72,2,2,2,2
92.59,-0.1864,98.26,-0.067,44.02,0,0,0,0
103.05,0.1556,89.14,-0.1339,84.1,1,0,3,3
55.13,-0.1905,96.7,0.1604,31.29,3,0,0,3
97.38,0.229,91.62,0.1125,17.63,0,0,2,2
85.45,-0.4717,88.69,-0.0284,41.58,2,0,0,2
89.4,-0.5046,83.21,0.1242,27.82,2,0,2,2
97.89,-0.1777,92.99,0.0224,64.24,0,0,1,1
103.37,0.177,99.51,-0.0725,31.78,1,0,0,1
89.41,-0.0177,96.43,0.0075,38.9,0,0,0,0
90.76,-0.0901,80.04,0.0983,40.75,0,0,0,0
89.47,0.4955,99.12,-0.0765,50.11,1,0,3,3
49.97,0.5198,52.7,0.0209,72.39,1,3,3,3
83.65,0.2082,92.05,0.0041,22.9,2,0,2,2
97.32,0.098,66.9,0.1707,26.85,0,2,2,2
94.07,0.178,90.73,0.0949,31.76,0,0,0,0
104.32,0.3561,109.77,-0.041,49.02,1,1,0,1
88.05,0.3078,93.31,-0.0783,32.81,1,0,0,1
92.11,-0.1303,88.01,0.101,45.94,0,0,0,0
79.26,0.138,98.68,-0.0965,28.23,2,0,2,2
86.13,0.0587,66.48,-0.0268,31.42,0,2,0,2
71.28,-0.4105,65.72,-0.011,21.31,2,2,2,2
98.78,0.1064,107.68,-0.2481,41.96,0,1,0,1
87.87,0.0014,92.59,0.0359,43.38,0,0,0,0
50.85,0.5852,49.74,-0.141,78.41,3,3,3,3
86.58,0.1303,82.14,0.067,45.2,0,0,0,0
57.18,0.7782,45.58,0.0997,81.38,3,3,3,3
55.61,0.5934,36.46,0.042,70.12,3,3,3,3
96.74,-0.1154,100.87,-0.0262,84.86,0,3,3,3
88.55,0.1082,96.44,-0.0777,47.51,0,0,0,0
86.26,-0.1427,66.17,0.0332,44.86,0,2,0,2
71.65,-0.0212,99.34,-0.1552,41.81,2,0,0,2
97.78,0.1128,99.35,0.0135,38.93,0,0,0,0
92.98,0.502,84.26,0.0659,52.19,1,0,1,1
86.48,-0.5007,88.5,-0.1003,29.88,2,0,3,3
102.91,-0.1007,96.38,-0.1001,36.11,1,0,0,1
93.77,0.1051,93.67,0.1046,54.62,0,0,1,1
112.05,0.0853,96.47,-0.0733,35.17,1,0,0,1
95.46,-0.1397,92.69,-0.1071,61.98,0,0,1,1
86.61,0.4257,87.86,-0.0905,39.72,1,0,0,1
110.23,0.0588,80.48,0.1965,42.59,1,0,0,1
83.19,0.1225,85.38,-0.1123,45.61,2,0,0,2
101.13,-0.3898,96.17,0.05,38.56,2,0,0,2
44.71,0.8253,41.67,-0.0364,81.07,3,3,3,3
98.82,0.0358,95.31,0.1503,37.84,0,0,0,0
94.1,-0.1682,83.77,-0.1568,40.65,0,0,0,0
93.02,-0.1049,66.29,0.0396,41.46,0,2,0,2
94.78,0.4732,86.14,0.1052,46.78,1,0,0,1
91.26,-0.0174,87.38,-0.008,55.41,0,0,1,1
56.91,0.901,46.88,0.1632,72.88,3,3,3,3
41.33,0.0301,91.71,0.076,31.61,3,0,0,3
85.92,-0.036,98.5,0.1107,43.99,0,0,0,0
140.53,0.1567,127.19,0.0035,50.47,3,3,3,3
90.17,0.1391,80.9,0.1864,31.39,0,0,0,0
101.54,0.3786,101.95,-0.034,51.96,1,1,1,1
90.5,-0.0068,99.81,-0.0523,48.98,0,0,0,0
105.04,0.6907,85.75,-0.1381,39.04,3,0,0,3
93.12,-0.1015,64.87,0.0118,28.9,0,2,2,2
92.83,0.0564,86.37,0.0268,39.21,0,0,0,0
95.74,-0.0585,88.99,0.1317,46.5,0,0,0,0
80.51,0.1177,96.11,0.068,36.62,2,0,0,2
54.31,0.8516,49.44,0.1857,67.81,3,3,3,3
96.13,0.0383,81.52,0.0073,60.53,0,0,1,1
85.69,0.0488,82.38,0.0589,49.6,0,0,0,0
48.55,0.0119,80.54,-0.1229,39.58,3,0,0,3
90.53,0.1109,101.03,-0.1282,75.81,0,1,3,3
114.53,0.525,106.76,0.0464,63.62,1,1,1,1
90.98,-0.8936,89.66,0.0249,33.36,3,0,0,3
94.18,-0.1228,86.12,-0.0982,33.01,0,0,0,0
80.49,0.0429,88.82,-0.0046,41.79,2,0,0,2
91.24,0.4053,95.71,0.0068,36.63,1,0,0,1
101.1,0.5176,86.26,-0.0442,28.89,1,0,2,1
82.36,0.3822,84.54,0.0355,48.83,1,0,0,1
88.61,-0.177,99.79,-0.092,48.33,0,0,0,0
86.45,-0.4298,88.19,0.1351,34.73,2,0,0,2
83.9,-0.0788,78.02,-0.1,33.91,2,2,0,2
90.26,-0.1064,86.28,0.0181,78.92,0,0,3,3
85.78,-0.081,83.26,0.0625,43.51,0,0,0,0
100.21,-0.3461,84.5,0.0458,48.95,2,0,0,2
86.94,0.4398,88.43,0.0503,35.94,1,0,0,1
92.72,0.0402,100.34,-0.0467,75.27,0,3,3,3
91.43,-0.0342,83.47,0.0846,49.77,0,0,0,0
79.5,0.1519,86.75,-0.0478,40.18,2,0,0,2
95.1,-0.1583,94.85,0.0366,75.31,0,0,3,3
98.75,-0.1144,89.56,-0.0705,36.87,0,0,0,0
85.1,-0.0128,104.79,-0.0387,42.51,0,1,0,1
96.5,-0.0292,84.42,0.1144,37.51,0,0,0,0
93.69,-0.133,79.36,-0.0206,65.25,0,3,3,3
83.7,-0.3716,90.48,0.0761,41.95,2,0,0,2
90.38,0.0022,89.27,-0.0667,54.73,0,0,1,1
90.66,0.1239,61.93,-0.109,31.01,0,2,0,2
85.35,-0.0772,85.5,0.1125,44.79,0,0,0,0
94.87,-0.0609,66.12,0.0686,38.59,0,2,0,2
92.91,-0.0456,93.88,-0.0806,36.0,0,0,0,0
91.99,-0.7229,88.38,-0.0246,42.95,3,0,0,3
93.06,0.0499,95.3,0.1545,17.59,0,0,2,2
91.99,-0.0494,83.57,0.0695,35.88,0,0,0,0
51.12,0.1707,76.34,-0.1556,41.11,3,2,0,3
107.74,0.2647,86.57,-0.0947,48.44,1,0,0,1
99.84,0.1287,94.85,0.0623,31.6,0,0,0,0
103.5,0.1946,94.38,0.0344,46.67,1,0,0,1
92.84,-0.3563,81.74,-0.0591,30.53,2,0,0,2
76.65,-0.0013,86.67,0.1191,42.41,2,0,0,2
49.05,0.6549,45.33,-0.0236,69.48,3,3,3,3
143.24,-0.0167,129.5,0.0774,39.51,3,3,0,3
87.3,-0.1724,104.56,0.021,36.97,0,1,0,1
98.86,0.2178,97.32,0.0368,30.09,0,0,0,0
128.12,0.0597,146.26,-0.0554,50.41,3,3,3,3
87.24,0.1236,99.33,0.0531,33.81,0,0,0,0
80.96,-0.0203,98.29,0.021,30.79,2,0,0,2
88.09,0.0251,91.96,0.0874,39.91,0,0,0,0
54.14,0.7766,42.21,0.0671,75.36,3,3,3,3
91.68,0.0176,96.61,-0.1217,48.16,0,0,0,0
97.15,-0.0516,96.25,0.1551,49.41,0,0,0,0
130.13,0.1858,138.41,0.1341,34.69,3,3,0,3
57.41,0.7304,58.64,-0.0081,75.18,3,3,3,3
97.48,0.1472,106.06,-0.2202,38.94,0,1,0,1
99.65,0.6702,96.07,0.0468,45.78,3,0,0,3
109.47,-0.1658,77.9,-0.0054,48.3,1,2,0,1
65.53,-0.1424,80.79,0.1578,36.01,3,0,0,3
110.45,0.2858,94.19,-0.0182,39.61,1,0,0,1
45.24,0.2384,90.84,0.0518,36.64,3,0,0,3
92.05,-0.0215,94.42,0.1141,42.26,0,0,0,0
100.32,-0.534,88.2,-0.0787,34.38,2,0,0,2
114.73,0.103,141.16,0.1278,44.41,1,3,0,3
80.93,-0.2323,97.96,-0.0784,31.59,2,0,0,2
94.13,0.3849,85.86,-0.1632,47.58,1,0,0,1
131.22,0.1508,120.78,-0.0712,34.68,3,3,0,3
98.66,-0.1395,87.78,-0.0438,43.76,0,0,0,0
144.3,-0.1237,123.11,-0.0959,34.89,3,3,0,3
93.3,0.8095,92.55,0.0905,33.09,3,0,0,3
58.76,0.8508,41.59,-0.0789,72.76,3,3,3,3
80.7,0.1559,88.88,-0.1583,41.61,2,0,0,2
105.4,0.478,113.27,0.0088,56.19,1,1,1,1
102.61,-0.1655,85.2,-0.0555,38.19,1,0,0,1
93.09,-0.3222,90.92,0.0201,47.3,2,0,0,2
97.97,-0.319,94.9,-0.0047,34.75,2,0,0,2
93.83,0.0879,97.7,-0.0853,31.68,0,0,0,0
91.25,0.4264,90.53,0.0156,39.81,1,0,0,1
93.79,0.1124,74.05,0.1856,44.38,0,2,0,2
89.5,-0.1353,87.2,0.0029,39.88,0,0,0,0
86.45,0.7692,83.09,0.0136,34.69,3,0,0,3
86.61,-0.0413,68.23,0.1239,39.32,0,2,0,2
111.38,0.0702,93.12,-0.0383,42.01,1,0,0,1
93.96,-0.0517,86.18,-0.0533,23.63,0,0,2,2
45.68,0.6789,52.66,0.1158,69.57,3,3,3,3
71.51,-0.1811,96.64,-0.0099,36.57,2,0,0,2
101.19,0.2424,111.34,-0.0826,38.95,1,1,0,1
89.07,0.7309,99.43,0.2113,34.48,3,0,0,3
88.73,-0.2191,96.93,-0.043,40.39,0,0,0,0
94.16,-0.2481,112.09,0.1897,30.51,2,1,0,1
89.25,-0.1624,95.45,-0.056,39.73,0,0,0,0
92.77,-0.1237,93.95,-0.0663,42.91,0,0,0,0
85.94,-0.3515,97.8,0.0411,32.51,2,0,0,2
91.83,-0.1046,84.43,-0.1127,16.41,0,0,2,2
87.54,0.1437,71.09,-0.0225,32.69,0,2,0,2
91.69,0.4785,85.79,-0.0779,41.81,1,0,0,1
95.94,-0.0427,99.35,0.1163,39.54,0,0,0,0
88.67,0.5312,84.67,-0.1116,32.87,1,0,0,1
90.29,-0.0622,79.31,0.0586,81.31,0,3,3,3
94.64,0.0479,95.69,0.0536,77.49,0,0,3,3
63.72,0.8797,55.66,0.0313,81.31,3,3,3,3
93.23,0.2041,84.49,0.0767,19.29,0,0,2,2
87.13,0.2304,86.25,0.147,37.66,0,0,0,0
73.06,0.1444,88.09,-0.0656,32.49,2,0,0,2
136.18,0.2203,116.07,-0.012,43.81,3,3,0,3
90.47,-0.1911,105.74,0.0681,38.13,0,1,0,1
96.72,-0.0177,92.82,0.1013,38.55,0,0,0,0
88.34,-0.157,91.1,0.1153,39.52,0,0,0,0
107.89,0.0567,83.17,0.0622,46.33,1,0,0,1
93.3,-0.8024,95.67,-0.0057,36.86,3,0,0,3
85.08,0.4511,82.06,-0.082,39.66,1,0,0,1
81.7,-0.2056,80.74,0.0235,45.66,2,0,0,2
87.84,0.1675,99.18,0.0438,42.63,0,0,0,0
89.92,0.3305,87.26,0.0613,38.82,1,0,0,1
87.31,-0.7125,86.95,-0.1681,38.8,3,0,0,3
84.84,0.5577,80.57,-0.0572,45.51,3,0,0,3
89.43,0.2442,88.91,-0.0505,27.99,1,0,2,1
88.91,-0.5818,91.62,-0.1744,29.89,3,0,3,3
90.11,-0.6632,85.88,0.116,30.33,3,0,0,3
84.18,0.5115,93.24,0.0331,44.8,1,0,0,1
94.32,-0.0137,81.0,-0.0837,37.85,0,0,0,0
105.86,0.0532,91.49,0.0376,30.48,1,0,0,1
93.74,-0.0079,85.8,0.1562,58.65,0,0,1,1
99.05,-0.2623,112.9,-0.0565,31.26,2,1,0,1
59.97,0.7638,53.48,-0.0431,68.9,3,3,3,3
51.94,0.9622,44.04,-0.0156,77.33,3,3,3,3
87.44,-0.0374,81.98,-0.1203,55.13,0,0,1,1
107.0,-0.0805,90.77,-0.1001,30.92,1,0,0,1
87.5,0.1261,104.95,-0.1013,41.54,0,1,0,1
136.15,0.1205,127.28,-0.0947,48.7,3,3,0,3
74.65,0.1545,83.08,-0.0821,39.48,2,0,0,2
91.58,0.0347,80.62,-0.1826,38.4,0,0,0,0
85.15,0.0715,86.01,0.0405,71.85,0,0,3,3
86.3,0.3517,89.27,0.0035,35.87,1,0,0,1
87.39,-0.2226,92.15,-0.0145,56.55,0,0,1,1
93.68,-0.0354,85.31,0.1459,36.76,0,0,0,0
99.07,-0.0017,82.28,0.0214,46.44,0,0,0,0
93.94,0.0601,95.41,-0.0086,34.75,0,0,0,0
89.26,0.0033,84.05,-0.0615,43.01,0,0,0,0
96.45,0.0631,85.08,-0.0468,45.16,0,0,0,0
90.84,-0.1184,90.29,0.024,41.77,0,0,0,0
108.97,0.2172,93.55,0.1435,33.84,1,0,0,1
112.21,0.1081,84.99,0.0243,43.42,1,0,0,1
106.86,0.2026,86.12,-0.0131,47.84,1,0,0,1
143.9,-0.1167,138.71,-0.0443,44.54,3,3,0,3
105.37,0.0071,91.98,0.1022,41.38,1,0,0,1
95.74,0.066,96.83,0.0177,47.06,0,0,0,0
92.09,0.4334,90.02,-0.1946,35.29,1,0,0,1
90.72,0.6369,92.06,-0.144,37.36,3,0,0,3
83.95,-0.5096,73.25,-0.127,20.45,2,2,2,2
97.08,-0.0612,103.95,0.0218,51.42,0,1,1,1
57.65,0.6012,58.4,0.1445,84.25,3,3,3,3
96.52,0.4168,87.7,0.1371,44.86,1,0,0,1
97.8,-0.1529,85.63,-0.1841,36.12,0,0,0,0
95.53,-0.1717,75.93,0.0451,54.31,0,2,1,1
77.78,-0.4856,65.45,0.0951,21.25,2,2,2,2
95.54,0.8417,87.66,0.0916,30.28,3,0,0,3
113.53,0.0776,88.64,0.0966,35.32,1,0,0,1
88.25,-0.0088,94.49,0.1129,38.49,0,0,0,0
99.32,-0.5155,93.33,-0.0255,39.2,2,0,0,2
55.85,0.1167,85.2,0.0303,45.82,3,0,0,3
89.27,0.1153,97.62,0.0446,41.2,0,0,0,0
92.28,0.0009,83.97,-0.0059,32.27,0,0,0,0
79.94,-0.453,67.61,-0.0639,22.61,2,2,2,2
98.12,0.0062,111.04,-0.0551,26.33,0,1,2,1
87.2,0.1246,67.91,0.0537,34.8,0,2,0,2
90.42,0.2175,89.9,0.1602,37.27,0,0,0,0
97.67,-0.0351,88.05,0.0013,36.29,0,0,0,0
91.47,0.6012,92.81,-0.0237,50.24,3,0,3,3
89.58,0.1869,99.2,-0.0457,44.85,0,0,0,0
95.88,-0.1802,87.71,-0.0901,67.25,0,0,3,3
117.37,0.226,137.36,-0.0877,42.68,3,3,0,3
60.92,0.1751,89.97,0.1075,42.72,3,0,0,3
137.16,-0.272,130.65,-0.1408,32.25,2,3,0,3
88.62,0.1686,98.89,-0.037,45.11,0,0,0,0
92.81,0.3783,93.81,-0.0598,31.92,1,0,0,1
129.15,-0.0048,138.55,0.1691,28.92,3,3,2,3
51.72,-0.1347,102.91,0.0155,36.06,3,1,0,3
92.11,0.0315,88.57,-0.027,72.2,0,0,3,3
90.75,0.0932,87.74,0.082,45.22,0,0,0,0
92.9,0.0436,85.65,-0.0592,34.13,0,0,0,0
85.66,-0.1176,84.25,0.101,44.57,0,0,0,0
87.24,0.8086,88.8,0.0199,40.21,3,0,0,3
96.1,0.0916,91.7,0.1434,39.84,0,0,0,0
76.2,-0.3372,75.95,-0.1778,22.11,2,2,2,2
91.8,-0.1809,94.98,0.2008,39.81,0,0,0,0
67.0,0.6713,54.49,0.1539,80.77,3,3,3,3
96.57,0.0817,90.74,-0.0793,43.59,0,0,0,0
68.23,-0.1388,88.75,-0.0973,32.93,3,0,0,3
123.4,0.0687,134.19,0.1126,44.35,3,3,0,3
116.65,0.5365,109.98,0.0043,55.58,1,1,1,1
56.48,0.668,52.97,0.2518,82.75,3,3,3,3
92.13,0.1825,96.14,0.0084,55.87,0,0,1,1
93.98,-0.1663,89.59,0.0284,44.39,0,0,0,0
87.52,-0.0553,92.0,0.0363,47.26,0,0,0,0
121.31,-0.038,123.76,0.0048,36.67,3,3,0,3
100.06,0.4907,80.71,-0.0397,42.05,1,0,0,1
105.85,0.1563,91.55,0.0469,32.65,1,0,0,1
89.62,0.1401,93.29,-0.1404,45.25,0,0,0,0
89.6,0.0489,81.4,-0.0652,32.94,0,0,0,0
72.33,0.6433,53.87,-0.0513,71.28,3,3,3,3
110.4,-0.1731,86.16,-0.0638,34.59,1,0,0,1
99.59,0.712,96.6,0.017,40.39,3,0,0,3
85.21,0.1749,91.76,0.0335,61.6,0,0,1,1
91.87,0.0283,85.06,0.1088,47.05,0,0,0,0
94.8,0.0521,85.99,0.011,53.69,0,0,1,1
87.81,0.2027,96.38,0.0708,36.47,0,0,0,0
94.56,0.1987,83.14,-0.0777,74.71,0,0,3,3
91.46,-0.1056,92.46,-0.1771,83.52,0,0,3,3
72.16,-0.0566,92.11,0.1905,41.62,2,0,0,2
89.22,0.1269,97.98,0.0629,16.86,0,0,2,2
87.22,0.0702,72.8,0.017,38.49,0,2,0,2
88.61,-0.3222,99.16,0.03,44.25,2,0,0,2
84.12,-0.4278,85.19,0.0632,31.41,2,0,0,2
49.29,0.6123,54.91,0.0302,78.19,3,3,3,3
86.0,-0.0202,111.08,-0.0345,45.84,0,1,0,1
90.75,-0.1774,86.26,-0.0331,45.83,0,0,0,0
88.2,0.1613,75.21,0.144,30.71,0,2,0,2
97.27,0.4763,85.58,-0.0294,42.49,1,0,0,1
105.97,-0.0686,78.52,0.0329,38.32,1,2,0,1
95.32,0.154,111.2,-0.0868,34.87,0,1,0,1
93.01,0.0851,89.24,-0.0089,47.85,0,0,0,0
135.77,-0.0457,139.38,-0.0213,47.35,3,3,0,3
112.57,0.5226,101.55,-0.1087,60.89,1,1,1,1
86.89,0.6931,97.74,0.0779,47.67,3,0,0,3
102.64,0.2935,95.48,0.0538,38.04,1,0,0,1
90.83,-0.1028,64.68,0.0074,45.96,0,2,0,2
96.02,-0.0335,83.38,-0.0421,69.29,0,0,3,3
91.4,-0.0608,60.62,0.1433,38.76,0,2,0,2
96.49,0.0328,90.77,-0.099,44.82,0,0,0,0
99.35,0.2651,83.82,0.0519,34.5,1,0,0,1
74.62,0.1445,96.7,0.0063,46.5,2,0,0,2
87.17,-0.1916,83.96,-0.1366,44.04,0,0,0,0
70.51,-0.19,85.74,-0.1775,48.87,2,0,0,2
99.88,-0.1818,93.4,-0.1092,60.04,0,0,1,1
65.24,0.7052,40.04,0.0195,73.69,3,3,3,3
102.58,-0.1452,97.83,-0.0236,49.66,1,0,0,1
92.38,0.1357,71.88,0.0141,40.51,0,2,0,2
89.84,-0.1653,87.1,0.0801,42.55,0,0,0,0
93.19,0.4299,97.51,0.0667,43.79,1,0,0,1
107.06,-0.1615,95.15,-0.1124,41.3,1,0,0,1
86.11,0.0045,96.17,-0.1272,87.71,0,0,3,3
97.1,-0.084,77.77,-0.0584,45.72,0,2,0,2
106.13,-0.0611,91.07,0.0702,33.92,1,0,0,1
90.76,0.0716,84.02,0.0549,46.34,0,0,0,0
97.6,0.0829,105.94,-0.025,49.9,0,1,0,1
88.5,-0.0538,76.33,0.1512,33.66,0,2,0,2
103.72,0.0905,91.84,-0.0222,39.59,1,0,0,1
87.11,0.0466,93.56,-0.0484,43.63,0,0,0,0
96.04,0.1437,103.09,0.2112,36.18,0,1,0,1
92.64,0.4073,90.78,0.0168,44.81,1,0,0,1
54.85,0.8785,54.5,0.0933,74.83,3,3,3,3
95.88,-0.0178,85.11,0.1259,48.01,0,0,0,0
53.42,0.9284,53.51,0.0542,84.61,3,3,3,3
83.93,0.4661,90.28,-0.1419,38.16,1,0,0,1
86.06,0.455,82.55,0.1268,36.45,1,0,0,1
67.67,-0.0811,90.52,-0.0708,44.48,3,0,0,3
90.14,0.1546,111.83,-0.0484,40.8,0,1,0,1
46.69,-0.0237,100.06,-0.1095,32.33,3,3,0,3
98.74,0.0211,96.31,-0.0719,41.72,0,0,0,0
91.46,0.3375,90.26,-0.1759,37.97,1,0,0,1
145.88,-0.1876,140.25,0.1652,50.12,3,3,3,3
96.01,-0.4992,94.71,-0.1079,36.81,2,0,0,2
86.11,-0.0978,97.41,0.0212,44.55,0,0,0,0
105.43,-0.125,83.62,-0.1357,38.29,1,0,0,1
87.9,0.0926,82.21,0.0107,20.87,0,0,2,2
97.49,-0.0767,92.28,-0.1308,45.52,0,0,0,0
98.21,-0.0708,89.46,-0.1234,38.46,0,0,0,0
90.0,-0.6183,98.86,-0.218,28.82,3,0,2,3
102.14,0.125,88.81,-0.2986,33.87,1,0,0,1
89.24,0.8576,85.34,0.0423,31.47,3,0,0,3
86.82,-0.0318,111.62,0.0411,38.02,0,1,0,1
97.86,-0.1217,88.05,0.0404,32.4,0,0,0,0
89.38,0.1894,109.5,-0.0411,41.48,0,1,0,1
107.68,0.0456,80.23,0.0138,37.29,1,0,0,1
91.88,0.2138,86.51,-0.1309,49.1,0,0,0,0
99.53,-0.1985,82.0,0.1804,84.61,0,0,3,3
68.63,0.1065,97.55,-0.0854,44.45,3,0,0,3
94.54,0.8421,81.19,-0.0782,31.28,3,0,0,3
69.28,-0.2365,86.86,-0.1013,52.51,3,0,1,3
89.16,0.0001,89.92,0.2032,43.21,0,0,0,0
87.99,0.4613,80.36,-0.0451,43.39,1,0,0,1
73.34,-0.3992,68.42,-0.1192,25.71,2,2,2,2
87.31,-0.8691,82.78,0.1048,40.85,3,0,0,3
63.74,-0.1857,83.31,0.0775,34.06,3,0,0,3
97.68,-0.3891,98.82,-0.0062,35.16,2,0,0,2
57.28,0.5616,58.24,0.0851,76.24,3,3,3,3
90.22,0.1178,95.59,-0.1026,81.89,0,0,3,3
93.57,0.8397,96.11,-0.1475,51.23,3,0,1,3
92.7,0.1294,60.16,-0.1066,32.67,0,2,0,2
138.4,-0.0967,127.15,0.075,49.03,3,3,0,3
92.38,0.2491,87.88,0.1469,44.45,1,0,0,1
61.75,-0.1359,96.98,-0.0936,45.43,3,0,0,3
111.71,0.265,101.98,0.0294,40.9,1,1,0,1
108.55,-0.2322,89.91,0.0888,37.46,1,0,0,1
96.56,-0.0163,68.52,0.1613,34.41,0,2,0,2
97.86,0.1813,72.42,0.0455,38.51,0,2,0,2
98.41,0.0872,111.54,0.1771,51.87,0,1,1,1
110.86,0.2873,107.09,0.0119,55.16,1,1,1,1
57.1,0.6804,50.5,-0.1298,76.35,3,3,3,3
94.38,-0.0593,76.22,-0.0949,45.45,0,2,0,2
89.69,-0.2374,83.15,-0.0531,42.16,0,0,0,0
93.43,-0.8833,96.08,0.0975,37.69,3,0,0,3
96.51,-0.1954,87.69,0.0663,35.66,0,0,0,0
92.71,0.1079,72.11,-0.1622,48.34,0,2,0,2
87.93,-0.5042,87.73,0.0015,40.93,2,0,0,2
89.13,0.2028,88.81,0.1662,45.83,0,0,0,0
96.45,0.0877,90.53,-0.0167,46.52,0,0,0,0
91.17,-0.054,87.68,0.0935,44.03,0,0,0,0
90.92,0.0099,99.37,-0.0433,78.77,0,0,3,3
100.05,0.4473,86.51,0.0212,47.84,1,0,0,1
49.26,0.8914,57.28,-0.1346,79.88,3,3,3,3
85.96,0.0472,66.98,-0.0192,40.0,0,2,0,2
99.38,-0.2109,89.04,0.0772,48.57,0,0,0,0
96.99,-0.0464,96.02,0.012,59.3,0,0,1,1
86.13,-0.1714,72.46,0.0071,41.37,0,2,0,2
86.36,-0.297,85.6,-0.2082,48.29,2,0,0,2
95.87,0.5333,89.98,0.0957,45.07,1,0,0,1
87.92,0.0728,64.9,0.1058,30.82,0,2,0,2
130.29,-0.1018,140.52,0.1026,34.24,3,3,0,3
88.42,-0.2007,93.55,-0.0185,19.17,0,0,2,2
133.66,-0.106,118.1,0.1537,44.19,3,3,0,3
48.52,0.1534,90.04,0.031,32.8,3,0,0,3
85.23,0.1962,91.69,0.0396,43.03,0,0,0,0
47.74,-0.1396,95.72,-0.1097,49.86,3,0,0,3
52.06,0.622,53.17,-0.1431,76.55,3,3,3,3
85.54,-0.2536,74.31,-0.0555,30.1,2,2,0,2
93.49,0.1833,87.47,0.1831,36.7,0,0,0,0
91.24,0.0235,91.83,0.1271,47.79,0,0,0,0
99.96,0.1196,95.12,-0.0939,38.0,0,0,0,0
87.4,-0.0674,95.95,0.0836,20.97,0,0,2,2
74.84,-0.0402,86.45,-0.0881,46.97,2,0,0,2
125.75,-0.1217,140.37,0.0535,37.87,3,3,0,3
93.38,-0.2347,83.69,-0.1427,37.96,0,0,0,0
73.63,-0.2367,94.84,-0.0034,30.67,2,0,0,2
57.27,-0.0742,99.27,0.135,42.29,3,0,0,3
91.27,-0.4464,97.1,0.0444,34.76,2,0,0,2
47.1,-0.1437,95.82,-0.1418,32.93,3,0,0,3
88.9,-0.1082,84.73,-0.0159,33.65,0,0,0,0
91.22,-0.6397,97.27,0.0636,44.42,3,0,0,3
88.83,0.017,92.88,0.1177,54.78,0,0,1,1
108.31,-0.1009,91.9,0.0059,43.82,1,0,0,1
86.3,0.0379,98.3,-0.0139,71.82,0,0,3,3
85.85,-0.0399,86.87,-0.0191,30.21,0,0,0,0
99.55,0.0203,92.13,-0.0851,45.37,0,0,0,0
135.04,-0.2129,139.74,0.0257,48.02,3,3,0,3
95.7,0.0955,78.27,0.0265,49.3,0,2,0,2
85.03,-0.0887,96.62,0.082,43.23,0,0,0,0
84.02,0.2549,86.49,0.0124,48.51,1,0,0,1
88.69,-0.0747,104.63,-0.1237,30.42,0,1,0,1
98.94,-0.7184,96.35,-0.0658,32.22,3,0,0,3
88.54,0.0341,89.39,0.1821,52.59,0,0,1,1
91.49,-0.5887,97.27,0.006,47.55,3,0,0,3
92.39,-0.1646,98.85,-0.0228,53.18,0,0,1,1
98.29,-0.146,83.78,0.0672,67.49,0,0,3,3
96.49,0.548,84.08,0.1225,28.48,1,0,2,1
93.89,0.1665,91.94,0.0914,35.8,0,0,0,0
60.66,0.1289,95.29,-0.0892,37.97,3,0,0,3
94.7,0.0053,87.89,-0.1205,40.7,0,0,0,0
93.72,0.1835,93.45,0.0341,34.88,0,0,0,0
140.33,-0.1684,116.23,-0.0835,30.66,3,3,0,3
64.15,-0.2068,95.95,0.139,47.23,3,0,0,3
101.09,-0.2217,101.9,-0.0315,37.27,1,1,0,1
97.7,0.1093,81.53,0.0044,17.89,0,0,2,2
86.59,0.1576,89.11,0.0024,33.04,0,0,0,0
87.52,0.2033,81.45,-0.1963,64.93,0,0,1,1
75.05,0.0915,98.93,-0.1393,36.08,2,0,0,2
92.26,0.2827,90.91,0.1309,43.49,1,0,0,1
98.94,-0.0509,112.37,-0.018,45.8,0,1,0,1
105.43,-0.0356,92.34,0.0372,39.53,1,0,0,1
96.29,0.1651,78.61,-0.1527,31.17,0,2,0,2
46.62,0.731,45.41,0.072,86.78,3,3,3,3
98.99,0.2803,107.27,-0.0972,52.06,1,1,1,1
99.28,-0.1798,90.56,-0.142,78.22,0,0,3,3
110.21,-0.064,81.11,-0.1014,27.36,1,0,2,1
91.75,-0.2279,96.38,-0.0163,61.72,0,0,1,1
97.34,0.1821,85.14,0.1281,76.46,0,0,3,3
84.7,-0.6804,79.37,-0.0618,27.63,3,3,2,3
95.73,0.1442,82.72,-0.1976,38.46,0,0,0,0
110.29,0.3902,99.08,-0.0613,63.09,1,0,1,1
77.19,-0.0182,93.37,-0.1695,41.67,2,0,0,2
93.12,0.1861,91.72,-0.0971,67.2,0,0,3,3
121.35,0.1749,140.28,-0.0266,37.4,3,3,0,3
88.96,-0.4574,96.2,0.0949,34.6,2,0,0,2
97.55,-0.0089,87.93,0.0652,36.85,0,0,0,0
107.5,0.1032,95.25,-0.1115,47.25,1,0,0,1
95.52,0.164,62.69,0.0652,37.45,0,2,0,2
75.93,-0.1018,88.01,0.0444,48.53,2,0,0,2
99.95,-0.1326,112.19,0.0764,32.09,0,1,0,1
96.34,0.5287,87.69,0.1147,43.69,1,0,0,1
94.22,0.1028,101.74,0.181,38.87,0,1,0,1
91.12,-0.0419,88.06,-0.1284,48.36,0,0,0,0
105.25,0.102,83.43,-0.1856,40.44,1,0,0,1
96.45,-0.0966,107.41,0.0362,41.99,0,1,0,1
100.39,0.4127,94.74,-0.1123,38.01,1,0,0,1
69.09,-0.4268,66.84,0.0229,22.15,2,2,2,2
92.6,0.0346,83.33,0.051,43.37,0,0,0,0
97.43,0.1616,98.34,-0.1456,48.12,0,0,0,0
87.32,0.1029,95.03,-0.0543,31.46,0,0,0,0
89.8,-0.0322,105.51,-0.1101,49.8,0,1,0,1
87.14,0.0699,86.33,-0.1786,34.08,0,0,0,0
111.33,-0.0554,95.18,-0.0738,32.59,1,0,0,1
105.69,-0.1393,89.26,-0.0194,43.56,1,0,0,1
88.96,-0.3536,82.78,0.0397,42.69,2,0,0,2
85.4,0.0168,108.55,-0.1361,39.38,0,1,0,1
71.84,-0.1911,86.08,-0.1341,43.35,2,0,0,2
96.64,-0.1354,92.96,-0.1708,74.85,0,0,3,3
96.04,-0.0867,94.88,0.1125,38.24,0,0,0,0
97.95,-0.1034,84.41,-0.0252,23.52,0,0,2,2
92.0,-0.4148,97.58,-0.0393,40.14,2,0,0,2
100.56,0.9288,88.92,-0.1174,33.15,3,0,0,3
110.43,0.0847,97.69,-0.1272,38.21,1,0,0,1
94.99,-0.1655,83.65,-0.0003,36.07,0,0,0,0
99.91,-0.459,89.21,0.0303,47.97,2,0,0,2
92.15,0.1718,96.01,-0.0261,34.69,0,0,0,0
88.39,-0.1722,88.29,0.0061,53.25,0,0,1,1
93.48,-0.8541,99.71,-0.059,34.7,3,0,0,3
125.8,0.02,139.87,-0.028,46.54,3,3,0,3
92.8,0.1574,94.25,0.0283,47.32,0,0,0,0
94.99,0.1032,99.67,0.0196,22.35,0,0,2,2
88.32,0.0886,87.88,0.0428,53.47,0,0,1,1
93.7,0.4308,92.05,-0.0691,47.32,1,0,0,1
103.63,0.4325,96.35,0.061,39.54,1,0,0,1
112.34,0.1199,93.48,-0.117,38.24,1,0,0,1
84.71,0.3597,88.72,-0.1822,44.66,1,0,0,1
92.85,0.1678,90.39,-0.0921,24.1,0,0,2,2
93.28,-0.026,87.76,0.124,43.56,0,0,0,0
94.88,0.2999,99.61,0.084,41.22,1,0,0,1
85.89,-0.4204,84.36,0.0772,37.52,2,0,0,2
104.67,-0.0675,92.51,0.0278,34.1,1,0,0,1
93.1,-0.2006,77.98,-0.1124,38.33,0,2,0,2
90.45,-0.0618,78.02,-0.0522,32.67,0,2,0,2
92.86,-0.8124,101.18,-0.119,36.68,3,1,0,3
94.37,0.0646,110.21,0.0811,43.63,0,1,0,1
79.67,0.152,91.18,0.2777,40.38,2,0,0,2
95.33,0.0526,67.34,-0.0259,49.33,0,2,0,2
141.84,-0.1748,130.26,0.0401,49.44,3,3,0,3
90.06,0.027,95.99,0.1651,67.35,0,0,3,3
118.4,-0.1161,134.42,0.0456,44.23,3,3,0,3
51.32,-0.0691,99.75,0.1107,30.18,3,0,0,3
88.78,-0.0871,85.09,-0.2467,57.82,0,0,1,1
58.05,0.8108,49.87,-0.1531,83.61,3,3,3,3
91.36,0.1085,102.95,-0.0463,34.05,0,1,0,1
96.08,-0.0502,81.16,0.0798,39.99,0,0,0,0
70.38,0.7979,61.13,0.0182,82.14,3,2,3,3
97.02,0.1338,97.6,-0.0067,42.36,0,0,0,0
96.53,-0.3003,85.59,0.1087,15.07,2,0,2,2
89.71,-0.3343,92.14,-0.0159,46.3,2,0,0,2
86.17,-0.0241,88.67,0.1129,52.93,0,0,1,1
70.9,-0.2788,80.17,0.1323,45.01,2,0,0,2
88.15,-0.025,97.38,-0.0306,35.27,0,0,0,0
87.71,-0.8581,86.99,0.0644,34.47,3,0,0,3
113.86,-0.2307,90.09,-0.0587,35.34,1,0,0,1
44.93,0.7176,38.9,0.0307,75.85,3,3,3,3
91.84,0.0035,83.17,0.1335,31.76,0,0,0,0
96.33,-0.093,64.47,-0.113,28.01,0,2,2,2
94.16,-0.1742,85.85,-0.0564,41.54,0,0,0,0
85.81,0.4448,81.01,0.0787,47.7,1,0,0,1
137.81,-0.1214,132.98,0.0633,40.01,3,3,0,3
90.7,0.3361,95.84,-0.0543,35.67,1,0,0,1
86.8,0.1215,86.62,-0.1671,32.32,0,0,0,0
92.91,-0.1861,80.34,-0.0361,49.19,0,0,0,0
99.18,-0.1531,68.52,-0.0217,40.67,0,2,0,2
88.3,0.2606,112.38,0.0212,37.87,1,1,0,1
95.91,-0.7562,91.65,0.0112,43.54,3,0,0,3
67.42,-0.3811,67.34,0.1186,22.31,2,2,2,2
91.84,-0.0514,93.7,0.0616,46.92,0,0,0,0
97.73,0.0904,87.15,-0.0065,39.85,0,0,0,0
86.99,-0.4005,73.23,-0.1147,24.25,2,2,2,2
98.84,-0.1781,110.73,-0.0623,31.16,0,1,0,1
87.09,0.151,110.7,0.0217,49.38,0,1,0,1
92.32,0.1579,91.09,0.0915,47.0,0,0,0,0
87.45,-0.1816,78.01,-0.0106,70.19,0,2,3,3
84.89,0.397,85.83,-0.0937,30.91,1,0,0,1
99.83,-0.4859,91.09,-0.0725,31.35,2,0,0,2
88.79,0.163,93.7,-0.0646,35.72,0,0,0,0
92.14,-0.0373,78.31,0.1233,36.29,0,2,0,2
95.17,0.1228,82.96,-0.0472,36.05,0,0,0,0
49.59,0.6972,40.12,0.097,79.3,3,3,3,3
93.56,0.3076,88.54,-0.1067,44.21,1,0,0,1
55.18,0.6852,34.99,0.0296,69.78,3,3,3,3
86.76,0.2088,84.79,-0.006,36.57,0,0,0,0
82.31,0.1185,94.38,0.0283,44.49,2,0,0,2
83.97,-0.1095,89.11,-0.0128,40.09,2,0,0,2
92.16,-0.464,93.65,0.142,31.7,2,0,0,2
94.24,0.0614,60.31,0.0915,43.27,0,2,0,2
107.73,-0.0088,91.89,0.0378,37.87,1,0,0,1
96.31,-0.0822,97.09,-0.1565,43.53,0,0,0,0
89.78,-0.0959,80.15,0.0412,47.66,0,0,0,0
93.98,0.3969,83.06,-0.076,33.4,1,0,0,1
89.73,-0.0215,84.17,-0.1098,71.83,0,0,3,3
97.53,0.1709,97.89,-0.0741,60.05,0,0,1,1
74.49,0.1081,93.42,0.1569,48.3,2,0,0,2
63.69,-0.1065,86.69,0.0739,32.58,3,0,0,3
89.23,0.4953,94.74,0.0534,44.47,1,0,0,1
92.31,0.0456,91.07,0.0089,39.48,0,0,0,0
93.48,-0.2027,109.2,0.1787,47.15,0,1,0,1
89.95,-0.1134,63.24,-0.0821,44.77,0,2,0,2
98.27,0.3468,92.1,-0.0358,44.43,1,0,0,1
85.09,-0.1555,77.46,-0.1318,41.1,0,2,0,2
88.34,-0.1261,105.38,0.0435,42.27,0,1,0,1
85.19,-0.3608,89.91,0.0638,34.18,2,0,0,2
94.52,0.1495,83.98,0.0392,41.82,0,0,0,0
93.64,0.1261,84.46,0.0849,40.95,0,0,0,0
89.56,0.1642,107.0,-0.1407,37.69,0,1,0,1
113.1,0.2365,95.14,0.0987,49.57,1,0,0,1
92.5,-0.3515,84.65,0.1387,33.02,2,0,0,2
57.6,-0.0004,96.86,0.01,37.95,3,0,0,3
93.78,0.5284,89.37,-0.0284,40.8,1,0,0,1
104.44,-0.1546,91.3,-0.0387,40.32,1,0,0,1
86.53,-0.0318,94.87,-0.0094,43.31,0,0,0,0
96.65,-0.1969,91.13,-0.0598,36.32,0,0,0,0
91.51,-0.3164,102.26,-0.1366,47.12,2,1,0,1
69.78,-0.3919,63.91,0.0887,23.85,2,2,2,2
103.97,-0.0107,93.87,-0.004,44.29,1,0,0,1
61.41,0.6891,40.52,-0.1095,79.28,3,3,3,3
53.75,-0.1425,89.32,-0.0369,43.63,3,0,0,3
90.73,0.0424,89.53,-0.1637,62.25,0,0,1,1
67.09,0.2092,101.53,0.1193,46.69,3,1,0,3
94.46,0.1676,87.29,0.0001,44.65,0,0,0,0
62.71,0.8763,38.64,-0.1001,78.81,3,3,3,3
102.63,-0.0468,90.65,0.0853,40.25,1,0,0,1
93.75,-0.0598,85.35,-0.0615,43.66,0,0,0,0
94.32,0.2787,80.14,0.0047,55.19,1,0,1,1
91.36,0.0472,69.44,0.0522,39.98,0,2,0,2
81.14,-0.1702,82.52,-0.1981,44.05,2,0,0,2
78.04,-0.1723,85.71,-0.0362,40.94,2,0,0,2
89.16,0.0732,93.63,-0.0162,48.73,0,0,0,0
93.56,-0.1105,60.84,-0.105,26.96,0,2,2,2
93.68,-0.1757,89.6,0.0223,35.27,0,0,0,0
92.16,0.2135,88.91,0.1099,30.68,0,0,0,0
88.5,0.1796,92.18,0.1181,42.08,0,0,0,0
101.97,-0.6503,93.74,0.0762,43.27,3,0,0,3
96.23,0.6367,88.04,0.1361,38.36,3,0,0,3
91.44,0.0204,86.02,-0.0861,33.22,0,0,0,0
141.34,-0.1487,123.04,-0.0611,28.93,3,3,2,3
101.13,0.5088,97.61,-0.1641,45.55,1,0,0,1
90.65,-0.053,92.83,0.0529,31.47,0,0,0,0
93.95,0.1896,105.7,-0.1715,46.16,0,1,0,1
74.58,-0.1153,96.54,0.0965,40.81,2,0,0,2
73.51,-0.0289,95.29,0.1855,48.41,2,0,0,2
84.53,0.0899,95.84,0.1174,82.59,3,0,3,3
91.41,-0.4281,82.01,0.1348,43.26,2,0,0,2
99.61,-0.0109,86.9,0.1133,40.16,0,0,0,0
96.13,-0.038,89.56,0.1371,39.91,0,0,0,0
131.97,-0.0541,121.47,-0.0658,45.61,3,3,0,3
76.41,-0.2439,89.25,-0.1614,38.6,2,0,0,2
92.87,0.1148,87.19,-0.1586,43.34,0,0,0,0
92.22,0.0287,101.52,0.1179,44.05,0,1,0,1
58.93,0.0973,92.81,0.1183,43.52,3,0,0,3
88.06,-0.2124,92.83,0.0243,44.99,0,0,0,0
87.44,-0.1742,88.85,0.1108,46.24,0,0,0,0
93.84,-0.2385,94.27,0.0758,47.47,0,0,0,0
98.76,-0.4013,95.85,0.1216,45.59,2,0,0,2
91.95,-0.1175,89.55,0.1914,31.15,0,0,0,0
106.38,-0.2023,85.66,-0.0351,36.82,1,0,0,1
92.15,0.1543,86.23,0.0896,36.27,0,0,0,0
91.88,-0.1342,73.1,-0.0403,37.97,0,2,0,2
81.94,0.0029,92.54,0.1302,35.06,2,0,0,2
96.53,0.4604,86.78,-0.001,32.6,1,0,0,1
95.53,-0.0564,92.16,0.0755,47.14,0,0,0,0
87.77,-0.2077,60.66,-0.0493,31.12,0,2,0,2
87.75,-0.5056,93.79,-0.0927,49.15,2,0,0,2
94.18,0.0872,92.46,0.0267,46.35,0,0,0,0
92.73,-0.1205,61.78,0.0865,30.63,0,2,0,2
99.67,-0.4794,82.49,0.0581,44.24,2,0,0,2
72.85,-0.2375,89.32,0.0441,37.63,2,0,0,2
97.25,-0.4013,89.37,0.0249,44.45,2,0,0,2
62.85,-0.0786,98.36,-0.1138,32.87,3,0,0,3
99.08,-0.1603,91.92,0.1418,34.26,0,0,0,0
99.51,0.0469,102.77,-0.0476,47.5,0,1,0,1
96.17,0.538,82.65,-0.0072,50.52,1,0,3,3
91.85,0.3688,84.16,0.0673,39.8,1,0,0,1
113.09,-0.0074,88.05,-0.0218,36.78,1,0,0,1
90.34,0.1153,96.99,-0.1393,82.05,0,0,3,3
79.96,-0.1595,98.84,-0.1064,36.26,2,0,0,2
92.74,-0.3616,88.94,0.1811,35.68,2,0,0,2
93.8,0.4627,91.58,0.1009,47.93,1,0,0,1
98.43,-0.018,75.78,-0.1066,41.85,0,2,0,2
89.5,-0.1692,112.02,0.1201,51.37,0,1,1,1
83.58,0.3858,94.99,0.1125,42.2,1,0,0,1
56.53,0.8065,57.88,0.2107,71.97,3,3,3,3
91.42,0.9503,100.59,-0.0805,48.65,3,3,0,3
89.99,0.1123,83.48,-0.1735,38.84,0,0,0,0
92.41,0.1503,107.64,0.1267,39.05,0,1,0,1
95.25,0.5009,89.94,-0.0133,39.7,1,0,0,1
73.05,-0.0065,92.68,0.1853,47.55,2,0,0,2
83.48,-0.4024,93.36,0.0615,46.65,2,0,0,2
103.77,0.4025,112.29,0.0546,61.08,1,1,1,1
74.48,-0.1689,97.56,-0.0991,30.1,2,0,0,2
70.72,-0.2486,77.42,0.0828,24.21,2,2,2,2
98.58,0.1529,86.06,-0.0168,73.95,0,0,3,3
93.78,-0.0978,78.21,-0.1122,51.61,0,2,1,1
59.84,0.5748,46.64,0.091,68.09,3,3,3,3
87.65,0.3915,95.49,0.1726,38.35,1,0,0,1
87.69,0.0658,84.8,0.0004,20.66,0,0,2,2
89.49,0.0356,85.59,0.1004,71.11,0,0,3,3
87.75,-0.6382,82.71,0.1121,47.91,3,0,0,3
88.74,0.0191,83.93,-0.0047,39.01,0,0,0,0
92.75,-0.2267,105.41,-0.0284,27.8,0,1,2,1
50.42,0.93,40.82,0.1961,82.72,3,3,3,3
45.01,0.0579,85.98,-0.2252,40.16,3,0,0,3
99.11,-0.1005,89.53,0.0021,44.41,0,0,0,0
90.66,-0.1582,94.23,0.1387,35.27,0,0,0,0
77.49,-0.0358,88.29,-0.099,39.44,2,0,0,2
138.88,0.2441,131.35,0.0159,37.19,1,3,0,3
85.02,-0.1433,95.36,0.0501,44.47,0,0,0,0
95.08,0.0126,69.9,-0.1637,45.1,0,2,0,2
78.16,-0.4687,66.09,-0.114,27.18,2,2,2,2
108.07,0.2469,109.17,0.139,52.33,1,1,1,1
62.78,0.8636,32.73,-0.1458,66.62,3,3,3,3
134.67,0.0579,136.21,-0.0579,31.79,3,3,0,3
77.22,0.0395,87.46,0.0882,32.68,2,0,0,2
121.37,0.1156,132.25,0.1092,33.23,3,3,0,3
93.27,-0.1182,89.29,0.1136,48.84,0,0,0,0
109.69,0.1066,99.54,0.1255,34.37,1,0,0,1
56.78,0.2181,89.14,0.0406,49.02,3,0,0,3
99.27,0.2451,91.96,0.2006,48.05,1,0,0,1
107.41,0.5263,103.4,0.0258,51.77,1,1,1,1
113.35,0.1277,83.26,-0.0697,41.68,1,0,0,1
81.42,-0.38,73.23,-0.0016,15.96,2,2,2,2
98.61,0.1767,87.75,0.059,26.13,0,0,2,2
93.73,-0.3385,88.7,-0.0378,44.39,2,0,0,2
79.25,-0.5277,68.29,0.0123,30.87,2,2,0,2
87.33,0.0092,73.97,-0.0782,35.28,0,2,0,2
63.8,0.5613,44.96,-0.02,78.94,3,3,3,3
94.59,0.1706,66.12,-0.0113,35.66,0,2,0,2
90.06,0.4244,73.9,-0.0036,38.02,1,2,0,1
97.56,-0.2078,83.56,-0.0414,36.0,0,0,0,0
53.53,0.1467,93.42,-0.0589,49.93,3,0,0,3
44.88,0.9473,57.05,0.0861,71.71,3,3,3,3
96.87,-0.3662,91.04,-0.1085,38.61,2,0,0,2
93.96,-0.9498,94.71,0.0807,47.84,3,0,0,3
95.84,0.1595,85.06,0.0212,77.42,0,0,3,3
92.76,0.0243,99.43,0.1608,60.76,0,0,1,1
96.63,-0.1503,70.22,-0.1767,36.5,0,2,0,2
91.42,0.0398,84.48,-0.0271,33.62,0,0,0,0
96.93,-0.0598,94.91,-0.0156,23.08,0,0,2,2
88.37,0.2062,82.63,0.0334,34.79,0,0,0,0
83.39,-0.0223,78.98,0.0462,81.79,2,2,3,3
102.87,0.0876,85.05,-0.0213,38.96,1,0,0,1
93.06,0.5421,91.29,-0.0029,46.84,1,0,0,1
89.11,-0.0549,84.81,-0.015,40.3,0,0,0,0
97.96,-0.0122,87.34,-0.1255,31.62,0,0,0,0
91.18,-0.1779,85.82,-0.1277,49.8,0,0,0,0
97.3,-0.2353,80.52,-0.1179,45.04,0,0,0,0
96.4,0.1632,101.19,-0.0602,45.78,0,1,0,1
96.6,-0.0652,89.76,0.041,31.25,0,0,0,0
93.36,-0.0557,84.18,0.1743,30.9,0,0,0,0
87.11,0.085,74.77,-0.1698,36.45,0,2,0,2
97.24,-0.0208,87.34,0.0723,44.2,0,0,0,0
68.32,0.6721,41.16,-0.0954,87.55,3,3,3,3
95.69,-0.1546,106.45,0.0703,35.59,0,1,0,1
88.36,-0.4152,94.46,-0.0696,43.62,2,0,0,2
97.99,0.7419,100.64,-0.0303,34.47,3,3,0,3
95.34,0.1992,92.18,-0.1281,25.68,0,0,2,2
89.53,0.1767,88.08,0.142,41.96,0,0,0,0
111.08,0.4232,109.86,0.0571,58.03,1,1,1,1
120.9,-0.0855,127.33,-0.1785,51.49,3,3,1,3
87.55,0.4061,102.02,-0.1174,42.22,1,1,0,1
98.64,-0.1735,71.93,-0.0991,41.96,0,2,0,2
91.4,0.3905,81.58,0.0367,47.34,1,0,0,1
128.74,-0.0245,139.85,-0.1011,32.05,3,3,0,3
89.24,-0.7024,80.85,-0.0142,43.85,3,0,0,3
105.34,0.0065,95.01,0.088,47.74,1,0,0,1
86.11,-0.3915,95.55,0.0951,37.5,2,0,0,2
90.75,0.3755,94.5,0.0748,44.92,1,0,0,1
96.12,0.2218,90.58,0.0485,39.48,0,0,0,0
94.48,-0.2262,90.72,0.1174,36.03,0,0,0,0
93.63,-0.1264,87.85,-0.0804,32.88,0,0,0,0
89.5,0.5456,91.46,0.0389,33.03,1,0,0,1
95.21,0.3787,103.44,-0.0774,43.91,1,1,0,1
75.9,-0.3457,63.23,-0.0282,17.44,2,2,2,2
92.92,0.068,93.46,0.0875,44.52,0,0,0,0
65.67,0.0827,96.28,-0.0285,44.38,3,0,0,3
91.87,-0.0975,98.52,-0.0274,69.89,0,0,3,3
94.8,0.3707,103.08,0.1069,33.01,1,1,0,1
48.84,-0.2351,97.13,0.0514,28.94,3,0,2,3
49.38,0.8109,40.81,0.1071,83.94,3,3,3,3
85.4,-0.1902,64.05,-0.0839,48.89,0,2,0,2
79.34,-0.2861,64.48,0.1766,27.13,2,2,2,2
96.0,-0.1884,92.58,-0.1203,26.54,0,0,2,2
57.25,0.8955,38.77,-0.0031,67.3,3,3,3,3
94.32,-0.0435,97.03,0.0528,47.69,0,0,0,0
102.76,0.1702,103.9,-0.0096,32.9,1,1,0,1
89.99,-0.1557,96.43,0.1066,22.85,0,0,2,2
104.45,-0.059,88.07,0.0262,37.24,1,0,0,1
94.1,-0.013,81.62,-0.0345,72.6,0,0,3,3
85.96,-0.1368,93.04,-0.0988,45.72,0,0,0,0
99.41,0.1403,93.74,0.009,58.77,0,0,1,1
45.83,0.8624,34.57,-0.1035,82.77,3,3,3,3
95.96,0.792,87.38,0.1094,30.96,3,0,0,3
89.9,0.0767,89.94,-0.0839,43.46,0,0,0,0
92.49,-0.6982,84.86,0.1653,40.03,3,0,0,3
98.02,-0.7033,91.3,0.1248,29.03,3,0,3,3
90.7,0.2214,82.23,0.0222,36.16,0,0,0,0
94.69,0.1182,62.62,-0.1212,33.92,0,2,0,2
74.04,-0.0652,89.13,0.2146,49.04,2,0,0,2
80.72,-0.4798,68.78,-0.1574,23.13,2,2,2,2
122.16,-0.1454,132.11,-0.005,47.37,3,3,0,3
96.52,-0.1634,80.19,-0.0517,32.92,0,0,0,0
109.54,0.0861,99.16,-0.1497,30.83,1,0,0,1
97.27,0.8171,98.35,-0.0655,40.73,3,0,0,3
73.49,0.2082,88.9,0.068,49.61,2,0,0,2
96.3,-0.056,85.9,-0.1359,33.12,0,0,0,0
82.15,0.0354,81.79,-0.0408,60.35,2,0,1,1
90.39,-0.3497,89.02,0.1626,43.56,2,0,0,2
105.4,0.2626,87.99,-0.0554,41.09,1,0,0,1
88.54,0.7633,91.05,0.2257,33.83,3,0,0,3
95.8,0.0832,83.88,0.0839,16.21,0,0,2,2
57.64,0.1355,88.52,-0.1027,43.59,3,0,0,3
104.01,-0.1615,109.84,-0.0432,43.92,1,1,0,1
95.4,-0.688,89.26,0.0459,36.65,3,0,0,3
78.39,0.0838,88.11,0.0236,46.67,2,0,0,2
113.42,0.0821,92.48,0.1718,39.78,1,0,0,1
82.5,-0.7859,101.19,-0.0584,44.17,3,1,0,3
132.53,0.1016,117.2,0.1107,42.91,3,3,0,3
94.36,0.3978,93.88,-0.1054,52.89,1,0,1,1
99.62,0.1687,93.35,0.0779,80.59,0,0,3,3
62.47,-0.1568,89.73,0.0932,40.19,3,0,0,3
98.31,-0.4786,98.38,-0.0347,43.97,2,0,0,2
99.69,-0.1408,88.3,-0.0595,36.89,0,0,0,0
101.46,0.147,104.13,0.0019,35.0,1,1,0,1
86.68,-0.018,92.7,-0.0652,46.75,0,0,0,0
113.81,0.2147,110.7,0.0028,53.72,1,1,1,1
91.34,-0.2484,83.49,-0.0252,33.73,2,0,0,2
68.66,0.0577,99.29,0.0084,45.27,3,0,0,3
93.89,-0.1959,99.85,-0.0326,70.59,0,0,3,3
128.39,-0.1705,143.6,0.213,44.62,3,3,0,3
99.03,0.0107,108.54,-0.073,31.01,0,1,0,1
52.95,0.8284,55.51,-0.1557,67.33,3,3,3,3
65.77,0.8772,49.11,-0.0679,69.57,3,3,3,3
86.25,-0.0556,97.37,0.0361,35.06,0,0,0,0
81.35,-0.2631,86.69,-0.046,46.87,2,0,0,2
90.77,0.3406,92.37,0.0142,41.16,1,0,0,1
86.05,0.1425,85.8,-0.0169,40.26,0,0,0,0
99.12,-0.5257,96.03,0.0814,42.03,2,0,0,2
101.39,-0.0779,88.1,0.0196,49.23,1,0,0,1
76.7,-0.5165,62.7,0.0758,27.83,2,2,2,2
90.79,-0.0077,108.13,0.1479,44.33,0,1,0,1
101.7,0.1647,94.29,-0.0363,81.6,1,0,3,3
75.86,-0.0835,84.03,-0.11,40.7,2,0,0,2
107.48,0.1512,101.47,0.1587,38.75,1,1,0,1
100.45,0.4632,84.91,-0.1924,46.56,1,0,0,1
105.11,0.0633,91.1,-0.0524,26.3,1,0,2,1
98.81,-0.2371,97.83,-0.0248,45.57,0,0,0,0
85.51,0.1346,93.52,-0.0381,37.52,0,0,0,0
60.03,0.8181,32.31,-0.1718,80.17,3,3,3,3
88.25,0.7211,96.33,0.1179,42.57,3,0,0,3
90.46,0.2273,92.04,0.0491,20.71,0,0,2,2
72.42,0.1252,87.24,0.0647,42.96,2,0,0,2
94.74,0.1418,94.5,-0.1695,49.98,0,0,0,0
95.07,0.7397,88.19,-0.1019,48.07,3,0,0,3
91.59,0.097,80.97,-0.0159,47.46,0,0,0,0
94.77,-0.0298,92.72,0.0367,38.46,0,0,0,0
98.47,-0.2216,91.36,-0.136,45.49,0,0,0,0
62.43,0.7761,52.26,-0.0318,81.44,3,3,3,3
90.02,-0.1807,94.74,0.0757,66.34,0,0,3,3
87.53,0.1978,84.93,-0.0889,72.89,0,0,3,3
96.45,0.0298,104.96,-0.0412,45.15,0,1,0,1
85.93,-0.4646,95.61,-0.0075,26.76,2,0,2,2
98.0,-0.1927,94.12,0.0797,36.53,0,0,0,0
97.89,0.081,83.11,0.0471,47.97,0,0,0,0
107.03,0.2283,93.35,-0.1534,37.39,1,0,0,1
56.13,0.7901,46.75,-0.0866,77.23,3,3,3,3
90.31,-0.0042,107.05,-0.1088,45.06,0,1,0,1
90.98,0.0883,91.24,-0.0231,37.29,0,0,0,0
101.33,-0.199,107.92,0.0305,40.3,1,1,0,1
106.32,0.2324,95.58,0.0855,34.61,1,0,0,1
87.11,-0.3808,86.0,-0.0088,37.56,2,0,0,2
94.79,0.5028,93.9,-0.0591,31.66,1,0,0,1
101.64,-0.2209,82.98,0.074,44.43,1,0,0,1
136.34,-0.2958,136.96,-0.0351,42.13,2,3,0,3
109.28,0.1721,94.53,0.0217,49.29,1,0,0,1
94.69,-0.4383,91.45,-0.0036,32.31,2,0,0,2
86.0,-0.0691,82.71,-0.1624,47.55,0,0,0,0
96.2,0.1221,87.91,-0.0463,45.45,0,0,0,0
96.22,0.0308,83.83,0.1048,44.73,0,0,0,0
63.37,0.6831,52.71,0.0774,84.13,3,3,3,3
102.4,0.1236,89.24,-0.1152,78.56,1,0,3,3
113.28,-0.0857,93.37,0.0136,51.2,1,0,1,1
95.94,0.0231,90.97,0.0272,63.5,0,0,1,1
46.0,-0.1059,88.01,0.0815,41.48,3,0,0,3
94.77,-0.0494,82.85,0.0543,20.55,0,0,2,2
85.67,0.1645,89.11,-0.0231,39.3,0,0,0,0
98.0,0.4292,94.62,0.1188,34.48,1,0,0,1
101.91,0.3021,95.43,-0.1449,33.28,1,0,0,1
83.8,0.543,99.63,0.0754,46.6,1,0,0,1
96.58,-0.231,92.31,-0.0135,45.14,0,0,0,0
94.98,-0.4869,99.67,0.0483,49.58,2,0,0,2
93.99,-0.3844,89.43,0.0241,48.25,2,0,0,2
99.79,-0.1046,103.37,0.0093,44.65,0,1,0,1
87.3,0.0957,113.65,0.1651,37.1,0,1,0,1
107.6,-0.2404,89.48,0.1427,51.34,2,0,1,1
83.84,0.0171,88.65,-0.1128,33.15,2,0,0,2
141.65,0.0011,121.29,0.0398,46.73,3,3,0,3
72.52,0.0819,85.52,0.0591,49.92,2,0,0,2
88.78,-0.4208,81.85,0.0735,36.47,2,0,0,2
92.35,-0.831,89.88,0.0047,43.59,3,0,0,3
85.13,0.6417,76.94,0.1917,28.53,3,2,2,3
71.36,0.1941,80.93,0.173,36.24,2,0,0,2
95.75,0.0204,108.29,0.0449,48.5,0,1,0,1
101.98,0.1779,88.04,0.0127,36.42,1,0,0,1
50.31,0.1073,95.69,-0.0456,48.53,3,0,0,3
108.85,0.0732,88.41,0.1817,37.75,1,0,0,1
88.67,-0.0433,95.98,0.0664,37.8,0,0,0,0
90.31,-0.1012,94.96,0.0405,42.57,0,0,0,0
86.08,-0.1942,86.59,-0.039,19.97,0,0,2,2
92.29,-0.0564,63.4,0.1277,41.63,0,2,0,2
91.45,-0.1,93.24,-0.024,23.86,0,0,2,2
55.09,0.5163,62.03,-0.0016,66.27,1,2,3,3
82.86,-0.5216,81.76,-0.0834,44.63,2,0,0,2
111.74,-0.041,84.3,-0.0551,51.54,1,0,1,1
92.68,0.104,87.43,-0.2394,27.14,0,0,2,2
94.58,-0.1507,65.67,-0.1293,43.38,0,2,0,2
87.39,0.3318,78.59,0.1539,38.62,1,2,0,1
87.26,0.0764,61.48,0.0726,47.34,0,2,0,2
71.51,0.2321,85.97,-0.0348,37.16,2,0,0,2
85.81,0.0372,93.43,0.0098,43.41,0,0,0,0
90.56,-0.0781,82.29,0.1068,32.23,0,0,0,0
84.09,0.4644,92.87,-0.0591,44.33,1,0,0,1
95.2,-0.2185,88.83,0.0555,33.01,0,0,0,0
50.33,0.1866,83.28,-0.0639,34.44,3,0,0,3
97.23,0.1348,98.0,-0.1176,79.5,0,0,3,3
73.51,-0.1115,86.01,0.1887,36.65,2,0,0,2
91.22,0.0061,92.51,-0.0269,31.51,0,0,0,0
63.45,0.9067,46.03,-0.0184,68.09,3,3,3,3
88.81,-0.3246,85.23,0.0669,48.87,2,0,0,2
87.18,0.0255,113.26,-0.1212,44.24,0,1,0,1
94.04,-0.2773,85.17,-0.0495,47.2,2,0,0,2
94.19,-0.4197,87.49,-0.0425,30.1,2,0,0,2
90.77,-0.0485,87.14,-0.0398,46.59,0,0,0,0
89.28,0.2274,83.21,-0.1179,52.04,0,0,1,1
136.93,0.1996,119.83,-0.1146,39.38,3,3,0,3
87.03,0.3541,84.06,0.0967,46.3,1,0,0,1
106.51,0.2951,113.42,-0.1324,62.95,1,1,1,1
91.46,-0.6789,83.04,0.1142,50.39,3,0,3,3
59.96,0.6174,55.78,0.1791,79.39,3,3,3,3
77.8,-0.532,71.64,0.2099,25.68,2,2,2,2
89.69,-0.766,76.62,0.1667,35.2,3,2,0,3
52.36,0.698,47.53,0.0157,84.37,3,3,3,3
48.87,-0.0423,90.01,0.1127,42.88,3,0,0,3
88.0,-0.3421,97.26,-0.2484,48.12,2,0,0,2
96.68,-0.107,67.23,0.1318,35.97,0,2,0,2
98.62,-0.4322,90.34,0.1529,40.05,2,0,0,2
132.58,0.0565,128.57,-0.0232,36.5,3,3,0,3
101.71,-0.6841,83.82,0.0879,48.26,3,0,0,3
94.56,0.0735,91.16,-0.0572,30.88,0,0,0,0
91.8,0.0097,84.84,0.0509,36.38,0,0,0,0
85.16,-0.082,83.63,-0.0382,44.04,0,0,0,0
96.06,-0.135,60.47,-0.0382,46.12,0,2,0,2
95.47,0.1139,83.18,0.0741,42.71,0,0,0,0
75.91,-0.383,68.71,-0.1208,26.9,2,2,2,2
92.49,-0.3153,88.85,0.0655,40.46,2,0,0,2
86.61,0.0474,90.99,-0.114,32.24,0,0,0,0
90.96,0.1421,110.65,0.108,36.25,0,1,0,1
91.33,-0.0494,70.79,0.0093,42.07,0,2,0,2
92.13,0.4057,80.46,0.1005,28.68,1,0,2,1
74.07,-0.4604,75.86,-0.0168,22.3,2,2,2,2
98.0,-0.2838,89.27,0.0793,68.13,2,0,3,3
89.87,-0.0205,98.66,-0.0918,38.47,0,0,0,0
44.74,0.7792,59.29,-0.0381,77.83,3,3,3,3
84.3,-0.009,78.57,-0.0809,78.41,3,2,3,3
76.0,-0.2796,74.95,-0.0182,25.61,2,2,2,2
95.07,-0.1514,96.58,0.0059,42.0,0,0,0,0
142.93,0.016,128.94,-0.0369,32.28,3,3,0,3
88.37,0.5317,95.33,-0.0807,39.85,1,0,0,1
103.56,0.0157,87.86,0.0054,28.17,1,0,2,1
102.01,-0.4835,96.44,0.0872,31.08,2,0,0,2
96.85,0.2044,65.07,-0.1389,31.88,0,2,0,2
90.55,-0.0741,88.12,-0.0461,36.34,0,0,0,0
58.09,0.6298,29.49,0.1059,72.37,3,3,3,3
96.35,-0.2121,90.3,0.0755,44.71,0,0,0,0
47.61,0.6,54.68,0.0251,79.57,3,3,3,3
92.7,0.1137,68.77,-0.0007,46.79,0,2,0,2
94.88,0.0253,107.91,-0.1096,48.39,0,1,0,1
101.82,0.1199,104.11,-0.0078,39.03,1,1,0,1
84.54,-0.6072,100.51,0.1388,37.95,3,3,0,3
95.01,-0.2349,94.32,0.0374,47.26,0,0,0,0
57.21,-0.1974,83.81,-0.0918,33.79,3,0,0,3
67.51,0.0951,85.04,-0.016,48.81,3,0,0,3
111.54,0.1729,98.43,0.1918,43.31,1,0,0,1
91.54,-0.2337,87.11,-0.0746,46.13,0,0,0,0
96.05,0.5033,85.98,0.0433,30.86,1,0,0,1
95.07,0.121,99.34,-0.0795,30.47,0,0,0,0
88.33,0.4574,92.42,0.0708,48.24,1,0,0,1
98.43,-0.0185,83.45,0.02,38.16,0,0,0,0
98.42,-0.1456,104.35,0.1526,33.55,0,1,0,1
99.48,-0.2055,91.82,-0.1359,36.74,0,0,0,0
91.73,-0.1831,98.45,0.0956,39.15,0,0,0,0
61.0,0.7136,40.47,0.0474,69.1,3,3,3,3
89.02,-0.1241,113.91,0.0312,33.21,0,1,0,1
50.36,-0.0409,93.43,-0.0312,36.88,3,0,0,3
90.6,0.3658,92.64,0.0928,39.92,1,0,0,1
90.17,0.0863,95.12,-0.0263,34.87,0,0,0,0
87.62,-0.0597,90.74,-0.0253,36.38,0,0,0,0
48.04,0.0287,98.71,0.1477,42.08,3,0,0,3
80.01,0.0547,73.9,-0.1313,36.79,2,2,0,2
95.79,-0.4352,94.88,-0.069,43.52,2,0,0,2
99.62,0.3651,97.86,-0.1248,25.46,1,0,2,1
87.87,-0.5215,84.05,-0.0573,37.26,2,0,0,2
92.37,-0.5156,89.03,-0.1721,31.09,2,0,0,2
107.42,0.0639,88.06,-0.0832,34.43,1,0,0,1
76.15,0.162,88.17,0.0813,36.54,2,0,0,2
100.92,0.5263,92.03,0.0784,36.57,1,0,0,1
95.21,-0.0763,99.81,-0.0185,41.21,0,0,0,0
96.73,-0.2698,94.38,-0.0502,52.13,2,0,1,1
90.91,-0.2975,92.29,-0.1438,30.4,2,0,0,2
71.75,-0.5467,69.41,0.1012,21.48,2,2,2,2
112.36,-0.0831,101.63,0.1491,39.86,1,1,0,1
55.18,0.1815,79.75,-0.1298,44.52,3,3,0,3
88.22,0.2388,82.49,-0.0837,61.99,0,0,1,1
95.01,0.1458,90.33,0.0687,48.64,0,0,0,0
89.15,0.1569,84.6,-0.1384,36.0,0,0,0,0
82.05,0.0765,83.36,-0.1593,36.49,2,0,0,2
94.84,0.3123,84.46,-0.1884,56.09,1,0,1,1
99.38,-0.0967,89.17,0.0569,48.58,0,0,0,0
95.22,0.0464,82.16,-0.1841,69.5,0,0,3,3
99.77,0.1447,88.91,-0.0791,33.65,0,0,0,0
98.04,0.1651,92.05,0.1614,18.42,0,0,2,2
99.8,-0.2631,98.71,-0.0331,35.03,2,0,0,2
99.05,-0.2088,104.4,-0.1142,34.19,0,1,0,1
73.76,0.0769,96.39,0.1706,36.08,2,0,0,2
87.16,0.1606,84.81,-0.0942,76.64,0,0,3,3
89.17,-0.0423,90.51,0.075,39.65,0,0,0,0
77.2,0.238,97.48,-0.0274,34.9,2,0,0,2
138.44,-0.197,144.56,-0.1685,41.51,3,3,0,3
90.42,-0.0257,83.05,-0.0222,46.86,0,0,0,0
86.33,-0.2198,95.74,-0.0687,52.56,0,0,1,1
73.5,-0.4849,78.14,-0.1524,21.99,2,2,2,2
90.14,0.1444,85.12,0.0074,73.25,0,0,3,3
95.49,0.1302,85.98,-0.015,46.22,0,0,0,0
88.93,-0.384,96.25,0.1078,40.6,2,0,0,2
48.85,0.6691,62.36,0.0539,80.47,3,2,3,3
101.22,-0.0398,88.09,-0.0316,77.6,1,0,3,3
98.12,0.113,78.07,-0.0736,44.99,0,2,0,2
85.34,0.2379,92.15,-0.0336,82.54,0,0,3,3
97.96,-0.0311,97.67,-0.01,49.64,0,0,0,0
120.8,0.2076,136.56,-0.0518,47.78,3,3,0,3
87.2,0.2157,97.0,-0.0278,38.76,0,0,0,0
92.06,0.1099,94.86,0.0021,36.74,0,0,0,0
97.82,-0.2877,91.12,-0.2611,36.71,2,0,0,2
94.27,-0.0323,107.11,0.0887,39.01,0,1,0,1
87.5,-0.0001,104.97,-0.0458,37.78,0,1,0,1
59.51,0.6073,47.7,-0.166,75.62,3,3,3,3
100.34,-0.3768,93.14,0.076,34.01,2,0,0,2
85.63,0.2186,89.23,-0.0814,34.82,0,0,0,0
76.87,-0.4252,67.12,0.138,26.65,2,2,2,2
80.65,-0.0733,82.73,-0.1871,73.39,2,0,3,3
107.62,-0.1627,78.02,-0.0982,45.41,1,2,0,1
139.73,-0.13,132.7,0.0343,44.02,3,3,0,3
49.44,0.7668,37.54,0.0643,70.86,3,3,3,3
85.48,-0.1558,94.87,-0.0117,49.67,0,0,0,0
93.71,0.2171,80.95,-0.1119,32.73,0,0,0,0
106.84,-0.0348,86.31,0.0368,42.67,1,0,0,1
45.53,0.9295,45.32,0.0466,82.03,3,3,3,3
86.06,0.22,113.07,-0.0803,32.59,0,1,0,1
83.29,-0.019,92.22,-0.1295,42.28,2,0,0,2
106.38,-0.1545,83.18,0.1264,35.38,1,0,0,1
89.69,0.0501,74.03,-0.1578,33.08,0,2,0,2
100.98,-0.5376,89.84,0.1105,32.63,2,0,0,2
92.02,0.3846,99.65,0.0575,44.46,1,0,0,1
92.62,-0.2148,82.94,-0.0866,61.08,0,0,1,1
130.95,-0.2002,141.58,-0.1766,53.96,3,3,1,3
120.78,0.0704,137.26,0.0933,39.88,3,3,0,3
88.37,-0.1614,65.38,0.017,38.39,0,2,0,2
94.9,-0.1449,80.03,0.028,43.73,0,0,0,0
93.84,-0.1372,97.86,-0.0234,46.34,0,0,0,0
93.31,0.2209,82.98,-0.0931,32.77,0,0,0,0
96.15,-0.9301,83.91,-0.1004,37.58,3,0,0,3
88.78,0.1377,85.04,-0.0131,19.29,0,0,2,2
90.83,0.2104,97.56,0.0195,48.71,0,0,0,0
88.51,0.0596,101.24,-0.1606,58.76,0,1,1,1
42.97,0.1124,92.54,-0.0367,41.14,3,0,0,3
114.59,-0.0525,92.13,-0.1047,43.8,1,0,0,1
96.41,-0.0748,87.69,0.0919,32.41,0,0,0,0
91.73,-0.1118,106.55,0.0268,38.25,0,1,0,1
94.32,0.0814,96.71,-0.0237,43.46,0,0,0,0
60.58,-0.1028,86.37,0.1559,38.14,3,0,0,3
87.25,0.2126,96.62,0.1434,46.29,0,0,0,0
93.34,-0.1475,76.94,0.1744,42.41,0,2,0,2
70.75,-0.435,75.43,-0.0773,31.35,2,2,0,2
96.22,-0.68,83.31,-0.1327,40.85,3,0,0,3
54.5,-0.0834,98.84,0.0114,41.53,3,0,0,3
59.07,0.6834,54.12,-0.09,77.74,3,3,3,3
129.86,0.0145,113.87,-0.0632,42.61,3,1,0,3
87.78,0.2821,94.7,-0.0956,35.31,1,0,0,1
95.51,-0.1077,89.05,0.1013,40.58,0,0,0,0
97.62,-0.7436,85.07,0.2038,41.82,3,0,0,3
87.73,0.2511,88.57,-0.0107,49.06,1,0,0,1
55.19,-0.0341,92.65,0.019,46.29,3,0,0,3
98.19,0.2964,85.61,-0.0674,47.94,1,0,0,1
77.54,-0.4953,70.41,0.042,27.37,2,2,2,2
108.48,-0.171,88.0,0.0446,38.15,1,0,0,1
77.35,-0.0455,87.76,0.0152,39.13,2,0,0,2
93.01,0.1311,111.66,0.1273,39.48,0,1,0,1
86.51,0.1409,80.52,0.0083,30.84,0,0,0,0
94.91,0.0208,98.24,0.1508,31.46,0,0,0,0
75.5,0.0657,93.64,0.031,34.66,2,0,0,2
88.7,0.0083,83.7,0.0352,33.86,0,0,0,0
95.53,-0.9686,97.67,-0.0834,35.89,3,0,0,3
96.01,0.2475,94.69,-0.1893,43.07,1,0,0,1
71.13,0.0524,91.04,-0.1296,35.17,2,0,0,2
86.26,-0.1173,87.78,0.0516,46.59,0,0,0,0
86.09,-0.7625,87.42,-0.0596,43.12,3,0,0,3
57.64,0.1001,98.24,0.049,38.75,3,0,0,3
87.42,0.3335,92.76,-0.0436,37.57,1,0,0,1
98.62,0.1872,80.1,0.0213,78.37,0,0,3,3
89.43,0.0512,88.9,-0.0749,34.73,0,0,0,0
108.42,-0.1959,88.43,0.0171,44.75,1,0,0,1
119.63,0.2225,119.35,-0.1165,40.74,3,3,0,3
94.32,0.3385,90.23,0.1049,38.7,1,0,0,1
89.79,-0.3854,96.37,-0.046,45.53,2,0,0,2
93.67,-0.0995,97.46,0.1284,36.07,0,0,0,0
93.77,0.0916,91.13,0.0282,37.65,0,0,0,0
104.16,-0.1042,88.48,0.0455,35.24,1,0,0,1
91.46,0.0206,88.38,0.2109,33.48,0,0,0,0
87.88,-0.4485,69.9,-0.0698,21.54,2,2,2,2
60.02,0.5492,56.26,-0.0991,76.0,1,3,3,3
91.11,-0.0119,91.27,-0.0589,36.59,0,0,0,0
88.35,-0.404,92.0,0.0162,41.88,2,0,0,2
87.01,0.4474,99.04,-0.1088,35.79,1,0,0,1
68.62,0.8266,36.88,-0.0065,81.16,3,3,3,3
58.16,0.1201,91.4,-0.1415,37.16,3,0,0,3
87.28,-0.8586,100.96,-0.2079,38.67,3,3,0,3
91.47,0.1712,87.9,0.0862,20.28,0,0,2,2
106.11,-0.1968,98.65,0.0301,45.21,1,0,0,1
109.57,0.2001,81.79,-0.0655,38.45,1,0,0,1
93.07,0.199,83.18,0.0718,44.23,0,0,0,0
126.93,-0.1508,116.11,0.116,49.37,3,3,0,3
90.66,0.0903,83.87,-0.0466,49.49,0,0,0,0
124.84,0.1378,117.04,0.1309,53.04,3,3,1,3
76.88,-0.1479,83.32,0.0281,42.04,2,0,0,2
114.46,-0.0913,94.91,0.0265,37.52,1,0,0,1
88.34,0.2619,84.8,0.0554,32.81,1,0,0,1
88.93,-0.3379,71.21,0.0475,27.18,2,2,2,2
56.18,0.1798,98.61,0.0392,31.58,3,0,0,3
88.72,-0.4102,89.76,0.0784,43.07,2,0,0,2
87.91,0.041,85.11,-0.0753,46.8,0,0,0,0
80.21,0.4674,96.4,-0.0912,37.04,1,0,0,1
80.21,0.1593,89.63,0.0914,35.13,2,0,0,2
76.46,-0.0595,95.37,0.1534,27.14,2,0,2,2
98.35,0.1594,95.35,0.0076,35.86,0,0,0,0
93.33,0.26,88.09,-0.0214,72.68,1,0,3,3
87.35,0.0262,103.55,0.0222,34.62,0,1,0,1
86.94,-0.0136,105.47,0.102,35.63,0,1,0,1
71.48,0.5631,57.66,0.1828,83.12,3,3,3,3
94.24,-0.0962,82.55,0.0862,35.35,0,0,0,0
97.31,-0.1468,92.0,-0.0313,34.69,0,0,0,0
102.1,-0.0385,101.52,-0.1198,27.27,1,1,2,1
87.0,0.0891,72.53,-0.0077,30.13,0,2,0,2
96.61,0.7252,82.34,0.0794,30.47,3,0,0,3
88.52,0.2894,84.83,-0.0715,30.18,1,0,0,1
97.99,-0.2738,98.29,-0.0234,37.83,2,0,0,2
93.63,-0.4872,84.83,0.0278,44.8,2,0,0,2
126.18,0.0526,123.98,-0.1856,36.07,3,3,0,3
90.6,-0.0624,62.55,-0.0858,36.56,0,2,0,2
80.17,-0.1252,98.6,-0.1188,35.96,2,0,0,2
92.88,0.1505,102.33,0.0197,65.33,0,1,3,3
97.71,0.5912,85.06,0.021,47.58,3,0,0,3
88.4,0.1451,97.48,-0.0365,32.43,0,0,0,0
113.9,0.1512,93.12,-0.1739,41.25,1,0,0,1
58.66,0.7509,40.92,0.0057,78.45,3,3,3,3
91.47,0.0003,88.07,-0.1048,76.87,0,0,3,3
50.81,0.0678,90.94,-0.1369,28.74,3,0,2,3
93.16,0.3386,94.23,0.0229,28.1,1,0,2,1
46.44,0.7507,51.51,0.1271,84.85,3,3,3,3
119.67,0.0613,144.64,-0.0484,37.94,3,3,0,3
79.21,-0.3909,62.26,-0.0135,21.2,2,2,2,2
78.82,-0.3393,84.17,-0.0758,45.06,2,0,0,2
90.94,0.8283,82.89,0.0186,47.69,3,0,0,3
96.52,0.0627,83.16,0.0918,39.89,0,0,0,0
126.9,0.1431,132.29,0.1107,42.0,3,3,0,3
89.0,-0.329,84.96,0.0104,49.73,2,0,0,2
77.16,0.1814,81.99,0.118,36.76,2,0,0,2
85.03,-0.1222,87.1,0.0432,79.37,0,0,3,3
93.6,0.1468,90.87,0.0469,42.19,0,0,0,0
88.07,-0.3881,97.68,0.0873,31.97,2,0,0,2
99.36,-0.1905,77.72,0.0036,28.02,0,2,2,2
141.84,0.0013,129.81,0.1286,32.94,3,3,0,3
76.79,-0.4571,75.86,-0.0302,24.56,2,2,2,2
95.68,-0.3997,90.64,-0.1391,36.96,2,0,0,2
97.9,-0.5131,94.87,0.0892,38.01,2,0,0,2
94.27,0.1589,88.96,0.0644,45.02,0,0,0,0
137.72,0.0576,128.96,0.0402,49.9,3,3,0,3
95.09,-0.4007,94.54,-0.0153,45.7,2,0,0,2
60.76,0.8935,49.26,-0.0303,82.53,3,3,3,3
91.71,-0.1495,81.74,-0.1458,38.57,0,0,0,0
87.58,0.0254,96.46,0.07,35.59,0,0,0,0
94.42,0.0854,89.31,0.0334,46.67,0,0,0,0
102.03,0.4811,108.25,-0.0613,59.7,1,1,1,1
96.97,-0.4656,88.28,-0.0053,46.96,2,0,0,2
94.47,0.0161,92.22,-0.0152,55.15,0,0,1,1
88.59,-0.2011,81.59,-0.0852,41.01,0,0,0,0
80.96,-0.5358,74.27,0.0366,18.34,2,2,2,2
98.54,0.6682,84.72,0.0219,32.7,3,0,0,3
110.09,-0.2133,102.32,-0.0498,36.98,1,1,0,1
100.62,0.2977,103.03,-0.0574,59.16,1,1,1,1
77.4,-0.294,73.61,-0.0875,19.44,2,2,2,2
85.11,0.0639,99.42,0.0335,41.05,0,0,0,0
98.1,0.1323,105.97,0.0577,35.78,0,1,0,1
93.08,0.4244,85.33,0.1827,45.81,1,0,0,1
91.11,-0.7199,83.94,0.0932,36.38,3,0,0,3
89.73,-0.3518,93.94,-0.0488,41.13,2,0,0,2
85.39,0.0107,94.27,0.0377,47.99,0,0,0,0
94.36,0.0644,96.11,-0.1222,27.44,0,0,2,2
98.78,-0.0735,96.59,0.0387,45.16,0,0,0,0
87.36,-0.0438,82.74,0.0742,44.32,0,0,0,0
97.29,-0.3923,88.39,0.0889,46.67,2,0,0,2
106.75,0.4988,102.23,-0.1446,61.33,1,1,1,1
95.54,-0.4494,84.1,-0.1389,37.62,2,0,0,2
89.05,0.1416,93.41,0.1035,48.22,0,0,0,0
122.59,-0.2581,140.1,0.0006,44.27,2,3,0,3
87.37,0.1822,80.8,0.0558,69.95,0,0,3,3
87.45,-0.1932,92.01,0.1035,80.79,0,0,3,3
90.68,0.243,98.64,0.1229,58.97,1,0,1,1
105.64,-0.1579,98.8,0.1917,36.26,1,0,0,1
96.4,0.7063,89.74,0.0894,31.47,3,0,0,3
110.45,0.3183,106.49,-0.0043,60.84,1,1,1,1
88.76,0.1902,95.04,0.059,61.45,0,0,1,1
91.17,-0.2955,92.32,0.0669,44.64,2,0,0,2
100.19,0.0548,101.45,-0.1794,83.61,3,1,3,3
86.32,0.3353,96.14,0.0713,39.32,1,0,0,1
92.29,-0.1471,65.74,-0.1087,37.51,0,2,0,2
96.15,0.1449,80.44,-0.0499,31.2,0,0,0,0
91.69,0.0405,78.72,-0.0003,59.86,0,2,1,1
94.12,0.8926,85.31,0.069,28.39,3,0,2,3
93.55,0.0555,87.54,-0.1618,46.0,0,0,0,0
86.59,-0.4532,85.61,0.038,45.39,2,0,0,2
91.26,-0.4793,80.93,0.0589,44.1,2,0,0,2
104.29,0.0748,93.34,-0.1329,51.93,1,0,1,1
81.2,-0.2681,99.29,-0.0384,77.0,2,0,3,3
108.55,-0.1997,98.93,0.0835,38.83,1,0,0,1
95.91,0.0347,88.54,0.1597,43.63,0,0,0,0
93.58,-0.0295,95.57,-0.0469,58.12,0,0,1,1
89.61,0.3739,91.1,-0.1043,40.49,1,0,0,1
83.43,0.0813,70.42,0.1603,47.77,2,2,0,2
89.01,0.1653,96.03,-0.1629,45.99,0,0,0,0
88.48,0.3319,98.47,-0.0687,42.86,1,0,0,1
90.16,0.281,109.84,0.006,51.71,1,1,1,1
93.37,0.2273,88.56,-0.0218,40.62,0,0,0,0
87.58,0.3239,82.69,0.0597,38.1,1,0,0,1
85.92,-0.3876,98.26,0.0548,42.38,2,0,0,2
68.5,-0.1631,89.45,0.2068,36.62,3,0,0,3
94.85,-0.5196,84.02,0.0127,43.88,2,0,0,2
93.32,-0.0712,63.81,-0.1407,41.47,0,2,0,2
85.21,0.0176,89.77,-0.1958,45.1,0,0,0,0
86.31,-0.224,90.51,0.163,45.9,0,0,0,0
90.25,0.0759,69.58,-0.1295,41.57,0,2,0,2
96.33,0.0121,113.21,-0.1659,52.06,0,1,1,1
86.86,0.1343,91.34,0.0294,36.77,0,0,0,0
86.16,-0.0277,86.64,-0.0722,40.23,0,0,0,0
91.06,-0.0027,109.38,-0.0947,45.41,0,1,0,1
89.32,-0.0361,92.85,0.109,30.71,0,0,0,0
98.36,0.2161,96.96,-0.0204,57.73,0,0,1,1
99.23,0.2349,84.32,0.0566,39.89,0,0,0,0
88.54,-0.3404,86.26,-0.1238,36.06,2,0,0,2
96.2,0.4508,89.89,-0.0779,32.01,1,0,0,1
87.95,-0.1133,91.67,0.1852,32.57,0,0,0,0
98.24,-0.0382,87.76,0.1182,51.61,0,0,1,1
136.03,-0.0798,145.66,0.0346,34.67,3,3,0,3
92.23,-0.1862,76.83,-0.1167,33.46,0,2,0,2
94.26,-0.0978,98.38,-0.0138,17.41,0,0,2,2
53.83,0.6229,44.83,0.1086,70.62,3,3,3,3
93.19,0.1957,91.93,0.0135,35.74,0,0,0,0
91.13,0.1306,84.67,0.0333,43.8,0,0,0,0
87.85,0.3915,88.45,-0.0334,40.52,1,0,0,1
111.88,0.451,108.63,-0.1268,63.46,1,1,1,1
83.55,-0.0723,107.98,0.0025,39.69,2,1,0,1
90.89,-0.0025,84.26,0.0806,56.88,0,0,1,1
94.93,-0.1557,98.9,-0.0967,35.55,0,0,0,0
110.45,0.5046,110.29,-0.2182,51.04,1,1,1,1
92.85,-0.0473,98.06,0.0124,41.02,0,0,0,0
94.31,-0.3315,74.33,-0.1006,46.28,2,2,0,2
75.67,0.0382,83.77,0.0119,49.7,2,0,0,2
93.28,0.5237,83.42,0.0482,47.21,1,0,0,1
85.66,0.1259,93.27,-0.0497,32.87,0,0,0,0
92.11,0.3123,101.28,-0.1505,47.08,1,1,0,1
97.4,0.0857,95.78,0.1663,25.58,0,0,2,2
88.35,0.1299,82.7,-0.0388,41.85,0,0,0,0
96.73,0.231,91.6,0.2094,37.49,0,0,0,0
75.57,0.0826,83.09,0.0171,33.08,2,0,0,2
119.23,-0.045,117.14,0.0291,28.8,3,3,2,3
98.09,0.2017,103.84,0.2271,31.73,0,1,0,1
94.24,-0.5126,81.82,0.1604,31.4,2,0,0,2
88.96,-0.0277,97.46,0.1016,31.16,0,0,0,0
93.75,0.3231,96.66,-0.1458,45.03,1,0,0,1
63.85,0.8336,54.57,-0.0346,73.41,3,3,3,3
93.81,0.4213,86.14,0.0758,33.38,1,0,0,1
111.16,0.0094,89.74,0.0112,48.02,1,0,0,1
70.54,-0.0494,77.74,-0.0551,43.32,2,2,0,2
101.92,0.4772,97.2,-0.0186,35.56,1,0,0,1
112.84,0.1657,91.1,-0.0513,40.92,1,0,0,1
58.95,-0.1902,89.74,-0.0535,49.39,3,0,0,3
44.87,0.6469,39.53,-0.1714,68.62,3,3,3,3
94.25,0.2358,89.42,0.0628,41.67,0,0,0,0
98.78,-0.3248,77.28,-0.0919,39.2,2,2,0,2
99.58,0.212,91.95,0.1618,40.94,0,0,0,0
40.81,0.8638,52.56,-0.2241,72.87,3,3,3,3
123.79,0.1362,134.0,-0.1584,46.18,3,3,0,3
95.52,-0.0985,97.22,0.0799,36.49,0,0,0,0
93.37,-0.2972,89.91,0.0884,44.53,2,0,0,2
93.43,0.3981,83.2,0.1565,46.37,1,0,0,1
62.82,0.0259,85.58,-0.1064,39.83,3,0,0,3
85.26,-0.0453,80.55,-0.1092,73.42,0,0,3,3
83.27,-0.408,97.71,-0.0859,39.12,2,0,0,2
86.3,-0.041,94.2,-0.153,74.78,0,0,3,3
94.96,0.3189,80.42,0.0823,41.29,1,0,0,1
85.9,0.134,109.44,0.0229,47.78,0,1,0,1
86.82,0.0715,89.14,0.1461,46.37,0,0,0,0
94.56,0.0374,88.8,-0.0843,31.79,0,0,0,0
76.95,-0.1662,88.48,0.0428,48.25,2,0,0,2
85.57,0.0457,92.9,-0.0855,39.61,0,0,0,0
85.42,-0.1916,94.6,0.1797,42.23,0,0,0,0
90.78,0.0858,90.65,0.1247,31.4,0,0,0,0
95.28,0.0792,90.26,-0.0106,71.98,0,0,3,3
88.26,0.1224,85.49,-0.0381,45.25,0,0,0,0
89.82,0.1258,88.16,-0.0231,33.52,0,0,0,0
96.3,0.4205,89.7,-0.0292,43.74,1,0,0,1
85.43,-0.2349,86.27,0.1487,43.6,0,0,0,0
57.63,-0.0021,87.45,-0.0052,33.66,3,0,0,3
91.4,-0.4973,89.77,0.1506,28.83,2,0,2,2
88.59,-0.4048,94.88,0.0713,49.39,2,0,0,2
90.17,-0.1488,88.11,0.1692,58.03,0,0,1,1
94.24,-0.1593,107.17,0.03,34.79,0,1,0,1
97.05,-0.3726,96.06,-0.0373,43.58,2,0,0,2
84.55,-0.2897,92.52,-0.1083,76.21,2,0,3,3
63.98,0.8399,63.2,0.117,73.65,3,2,3,3
72.8,-0.0049,84.02,-0.0222,31.99,2,0,0,2
113.57,-0.0949,90.18,0.0251,41.67,1,0,0,1
88.58,-0.0891,87.3,-0.0916,48.59,0,0,0,0
91.05,0.0438,91.39,-0.018,79.77,0,0,3,3
88.97,-0.0514,85.93,0.1604,42.26,0,0,0,0
99.69,0.1959,92.65,0.0095,39.91,0,0,0,0
94.02,0.0811,82.35,0.1752,56.75,0,0,1,1
52.18,-0.1582,99.38,0.1266,44.0,3,0,0,3
93.25,-0.4113,83.19,0.0957,38.11,2,0,0,2
71.1,-0.4686,74.22,0.0669,28.78,2,2,2,2
93.62,-0.7815,92.5,-0.0297,42.66,3,0,0,3
87.96,0.0127,92.04,-0.0959,36.22,0,0,0,0
83.3,-0.1678,91.54,-0.1561,19.85,2,0,2,2
97.88,-0.054,94.94,0.0157,33.0,0,0,0,0
44.16,0.1736,87.54,0.0176,46.29,3,0,0,3
77.37,0.1643,92.34,0.0627,35.78,2,0,0,2
73.19,-0.1746,95.65,0.0669,42.86,2,0,0,2
95.21,-0.1378,86.67,-0.0462,56.82,0,0,1,1
77.58,-0.5334,70.52,0.1102,18.4,2,2,2,2
92.57,0.0166,88.36,0.0974,77.61,0,0,3,3
84.55,-0.4315,85.79,0.0616,36.2,2,0,0,2
90.31,-0.4173,89.03,-0.0618,37.62,2,0,0,2
85.84,0.4542,95.91,0.1425,41.73,1,0,0,1
99.61,0.1874,68.52,-0.1784,46.8,0,2,0,2
98.29,0.4184,91.69,-0.0442,36.59,1,0,0,1
75.54,-0.3483,64.28,-0.0799,23.62,2,2,2,2
89.49,-0.1682,88.65,-0.1401,33.0,0,0,0,0
92.24,-0.1177,99.46,0.2038,43.61,0,0,0,0
99.29,0.2242,103.86,0.1121,43.43,0,1,0,1
91.61,-0.2042,87.2,0.0885,39.19,0,0,0,0
92.75,0.0043,98.42,-0.0193,20.3,0,0,2,2
92.05,-0.3128,92.24,-0.0193,47.65,2,0,0,2
66.77,0.9037,36.62,0.0445,69.72,3,3,3,3
62.19,0.7089,55.38,-0.0986,73.66,3,3,3,3
83.84,0.7326,85.75,-0.0742,44.38,3,0,0,3
86.99,0.0444,99.81,-0.109,32.54,0,0,0,0
120.83,0.0645,121.53,0.1309,29.2,3,3,3,3
97.53,0.4155,83.5,0.1051,28.05,1,0,2,1
84.06,-0.8756,95.4,-0.0135,43.62,3,0,0,3
92.04,-0.1675,82.54,-0.1053,37.67,0,0,0,0
110.43,0.0532,90.13,0.0282,47.7,1,0,0,1
49.46,0.8107,41.98,0.0188,70.71,3,3,3,3
91.81,0.851,81.72,-0.1068,45.59,3,0,0,3
66.7,-0.0505,81.01,-0.1931,41.87,3,0,0,3
94.49,0.426,86.22,0.1107,30.93,1,0,0,1
56.12,0.714,45.87,0.0381,72.91,3,3,3,3
90.37,-0.7434,100.72,-0.1138,34.23,3,3,0,3
89.5,0.2041,98.07,-0.0052,37.76,0,0,0,0
97.22,-0.171,90.58,0.2105,27.7,0,0,2,2
70.24,-0.1383,94.33,-0.2086,47.83,2,0,0,2
88.4,0.0602,98.28,0.0014,34.95,0,0,0,0
94.14,0.3588,84.47,0.0235,46.09,1,0,0,1
67.8,0.571,54.59,-0.0505,86.51,3,3,3,3
77.97,-0.158,95.42,-0.0085,41.22,2,0,0,2
42.96,0.8363,36.61,-0.0033,76.4,3,3,3,3
86.46,-0.7423,93.05,0.1367,40.82,3,0,0,3
96.45,-0.1902,88.32,0.0573,47.82,0,0,0,0
86.44,-0.169,92.23,0.0807,30.96,0,0,0,0
85.93,0.5465,89.74,-0.1038,41.73,1,0,0,1
84.23,0.3749,95.23,0.0256,47.44,1,0,0,1
86.89,0.0697,88.65,0.0075,19.17,0,0,2,2
120.55,-0.2663,141.1,-0.1254,39.1,2,3,0,3
95.73,-0.1943,91.77,0.1228,36.49,0,0,0,0
94.5,0.1762,80.64,0.0801,15.07,0,0,2,2
99.9,0.2217,94.39,0.0198,30.82,0,0,0,0
71.66,-0.0144,93.62,-0.1163,46.4,2,0,0,2
87.54,-0.0889,82.21,0.0957,35.26,0,0,0,0
88.31,0.0418,83.93,-0.0003,34.66,0,0,0,0
108.21,-0.0812,82.37,-0.0615,36.22,1,0,0,1
112.36,0.0963,93.58,-0.1097,45.38,1,0,0,1
93.06,0.0989,96.52,0.0235,35.34,0,0,0,0
88.93,-0.0591,90.35,-0.0472,44.55,0,0,0,0
90.55,-0.1263,66.3,-0.116,36.13,0,2,0,2
93.83,0.3114,81.89,0.1246,46.57,1,0,0,1
97.43,0.0704,87.46,-0.0783,47.66,0,0,0,0
88.62,-0.0821,63.97,-0.0569,44.72,0,2,0,2
79.75,-0.3421,67.39,-0.1724,21.55,2,2,2,2
48.34,0.7013,44.77,0.0654,69.42,3,3,3,3
75.75,0.2239,97.29,-0.0397,28.37,2,0,2,2
89.17,-0.1075,93.72,0.0541,42.5,0,0,0,0
94.5,0.0005,85.64,0.0003,40.25,0,0,0,0
90.35,-0.1442,91.25,0.0168,38.09,0,0,0,0
107.5,0.4855,104.63,-0.0415,51.45,1,1,1,1
97.65,-0.0275,92.62,0.1497,87.72,0,0,3,3
92.61,-0.1292,89.56,-0.0085,43.79,0,0,0,0
60.55,0.0145,81.82,-0.1152,37.85,3,0,0,3
52.01,-0.1653,89.3,0.009,42.45,3,0,0,3
51.22,-0.082,96.65,-0.0032,49.63,3,0,0,3
98.96,0.1685,68.84,-0.0287,30.69,0,2,0,2
68.95,0.9309,38.1,0.0814,80.75,3,3,3,3
54.11,0.8121,49.4,0.0384,80.06,3,3,3,3
143.02,0.0774,121.29,0.1479,43.05,3,3,0,3
88.57,0.002,101.47,-0.0031,46.96,0,1,0,1
105.44,0.3516,107.32,0.1724,55.94,1,1,1,1
99.87,0.371,107.01,0.0593,49.71,1,1,0,1
98.14,0.8355,88.18,0.0115,46.31,3,0,0,3
94.78,-0.05,81.54,0.0233,43.4,0,0,0,0
49.76,0.1278,99.92,0.0475,52.33,3,0,1,3
95.6,0.1573,90.05,0.1807,34.56,0,0,0,0
123.63,-0.1846,135.65,0.0349,30.84,3,3,0,3
92.02,-0.1866,97.04,-0.0024,48.07,0,0,0,0
94.87,0.8503,88.46,0.1786,33.88,3,0,0,3
93.66,-0.7799,91.16,-0.0852,35.15,3,0,0,3
101.34,0.3811,87.04,0.091,42.46,1,0,0,1
92.66,-0.2823,71.28,0.0319,42.07,2,2,0,2
68.84,-0.2436,97.73,0.091,49.8,2,0,0,2
80.46,-0.18,85.26,0.0419,47.23,2,0,0,2
93.57,0.3742,88.83,-0.0724,42.63,1,0,0,1
89.0,-0.5304,100.6,0.0829,35.86,2,3,0,3
100.49,0.5404,84.42,0.0175,42.14,1,0,0,1
85.66,-0.1633,85.45,-0.1494,48.76,0,0,0,0
96.24,-0.3362,78.77,-0.0924,51.52,2,2,1,2
87.66,-0.1251,94.88,-0.0241,45.66,0,0,0,0
90.85,-0.1409,83.07,-0.0423,42.22,0,0,0,0
94.11,0.1456,83.1,-0.088,34.53,0,0,0,0
113.99,0.2428,104.31,-0.0766,58.3,1,1,1,1
108.14,0.4732,102.59,0.0419,61.19,1,1,1,1
94.84,0.4508,88.71,-0.0998,47.7,1,0,0,1
87.26,0.0483,85.53,-0.0084,57.56,0,0,1,1
86.39,0.064,86.7,0.0976,57.51,0,0,1,1
110.01,0.2951,102.81,-0.0098,61.29,1,1,1,1
93.8,-0.0108,93.01,0.0946,53.63,0,0,1,1
116.56,0.3057,105.72,0.0822,57.67,1,1,1,1
95.31,0.1664,86.99,-0.0228,49.39,0,0,0,0
91.24,-0.0936,94.74,0.1199,79.82,0,0,3,3
103.34,0.3674,99.02,-0.0527,58.39,1,0,1,1
55.19,0.93,53.27,0.0785,66.86,3,3,3,3
98.32,-0.0739,82.61,0.0834,77.07,0,0,3,3
49.32,0.675,48.39,-0.0353,80.69,3,3,3,3
57.59,-0.1619,86.23,-0.0265,37.59,3,0,0,3
95.76,-0.2071,91.87,-0.0452,47.38,0,0,0,0
86.27,-0.0327,91.9,0.0267,44.16,0,0,0,0
97.88,0.2881,108.43,-0.1506,32.81,1,1,0,1
66.41,0.0736,80.75,-0.0073,36.09,3,0,0,3
101.11,-0.4252,83.35,0.1139,31.96,2,0,0,2
146.79,-0.1185,117.49,-0.0638,34.35,3,3,0,3
114.3,0.087,94.4,-0.0537,45.49,1,0,0,1
47.2,0.8055,53.96,0.1655,78.56,3,3,3,3
79.74,0.1069,91.75,-0.0023,46.18,2,0,0,2
93.47,-0.4274,88.45,-0.0981,35.79,2,0,0,2
93.36,-0.0701,96.4,-0.1455,41.05,0,0,0,0
104.33,-0.032,95.58,0.0083,32.31,1,0,0,1
87.7,-0.1157,79.52,-0.0273,72.15,0,3,3,3
91.69,0.1599,96.3,0.0916,38.72,0,0,0,0
53.93,0.6352,51.29,-0.0079,72.37,3,3,3,3
58.68,0.723,51.77,-0.1587,72.8,3,3,3,3
50.57,0.788,39.88,-0.0981,66.53,3,3,3,3
95.41,0.293,86.45,0.1897,36.58,1,0,0,1
60.26,0.7074,44.42,-0.041,66.95,3,3,3,3
90.19,-0.0952,91.67,-0.0333,48.29,0,0,0,0
89.6,-0.0465,96.4,0.1108,44.08,0,0,0,0
87.83,-0.0804,95.81,-0.1522,45.43,0,0,0,0
85.63,-0.2303,91.04,0.0953,27.6,0,0,2,2
96.8,-0.108,95.33,-0.1868,32.42,0,0,0,0
88.16,0.4243,81.34,0.0806,38.42,1,0,0,1
89.22,0.61,89.93,0.1001,33.1,3,0,0,3
99.56,-0.0776,89.84,-0.1074,56.9,0,0,1,1
95.1,-0.5821,88.19,-0.1076,50.89,3,0,3,3
138.59,-0.121,131.93,-0.1515,45.59,3,3,0,3
91.38,0.2672,89.0,0.1865,45.61,1,0,0,1
70.61,-0.0749,83.29,0.0304,31.66,2,0,0,2
90.5,-0.2413,99.5,0.0432,87.83,2,0,3,3
92.92,0.2345,78.87,-0.1382,36.66,0,2,0,2
91.86,0.1006,90.08,-0.1477,38.46,0,0,0,0
88.48,-0.1265,91.07,0.137,40.81,0,0,0,0
84.36,0.8244,91.39,-0.084,50.49,3,0,3,3
49.64,0.7742,51.17,0.0447,87.09,3,3,3,3
90.41,0.0879,80.17,0.0519,41.79,0,0,0,0
90.15,-0.2573,111.2,-0.014,41.33,2,1,0,1
89.51,-0.0761,90.77,-0.0516,42.06,0,0,0,0
92.26,-0.0234,90.43,0.0369,47.16,0,0,0,0
94.31,-0.1085,81.83,-0.0365,48.73,0,0,0,0
87.51,0.1359,81.37,-0.0583,35.45,0,0,0,0
91.22,0.1496,96.01,-0.1438,32.36,0,0,0,0
90.03,0.1975,91.4,-0.1562,45.88,0,0,0,0
63.29,0.6735,40.54,0.0093,73.35,3,3,3,3
49.59,-0.2141,78.37,0.1261,30.11,3,2,0,3
99.21,-0.0246,84.18,0.0474,58.42,0,0,1,1
126.87,-0.1696,126.24,0.0832,36.84,3,3,0,3
92.95,0.1767,97.84,0.0236,58.52,0,0,1,1
87.22,-0.1637,83.48,-0.1527,47.58,0,0,0,0
87.58,0.1726,72.23,-0.0361,35.87,0,2,0,2
99.53,-0.5243,92.38,-0.0079,39.22,2,0,0,2
89.91,-0.0996,101.81,-0.052,42.52,0,1,0,1
89.76,-0.4887,91.02,-0.0719,43.17,2,0,0,2
57.54,0.5939,41.03,-0.0275,70.64,3,3,3,3
80.09,0.1288,86.07,0.211,44.5,2,0,0,2
94.09,0.337,89.65,-0.1496,48.85,1,0,0,1
92.46,0.8802,97.53,-0.2082,43.6,3,0,0,3
44.31,-0.024,80.05,0.2228,48.38,3,0,0,3
89.84,-0.1504,85.12,-0.0938,48.29,0,0,0,0
83.91,0.7488,77.7,0.024,44.88,3,2,0,3
95.11,-0.6836,85.34,-0.135,50.67,3,0,3,3
77.62,-0.0953,91.64,0.0453,47.6,2,0,0,2
85.07,-0.3261,70.35,-0.0389,19.06,2,2,2,2
69.46,-0.171,81.87,-0.0875,40.07,3,0,0,3
101.73,0.3424,109.03,0.1344,59.8,1,1,1,1
130.25,-0.1322,124.13,0.188,37.95,3,3,0,3
89.44,-0.523,82.19,0.0227,30.76,2,0,0,2
89.08,-0.39,86.8,-0.0542,35.91,2,0,0,2
92.28,0.0809,80.12,-0.0678,38.79,0,0,0,0
95.87,0.0791,90.66,-0.021,46.06,0,0,0,0
95.2,0.1272,84.75,-0.0194,49.77,0,0,0,0
96.03,-0.4187,99.46,-0.008,40.98,2,0,0,2
92.18,-0.7154,91.6,0.0794,44.58,3,0,0,3
104.34,0.0332,83.14,-0.0819,51.33,1,0,1,1
91.27,0.4004,96.85,-0.0026,37.45,1,0,0,1
98.62,0.1964,81.85,0.1131,25.7,0,0,2,2
98.83,-0.8541,91.22,0.0952,44.75,3,0,0,3
93.11,0.0723,87.12,0.0349,63.74,0,0,1,1
76.28,-0.2976,83.79,-0.0854,38.08,2,0,0,2
88.49,-0.0272,88.87,0.127,38.23,0,0,0,0
57.52,0.5868,59.5,-0.0502,83.1,3,3,3,3
88.82,0.0967,72.58,0.0848,43.44,0,2,0,2
96.41,-0.1379,82.28,0.1373,47.68,0,0,0,0
95.8,-0.1202,95.49,-0.058,40.33,0,0,0,0
96.11,-0.0938,101.62,-0.0975,36.94,0,1,0,1
95.87,0.3381,87.86,-0.1537,47.93,1,0,0,1
99.71,0.1804,80.72,-0.1845,27.89,0,0,2,2
137.79,-0.0688,128.05,-0.1331,49.75,3,3,0,3
89.45,-0.0957,83.78,-0.0742,42.22,0,0,0,0
95.39,0.3331,83.14,0.0094,45.56,1,0,0,1
96.32,-0.0037,84.07,0.1039,48.49,0,0,0,0
91.92,0.183,85.93,-0.1277,42.44,0,0,0,0
72.22,0.0929,95.16,-0.0527,46.84,2,0,0,2
77.92,0.1298,77.64,0.0368,41.96,2,2,0,2
91.23,0.0534,69.18,0.0228,44.41,0,2,0,2
95.51,0.4087,97.39,-0.0172,46.62,1,0,0,1
103.96,-0.01,111.76,-0.0967,45.08,1,1,0,1
92.19,-0.3943,99.66,0.0206,33.57,2,0,0,2
79.69,0.2256,91.4,0.0008,16.58,2,0,2,2
96.11,-0.1973,96.03,0.0432,37.59,0,0,0,0
93.66,-0.8018,88.17,0.0236,47.18,3,0,0,3
97.86,0.4967,87.45,0.0295,38.87,1,0,0,1
79.04,-0.0091,93.78,0.2154,37.8,2,0,0,2
61.03,0.7612,50.09,0.0721,70.8,3,3,3,3
94.27,-0.0338,94.41,-0.0289,40.26,0,0,0,0
95.91,0.2474,84.29,-0.1155,47.0,1,0,0,1
88.38,-0.0974,113.11,0.1609,32.73,0,1,0,1
89.57,-0.149,75.95,0.0571,39.92,0,2,0,2
70.46,0.0131,87.74,0.1202,42.66,2,0,0,2
94.24,0.1619,88.43,0.1282,59.72,0,0,1,1
97.04,0.0854,80.86,0.0265,44.61,0,0,0,0
86.17,0.0777,87.23,0.0156,43.07,0,0,0,0
104.08,-0.1109,95.42,0.0222,48.33,1,0,0,1
91.49,-0.1916,90.32,-0.117,54.71,0,0,1,1
78.57,-0.008,80.4,0.0213,32.15,2,0,0,2
96.2,0.2854,86.47,0.0494,79.84,1,0,3,3
114.19,-0.1259,81.88,-0.1136,48.15,1,0,0,1
86.85,-0.4893,85.87,-0.1178,33.44,2,0,0,2
88.99,0.0946,92.05,-0.0357,18.78,0,0,2,2
85.57,-0.4845,87.72,-0.093,38.38,2,0,0,2
92.47,-0.7821,89.15,0.0372,44.98,3,0,0,3
109.12,-0.0068,84.79,0.0958,44.44,1,0,0,1
96.52,0.1988,94.28,-0.0985,41.17,0,0,0,0
68.51,0.6013,49.4,0.0396,69.05,3,3,3,3
86.9,-0.3793,93.94,0.0657,48.33,2,0,0,2
113.74,-0.0892,92.76,0.0701,42.95,1,0,0,1
84.87,-0.5278,83.18,0.1441,38.68,2,0,0,2
94.85,-0.0847,111.47,0.1278,31.57,0,1,0,1
89.11,0.1741,84.96,-0.2083,49.24,0,0,0,0
87.11,0.0554,76.41,0.0479,44.72,0,2,0,2
97.88,-0.0578,89.14,-0.0303,21.53,0,0,2,2
47.78,-0.0426,84.33,-0.0315,33.51,3,0,0,3
85.98,0.1578,88.94,0.1694,20.1,0,0,2,2
92.61,0.1666,85.09,0.1051,27.91,0,0,2,2
94.65,-0.1723,83.63,-0.0873,30.3,0,0,0,0
109.14,-0.1028,88.31,-0.0489,35.48,1,0,0,1
90.59,-0.1957,93.02,0.0567,45.26,0,0,0,0
125.24,0.1984,123.1,0.0313,47.39,3,3,0,3
76.57,-0.2113,87.11,0.1235,34.22,2,0,0,2
55.61,-0.0087,90.38,-0.0013,44.76,3,0,0,3
82.07,-0.0176,86.92,0.0224,44.55,2,0,0,2
85.38,0.0043,92.4,-0.0815,56.07,0,0,1,1
101.97,-0.2361,105.32,-0.0667,38.54,1,1,0,1
97.72,-0.2037,88.02,0.1368,44.21,0,0,0,0
89.9,0.0166,85.87,-0.1691,53.13,0,0,1,1
95.22,-0.1564,97.28,0.0178,46.2,0,0,0,0
96.19,-0.1901,87.83,0.0562,63.77,0,0,1,1
102.42,0.1397,86.45,0.0826,42.98,1,0,0,1
91.48,-0.2285,75.41,0.062,40.9,0,2,0,2
98.79,-0.0719,81.53,0.1438,24.66,0,0,2,2
96.47,0.3498,92.47,0.0747,37.29,1,0,0,1
95.77,0.066,99.96,-0.1345,76.23,0,0,3,3
143.53,-0.1123,129.33,-0.048,39.71,3,3,0,3
91.4,0.438,94.15,-0.032,36.37,1,0,0,1
102.7,0.255,86.56,0.0964,38.28,1,0,0,1
98.5,-0.1337,89.42,-0.024,32.21,0,0,0,0
85.96,-0.0036,92.27,-0.0277,44.7,0,0,0,0
96.1,-0.0878,87.44,-0.1708,39.41,0,0,0,0
90.98,-0.1618,95.38,-0.0268,44.07,0,0,0,0
83.66,-0.1181,60.05,-0.0629,42.93,2,2,0,2
95.5,0.1416,87.56,-0.0756,31.17,0,0,0,0
91.55,-0.1866,114.28,-0.0649,33.65,0,1,0,1
88.68,-0.1078,89.99,0.0861,43.53,0,0,0,0
96.85,-0.0485,83.17,-0.077,35.42,0,0,0,0
84.79,-0.305,95.7,-0.0205,63.94,2,0,1,1
86.41,-0.4715,85.85,-0.0234,37.35,2,0,0,2
83.23,0.5069,85.47,-0.0745,33.76,1,0,0,1
113.17,0.0534,94.09,0.0107,33.3,1,0,0,1
95.95,0.1825,84.65,0.1157,35.98,0,0,0,0
93.49,0.1762,97.37,-0.1348,48.3,0,0,0,0
93.35,-0.3371,94.64,-0.0157,36.0,2,0,0,2
87.96,-0.1385,93.82,-0.1171,32.73,0,0,0,0
92.44,-0.8899,98.81,-0.1296,32.73,3,0,0,3
101.54,0.062,76.29,0.0497,46.32,1,2,0,1
88.78,-0.6176,77.22,0.0398,47.58,3,2,0,3
97.16,0.4893,98.98,0.1761,33.56,1,0,0,1
97.93,-0.0911,96.35,0.0613,31.75,0,0,0,0
92.35,-0.6631,96.58,-0.1936,35.6,3,0,0,3
88.02,0.2786,93.34,-0.174,47.56,1,0,0,1
93.34,0.1256,99.84,-0.0314,20.27,0,0,2,2
97.48,0.7765,96.88,-0.1421,52.56,3,0,1,3
82.55,-0.116,90.54,-0.1371,48.41,2,0,0,2
96.34,0.0832,95.15,0.0876,26.71,0,0,2,2
90.23,-0.0691,86.8,-0.1035,79.57,0,0,3,3
87.9,-0.4099,90.85,0.0975,39.37,2,0,0,2
90.27,-0.0936,69.67,-0.0767,49.42,0,2,0,2
86.03,-0.0336,105.23,0.0909,37.47,0,1,0,1
60.81,0.1738,94.93,0.0834,34.41,3,0,0,3
96.41,-0.1265,94.22,-0.0289,36.72,0,0,0,0
110.63,0.0183,99.4,-0.0083,34.28,1,0,0,1
95.19,-0.722,81.11,0.0104,34.98,3,0,0,3
88.16,0.2379,79.4,0.0265,80.52,0,3,3,3
56.89,0.1545,80.03,-0.0802,41.41,3,0,0,3
89.63,0.7897,90.62,0.0296,38.38,3,0,0,3
137.25,0.2306,124.85,-0.0031,33.27,3,3,0,3
94.85,0.8251,89.47,0.0155,37.28,3,0,0,3
91.59,-0.0372,96.56,-0.031,46.01,0,0,0,0
87.93,0.072,67.88,-0.004,45.7,0,2,0,2
86.93,-0.109,87.52,-0.0873,81.44,0,0,3,3
73.38,-0.3724,68.04,0.0064,17.32,2,2,2,2
89.49,-0.1499,92.53,-0.1248,63.32,0,0,1,1
89.47,-0.328,89.79,0.0206,40.82,2,0,0,2
92.54,0.762,90.01,-0.0022,35.6,3,0,0,3
91.62,-0.2479,88.46,0.0542,54.8,2,0,1,1
80.2,0.106,89.07,-0.044,48.6,2,0,0,2
93.42,0.3542,85.67,-0.059,44.97,1,0,0,1
71.87,-0.0274,85.59,0.1847,32.64,2,0,0,2
99.4,0.4315,101.19,-0.0461,60.69,1,1,1,1
94.19,0.0112,91.59,0.2311,40.13,0,0,0,0
98.5,-0.0057,108.0,0.0182,39.71,0,1,0,1
103.88,0.5019,114.64,-0.0688,55.19,1,1,1,1
80.29,-0.2201,87.07,0.1407,41.23,2,0,0,2
72.82,-0.4207,60.58,0.0035,22.57,2,2,2,2
83.36,0.4404,90.17,-0.161,41.27,1,0,0,1
89.43,0.1233,98.43,-0.0388,36.87,0,0,0,0
92.6,0.0808,91.46,0.0425,45.59,0,0,0,0
89.64,0.1175,93.05,0.1059,42.64,0,0,0,0
94.96,-0.3,88.72,-0.1853,44.99,2,0,0,2
92.32,0.4314,84.33,-0.0556,39.2,1,0,0,1
142.0,-0.0755,132.73,0.1608,39.37,3,3,0,3
100.27,-0.7134,88.77,-0.1116,42.36,3,0,0,3
90.57,-0.0259,112.33,0.0594,38.8,0,1,0,1
98.43,0.3949,97.97,0.1562,36.58,1,0,0,1
46.2,0.6448,41.42,0.0035,68.91,3,3,3,3
89.16,-0.0435,90.45,-0.0073,39.62,0,0,0,0
133.94,0.0222,137.19,-0.129,37.79,3,3,0,3
75.63,-0.4104,77.26,0.0701,22.93,2,2,2,2
101.65,0.0134,84.47,-0.1146,41.28,1,0,0,1
111.59,0.0355,88.79,0.0908,40.08,1,0,0,1
86.07,0.023,91.28,-0.0442,44.93,0,0,0,0
88.02,-0.4465,82.37,0.0707,42.05,2,0,0,2
88.13,0.4609,83.77,-0.1263,34.03,1,0,0,1
95.36,-0.1129,99.18,0.0287,46.44,0,0,0,0
100.92,0.8162,90.23,-0.1503,36.17,3,0,0,3
99.5,-0.1293,67.07,0.0924,40.06,0,2,0,2
93.63,0.0393,97.93,-0.0614,32.56,0,0,0,0
88.77,0.0056,88.34,0.0087,42.82,0,0,0,0
98.19,0.0425,89.12,-0.0847,45.78,0,0,0,0
105.99,0.2108,83.09,0.0399,35.37,1,0,0,1
97.97,0.6207,88.44,0.0117,36.82,3,0,0,3
96.85,-0.0114,114.26,-0.0975,33.8,0,1,0,1
89.49,-0.117,108.04,0.0503,35.8,0,1,0,1
71.33,0.1245,92.79,-0.1566,43.0,2,0,0,2
88.86,0.9617,84.92,0.0106,36.28,3,0,0,3
94.87,0.0332,89.99,0.0199,38.87,0,0,0,0
44.15,0.8,52.95,-0.0744,80.28,3,3,3,3
91.06,-0.2248,84.7,-0.0916,64.87,0,0,1,1
61.19,-0.106,97.02,0.1146,27.43,3,0,2,3
97.89,0.6016,85.31,0.0929,47.94,3,0,0,3
93.6,-0.1775,75.71,-0.0595,40.1,0,2,0,2
92.72,0.0533,81.2,-0.0863,33.37,0,0,0,0
98.98,0.0583,86.23,0.1091,33.66,0,0,0,0
81.11,-0.4242,78.42,0.0638,20.08,2,2,2,2
47.52,-0.145,89.75,-0.0742,38.97,3,0,0,3
108.71,-0.1535,91.11,-0.0065,31.68,1,0,0,1
87.85,0.6191,88.62,-0.1506,34.39,3,0,0,3
90.22,0.0256,85.75,0.0015,86.82,0,0,3,3
92.07,0.1521,113.78,0.038,44.52,0,1,0,1
88.65,0.062,96.68,-0.0717,22.61,0,0,2,2
99.69,0.4321,96.32,0.0051,39.76,1,0,0,1
99.0,0.1843,95.35,0.0528,27.23,0,0,2,2
105.55,0.0143,90.36,0.0037,40.99,1,0,0,1
86.45,0.877,93.54,0.2051,37.43,3,0,0,3
91.36,0.0387,99.24,0.1047,38.6,0,0,0,0
89.99,-0.1616,82.2,0.1201,42.54,0,0,0,0
87.94,-0.0734,93.89,0.091,73.83,0,0,3,3
78.63,-0.4258,81.53,-0.0843,23.31,2,0,2,2
138.26,0.186,119.14,-0.1407,33.64,3,3,0,3
108.69,-0.2262,89.35,-0.0824,46.18,1,0,0,1
128.99,-0.0319,120.16,-0.0143,29.25,3,3,3,3
86.0,0.0208,81.9,-0.1513,38.68,0,0,0,0
92.48,-0.1711,91.22,0.0422,40.48,0,0,0,0
89.2,0.0207,83.49,0.1275,78.9,0,0,3,3
92.46,0.2199,87.53,-0.1026,44.71,0,0,0,0
110.94,-0.0511,98.13,0.0955,43.6,1,0,0,1
96.57,-0.3556,84.41,-0.1143,39.47,2,0,0,2
91.37,-0.1619,84.58,-0.1173,46.41,0,0,0,0
61.86,0.6604,61.26,-0.1711,77.97,3,2,3,3
99.01,-0.0092,97.06,-0.1649,45.23,0,0,0,0
59.3,0.6938,46.99,-0.0151,67.7,3,3,3,3
88.47,0.0291,82.24,-0.1568,36.55,0,0,0,0
88.15,-0.7806,91.43,0.1074,43.05,3,0,0,3
90.76,-0.3707,99.26,0.1147,42.52,2,0,0,2
84.9,-0.3905,98.71,-0.0681,40.78,2,0,0,2
90.82,-0.3312,99.59,-0.0328,34.04,2,0,0,2
86.16,-0.1141,86.36,0.1347,45.66,0,0,0,0
97.04,-0.8471,87.73,0.0159,41.38,3,0,0,3
77.74,0.1258,93.22,0.007,49.33,2,0,0,2
107.03,0.0789,84.52,0.1155,40.36,1,0,0,1
96.4,-0.1012,86.33,-0.0114,39.3,0,0,0,0
72.83,0.0109,99.52,0.0466,44.06,2,0,0,2
88.68,-0.0101,89.82,0.0017,16.98,0,0,2,2
85.69,-0.1296,95.33,0.0474,42.59,0,0,0,0
95.09,-0.109,84.82,0.0663,33.92,0,0,0,0
99.03,-0.4034,90.08,0.094,39.57,2,0,0,2
76.75,-0.0062,92.11,-0.1716,44.58,2,0,0,2
88.64,0.0056,60.88,-0.0029,34.69,0,2,0,2
94.48,-0.2186,111.52,0.0412,34.1,0,1,0,1
97.04,-0.405,86.33,0.0213,39.64,2,0,0,2
112.14,0.0706,92.95,-0.1212,43.04,1,0,0,1
95.13,0.1316,75.95,0.1153,41.29,0,2,0,2
95.37,-0.6675,97.81,-0.0383,52.42,3,0,1,3
85.34,-0.1267,91.44,0.15,45.76,0,0,0,0
90.5,0.0863,62.15,-0.1015,38.99,0,2,0,2
92.12,-0.1759,88.54,-0.1199,45.8,0,0,0,0
97.74,0.4271,84.8,-0.0761,46.68,1,0,0,1
88.78,0.3631,85.19,0.0823,37.82,1,0,0,1
79.85,0.1609,85.37,0.0119,41.49,2,0,0,2
131.19,0.0739,143.4,-0.0024,37.7,3,3,0,3
96.98,-0.1316,82.9,-0.0329,69.59,0,0,3,3
92.18,0.0036,82.47,-0.1559,36.81,0,0,0,0
62.84,0.8703,50.63,0.0418,77.83,3,3,3,3
87.19,-0.1398,63.27,0.0023,45.41,0,2,0,2
86.45,-0.027,84.24,0.1245,46.63,0,0,0,0
95.02,-0.038,109.83,-0.143,43.8,0,1,0,1
73.34,0.2316,91.08,-0.0842,43.97,2,0,0,2
89.08,-0.4789,87.15,-0.0135,42.32,2,0,0,2
143.54,0.0501,123.84,-0.1376,40.36,3,3,0,3
99.99,-0.0922,95.38,-0.0016,83.68,0,0,3,3
75.26,-0.3527,69.74,-0.1481,19.67,2,2,2,2
59.07,0.8286,46.96,-0.0642,85.44,3,3,3,3
88.32,0.1375,112.57,-0.1514,40.02,0,1,0,1
92.72,0.1015,88.43,0.0322,46.81,0,0,0,0
90.7,0.0618,84.65,0.1596,43.38,0,0,0,0
99.86,-0.1894,101.54,0.0409,82.17,0,1,3,3
128.5,-0.1571,124.74,-0.0968,45.81,3,3,0,3
87.28,0.28,107.17,0.0696,32.18,1,1,0,1
98.67,-0.1736,87.1,-0.1762,36.41,0,0,0,0
104.37,-0.029,97.63,0.0131,36.94,1,0,0,1
65.06,0.5386,47.09,0.1172,71.52,1,3,3,3
99.75,0.62,84.8,0.2003,38.54,3,0,0,3
105.48,0.5074,101.89,-0.1654,59.65,1,1,1,1
70.87,-0.134,88.98,-0.0802,42.15,2,0,0,2
83.78,0.0144,80.26,0.0374,40.01,2,0,0,2
112.33,0.421,106.8,-0.1428,57.01,1,1,1,1
91.5,-0.094,91.72,-0.0179,38.31,0,0,0,0
96.2,0.0327,102.1,-0.0694,64.88,0,1,1,1
82.11,-0.0912,84.14,-0.1458,31.9,2,0,0,2
63.52,0.5403,40.65,-0.1966,68.4,1,3,3,3
85.6,-0.4458,81.28,0.0923,42.85,2,0,0,2
70.68,0.8226,51.71,0.0545,69.06,3,3,3,3
108.62,0.1186,76.96,-0.028,36.08,1,2,0,1
62.28,0.7025,48.44,-0.1284,79.04,3,3,3,3
96.94,0.4228,98.28,0.1061,49.58,1,0,0,1
53.47,0.7956,39.26,0.168,79.3,3,3,3,3
142.28,0.1717,145.7,-0.1316,35.43,3,3,0,3
87.25,0.1046,93.77,0.1557,44.86,0,0,0,0
89.31,0.1058,91.9,0.0028,64.87,0,0,1,1
87.76,0.4219,89.47,0.1,32.25,1,0,0,1
105.28,0.4964,108.4,0.1922,64.08,1,1,1,1
97.86,0.0016,83.3,0.0417,45.16,0,0,0,0
90.04,0.3267,89.59,-0.0886,42.69,1,0,0,1
97.63,-0.1211,95.07,-0.0469,68.54,0,0,3,3
86.73,0.082,95.34,0.1503,35.47,0,0,0,0
58.15,0.858,56.14,0.0557,81.5,3,3,3,3
99.18,-0.1543,88.01,-0.1398,47.59,0,0,0,0
87.39,-0.3774,95.88,0.1948,40.63,2,0,0,2
46.77,0.1397,92.04,-0.0298,34.84,3,0,0,3
86.63,-0.1241,82.5,-0.0347,38.67,0,0,0,0
88.67,-0.0939,80.4,0.1406,62.61,0,0,1,1
98.58,-0.8414,93.66,-0.1729,36.56,3,0,0,3
66.43,0.7242,48.43,0.1522,77.74,3,3,3,3
86.87,0.3079,81.21,-0.0667,41.86,1,0,0,1
50.88,0.7991,54.59,-0.0705,86.99,3,3,3,3
84.49,0.3837,98.8,0.0693,34.19,1,0,0,1
102.79,0.1281,80.56,0.0162,44.6,1,0,0,1
78.15,-0.1015,91.33,-0.1563,26.83,2,0,2,2
98.84,-0.2886,109.57,-0.1158,37.14,2,1,0,1
94.16,-0.0076,91.45,0.0968,31.99,0,0,0,0
94.49,0.1549,85.32,0.1282,36.7,0,0,0,0
90.53,0.1868,96.89,-0.0197,58.7,0,0,1,1
87.36,0.0209,65.17,0.074,44.88,0,2,0,2
101.03,-0.2581,85.56,-0.0045,51.43,2,0,1,1
139.55,-0.1387,143.77,0.0249,37.21,3,3,0,3
91.48,-0.2438,96.25,-0.0981,28.75,2,0,2,2
88.97,0.1583,92.24,-0.1334,35.6,0,0,0,0
92.04,0.4373,99.74,-0.0037,32.5,1,0,0,1
105.45,0.4811,114.43,0.1875,60.07,1,1,1,1
92.12,-0.1362,87.16,-0.025,20.43,0,0,2,2
88.31,-0.6546,83.46,-0.0075,38.78,3,0,0,3
98.13,-0.0098,81.67,0.1089,43.69,0,0,0,0
92.61,0.1082,92.24,-0.0013,32.46,0,0,0,0
132.12,0.2343,118.09,0.1369,35.55,3,3,0,3
98.85,-0.0091,66.65,-0.0476,37.32,0,2,0,2
87.59,0.1698,69.36,-0.1167,32.11,0,2,0,2
91.94,-0.1776,83.57,0.0301,79.46,0,0,3,3
86.52,0.5137,99.35,-0.1487,44.7,1,0,0,1
88.76,-0.304,97.19,-0.0648,31.02,2,0,0,2
94.93,0.102,90.31,-0.0144,67.84,0,0,3,3
100.17,0.405,86.56,0.1271,43.19,1,0,0,1
106.94,0.0846,95.14,-0.1918,36.81,1,0,0,1
73.72,-0.2389,88.87,0.059,37.77,2,0,0,2
90.96,0.0445,88.9,0.0204,54.25,0,0,1,1
98.98,0.1201,85.97,-0.016,36.24,0,0,0,0
92.35,-0.629,95.4,-0.1315,34.99,3,0,0,3
92.76,-0.4327,88.4,0.1219,45.12,2,0,0,2
97.74,-0.0278,98.36,0.0732,57.4,0,0,1,1
75.74,-0.0609,96.96,-0.1478,31.06,2,0,0,2
93.0,-0.627,82.77,0.1781,36.02,3,0,0,3
90.94,0.0,86.39,-0.0893,36.36,0,0,0,0
90.26,-0.0249,95.48,0.051,48.75,0,0,0,0
129.2,0.1737,135.54,-0.0008,37.25,3,3,0,3
75.55,-0.5203,75.11,-0.0239,28.51,2,2,2,2
74.3,0.1283,96.42,-0.0748,48.28,2,0,0,2
90.56,0.0174,94.79,-0.096,35.58,0,0,0,0
90.95,-0.2029,87.12,0.0655,43.66,0,0,0,0
89.84,-0.0312,91.95,0.0088,45.67,0,0,0,0
96.43,-0.2238,103.32,-0.1111,31.45,0,1,0,1
117.78,-0.2152,121.55,0.0334,44.39,3,3,0,3
87.0,0.4356,87.61,0.0706,41.07,1,0,0,1
102.63,0.0777,95.11,0.1274,35.75,1,0,0,1
112.62,0.3628,104.84,0.0946,60.16,1,1,1,1
93.7,-0.4874,83.82,-0.0059,47.79,2,0,0,2
60.38,0.7442,32.99,0.0765,86.83,3,3,3,3
84.93,0.7526,96.66,-0.0772,41.46,3,0,0,3
88.5,0.0904,81.98,0.0654,37.9,0,0,0,0
87.95,-0.4295,84.53,0.0125,36.55,2,0,0,2
97.08,0.5132,85.89,-0.018,46.85,1,0,0,1
85.3,0.1234,92.26,0.0377,36.74,0,0,0,0
89.81,-0.1236,71.22,0.072,39.23,0,2,0,2
62.99,0.7894,53.83,0.1702,75.5,3,3,3,3
96.38,0.196,92.71,0.0647,30.57,0,0,0,0
95.25,0.0304,95.24,-0.1302,45.82,0,0,0,0
97.09,-0.2703,94.1,0.0283,36.94,2,0,0,2
61.5,-0.0612,93.56,0.1736,33.71,3,0,0,3
109.35,0.1204,97.79,0.0238,51.45,1,0,1,1
92.87,-0.0607,86.29,0.1048,38.0,0,0,0,0
94.68,-0.1609,81.58,0.038,32.2,0,0,0,0
86.28,0.0021,98.66,-0.1075,43.02,0,0,0,0
92.68,0.0437,84.07,0.0457,37.67,0,0,0,0
102.18,-0.1162,97.29,0.0114,48.38,1,0,0,1
93.93,0.5814,89.42,0.047,45.47,3,0,0,3
87.64,0.0319,90.96,-0.0958,33.28,0,0,0,0
96.13,-0.2709,114.74,-0.0171,38.05,2,1,0,1
94.03,0.0643,83.34,0.0194,47.24,0,0,0,0
110.92,-0.1173,88.91,0.1618,44.63,1,0,0,1
111.04,-0.0376,95.19,-0.1817,38.67,1,0,0,1
93.88,0.4911,92.56,-0.088,35.5,1,0,0,1
92.04,-0.3597,97.02,0.1165,21.26,2,0,2,2
79.6,0.1905,87.21,0.1669,32.12,2,0,0,2
97.55,-0.1649,72.98,-0.1186,49.75,0,2,0,2
94.96,0.1088,66.67,-0.0015,39.21,0,2,0,2
58.02,0.0481,95.66,0.1137,44.23,3,0,0,3
87.96,0.1744,104.97,0.0733,43.26,0,1,0,1
99.22,0.0495,96.52,-0.1318,45.52,0,0,0,0
88.37,-0.4526,90.56,-0.016,40.33,2,0,0,2
94.6,0.8407,85.36,-0.157,39.51,3,0,0,3
93.91,-0.3849,93.77,-0.1274,39.77,2,0,0,2
88.43,0.4633,96.78,-0.0379,46.78,1,0,0,1
139.82,-0.1184,121.83,0.0589,33.47,3,3,0,3
94.81,0.0493,89.22,0.0724,38.53,0,0,0,0
86.01,0.0264,110.92,0.1054,43.57,0,1,0,1
106.97,0.0509,82.93,-0.004,34.3,1,0,0,1
92.43,0.2037,64.05,-0.0176,31.22,0,2,0,2
64.99,0.8099,48.3,0.0189,65.33,3,3,3,3
77.5,-0.4531,63.84,-0.0618,27.47,2,2,2,2
89.65,0.1047,80.02,0.0529,46.57,0,0,0,0
90.93,-0.1493,98.07,0.0565,46.04,0,0,0,0
77.97,-0.0647,92.58,-0.1061,32.7,2,0,0,2
91.35,-0.0498,91.04,0.0343,40.07,0,0,0,0
73.13,-0.3247,75.04,-0.0857,17.5,2,2,2,2
58.68,0.8009,34.87,-0.0287,82.0,3,3,3,3
90.31,-0.0403,71.28,0.1872,31.86,0,2,0,2
94.48,0.3731,81.97,-0.0455,33.86,1,0,0,1
96.19,-0.1247,94.78,0.1719,15.63,0,0,2,2
77.54,-0.5159,64.12,-0.168,20.17,2,2,2,2
83.28,0.0177,97.62,0.1303,42.91,2,0,0,2
126.77,-0.2008,136.42,0.0037,44.31,3,3,0,3
77.94,0.1674,81.57,-0.0067,31.01,2,0,0,2
96.08,0.8467,84.12,-0.0752,35.89,3,0,0,3
90.49,-0.3725,104.96,0.0183,40.46,2,1,0,1
80.8,-0.0316,90.3,0.1435,44.81,2,0,0,2
110.08,0.2956,108.18,0.0923,51.73,1,1,1,1
80.96,0.0989,96.74,-0.0818,36.01,2,0,0,2
94.39,0.0222,95.41,-0.1703,60.16,0,0,1,1
95.03,0.018,96.74,0.0551,38.31,0,0,0,0
105.89,-0.0019,99.5,0.0535,34.67,1,0,0,1
92.48,0.1705,82.27,0.0284,61.27,0,0,1,1
105.31,0.2965,97.42,-0.1418,46.53,1,0,0,1
81.8,-0.3338,69.27,-0.1258,30.78,2,2,0,2
64.08,-0.1147,85.81,0.1211,37.98,3,0,0,3
85.33,0.1782,70.89,-0.0929,32.84,0,2,0,2
90.23,-0.0639,84.31,-0.1325,44.45,0,0,0,0
91.81,-0.2073,71.75,-0.159,37.79,0,2,0,2
140.43,0.0786,125.61,0.143,44.59,3,3,0,3
97.73,-0.1236,87.58,-0.0529,44.68,0,0,0,0
98.86,0.5287,107.95,0.0271,63.86,1,1,1,1
108.19,0.4989,105.5,0.0499,61.18,1,1,1,1
54.61,0.7272,52.17,-0.0215,68.32,3,3,3,3
90.5,-0.1003,83.58,0.1501,31.52,0,0,0,0
58.38,0.7806,48.49,-0.0119,72.58,3,3,3,3
47.87,0.183,93.56,0.0812,48.28,3,0,0,3
97.84,-0.3303,82.51,0.1028,74.66,2,0,3,3
85.49,0.146,66.14,-0.0139,40.08,0,2,0,2
94.96,-0.5081,81.57,0.0076,36.52,2,0,0,2
88.09,-0.1174,85.06,-0.1083,28.54,0,0,2,2
86.89,-0.0829,87.38,0.0311,36.73,0,0,0,0
86.95,-0.0404,94.1,-0.007,53.36,0,0,1,1
91.7,0.4974,91.88,0.1432,36.49,1,0,0,1
95.67,-0.1725,63.38,-0.0885,46.7,0,2,0,2
98.83,-0.6504,89.35,0.1695,42.46,3,0,0,3
108.23,0.4515,105.23,-0.1155,59.41,1,1,1,1
95.41,-0.4273,85.86,0.0292,47.63,2,0,0,2
105.79,-0.1451,104.77,0.0507,37.63,1,1,0,1
96.36,0.1531,83.57,0.0042,23.03,0,0,2,2
133.35,-0.0214,135.93,-0.0766,46.77,3,3,0,3
96.35,0.0567,90.86,0.0167,38.88,0,0,0,0
88.11,0.1003,94.49,-0.0323,37.95,0,0,0,0
95.55,-0.1849,99.22,0.1031,19.54,0,0,2,2
105.68,-0.2131,91.67,0.0694,75.32,1,0,3,3
98.13,-0.125,83.38,0.032,35.79,0,0,0,0
92.44,-0.3736,91.15,0.0165,43.64,2,0,0,2
76.5,0.1368,96.75,0.0114,33.75,2,0,0,2
47.45,0.8381,49.04,-0.1341,73.9,3,3,3,3
57.88,0.6983,48.5,-0.1591,71.69,3,3,3,3
62.38,0.7671,33.52,0.0078,81.97,3,3,3,3
93.58,-0.8042,89.75,0.09,31.01,3,0,0,3
99.2,0.0514,76.39,-0.1627,42.17,0,2,0,2
99.82,-0.377,82.41,0.0478,49.13,2,0,0,2
95.69,-0.0658,83.61,0.0636,33.74,0,0,0,0
85.51,0.1313,80.34,-0.0087,48.61,0,0,0,0
103.19,0.2717,111.36,-0.1504,53.24,1,1,1,1
97.05,0.0042,94.59,-0.0417,36.77,0,0,0,0
86.92,0.1069,93.42,0.0422,41.92,0,0,0,0
86.26,-0.6991,89.65,-0.0928,34.48,3,0,0,3
90.52,-0.7776,97.48,-0.1314,44.32,3,0,0,3
96.46,0.014,84.46,0.0225,42.93,0,0,0,0
99.17,-0.0397,97.31,0.0252,33.19,0,0,0,0
85.48,-0.1265,71.79,-0.0739,34.04,0,2,0,2
96.78,0.0353,85.35,-0.034,46.58,0,0,0,0
96.12,0.114,61.74,-0.1451,39.04,0,2,0,2
97.34,0.2607,89.75,-0.0816,71.97,1,0,3,3
99.13,0.1603,80.56,0.0364,36.3,0,0,0,0
94.98,-0.0631,95.96,-0.0158,36.87,0,0,0,0
86.92,0.0193,97.25,0.0606,34.57,0,0,0,0
75.86,-0.4068,82.91,-0.0478,15.89,2,0,2,2
88.19,-0.2325,71.55,0.0793,40.72,0,2,0,2
83.83,-0.8164,96.78,-0.0978,45.26,3,0,0,3
91.48,0.2838,94.51,-0.0443,32.22,1,0,0,1
90.77,-0.1522,95.08,-0.1773,24.03,0,0,2,2
107.72,0.5004,102.11,-0.0431,54.79,1,1,1,1
94.49,-0.0182,86.74,0.1432,33.05,0,0,0,0
87.22,0.0021,82.15,-0.0005,46.71,0,0,0,0
104.88,0.2516,110.3,0.1148,55.05,1,1,1,1
99.03,0.3885,102.23,0.173,57.33,1,1,1,1
96.98,-0.1346,88.28,0.0363,25.35,0,0,2,2
91.34,-0.1269,98.25,0.1023,86.83,0,0,3,3
90.99,-0.2702,110.67,-0.0073,49.41,2,1,0,1
72.19,-0.1104,91.7,0.0536,31.09,2,0,0,2
95.77,-0.049,83.44,-0.026,45.83,0,0,0,0
89.86,-0.0584,81.93,0.1297,25.99,0,0,2,2
84.42,0.3792,82.5,-0.1287,49.4,1,0,0,1
92.24,0.482,97.42,-0.0152,33.54,1,0,0,1
90.99,-0.8852,93.42,-0.0031,42.46,3,0,0,3
89.43,-0.5668,81.22,-0.055,34.85,3,0,0,3
87.39,0.0824,91.38,-0.0891,32.12,0,0,0,0
76.08,-0.144,77.7,0.016,47.14,2,2,0,2
47.36,0.764,56.74,0.1698,71.86,3,3,3,3
85.89,-0.0196,87.61,-0.0301,52.85,0,0,1,1
87.15,-0.1053,105.89,0.0388,46.77,0,1,0,1
76.6,-0.039,91.93,0.1447,43.69,2,0,0,2
98.15,-0.1269,66.04,0.1115,32.6,0,2,0,2
89.56,0.8241,96.76,0.1768,51.28,3,0,1,3
54.26,0.0851,89.7,0.0917,47.68,3,0,0,3
46.09,-0.1163,88.46,0.0232,37.58,3,0,0,3
97.92,0.1249,87.99,-0.098,45.56,0,0,0,0
110.55,0.2851,107.77,0.0645,60.07,1,1,1,1
58.66,-0.1868,85.33,-0.0705,35.84,3,0,0,3
84.73,-0.476,89.93,-0.0282,31.41,2,0,0,2
89.55,-0.2096,113.28,-0.0199,41.67,0,1,0,1
94.35,-0.4643,94.54,0.0906,48.16,2,0,0,2
96.17,-0.7785,93.96,0.1475,32.45,3,0,0,3
89.54,-0.6472,87.59,-0.0422,46.92,3,0,0,3
95.77,-0.4863,86.73,-0.0319,32.81,2,0,0,2
98.93,0.739,98.19,0.0416,37.35,3,0,0,3
87.46,-0.1506,92.78,0.0115,44.59,0,0,0,0
87.32,0.0664,87.55,0.1504,38.96,0,0,0,0
106.9,0.3252,104.64,0.0694,60.18,1,1,1,1
44.83,-0.0922,86.47,0.0351,47.12,3,0,0,3
86.41,-0.4906,87.97,0.01,28.1,2,0,2,2
66.85,-0.1237,87.93,-0.1225,33.79,3,0,0,3
99.98,0.6966,83.89,-0.0702,49.27,3,0,0,3
89.66,-0.1461,91.07,0.1964,34.7,0,0,0,0
76.67,-0.4415,73.22,0.0832,19.66,2,2,2,2
68.1,0.5981,40.02,-0.0295,80.69,3,3,3,3
72.46,0.1951,90.03,0.1229,41.44,2,0,0,2
68.12,0.0586,101.62,0.2598,52.21,3,1,1,3
113.78,0.3434,101.87,-0.1729,52.88,1,1,1,1
76.83,-0.0478,86.2,0.1856,33.26,2,0,0,2
83.75,-0.4865,77.01,0.0479,19.75,2,2,2,2
54.78,0.6404,48.66,-0.04,75.39,3,3,3,3
86.35,-0.1707,86.69,-0.0564,31.17,0,0,0,0
93.88,-0.0285,94.3,-0.1932,31.83,0,0,0,0
89.67,0.1583,62.77,0.1098,46.15,0,2,0,2
63.82,0.6469,39.5,0.1071,85.88,3,3,3,3
86.24,-0.2029,111.91,-0.0886,51.72,0,1,1,1
95.89,0.0144,80.09,-0.0802,46.76,0,0,0,0
62.23,-0.0973,93.98,-0.0326,38.14,3,0,0,3
98.25,0.1382,109.97,0.0918,47.07,0,1,0,1
103.39,-0.0343,89.98,-0.0683,49.73,1,0,0,1
88.17,-0.0095,65.23,-0.152,35.15,0,2,0,2
122.07,0.3004,119.43,0.0191,39.34,1,3,0,3
73.46,-0.0876,97.08,0.0217,30.8,2,0,0,2
45.46,-0.1309,85.81,-0.0895,46.39,3,0,0,3
94.12,0.3417,87.67,-0.1386,42.24,1,0,0,1
86.7,-0.5046,66.75,0.0213,27.21,2,2,2,2
61.79,0.771,54.29,-0.133,81.6,3,3,3,3
84.11,0.3638,97.54,0.0704,39.24,1,0,0,1
69.78,-0.4739,67.99,-0.0588,24.6,2,2,2,2
88.85,0.1802,81.86,0.1451,30.38,0,0,0,0
80.34,-0.5314,70.3,0.1788,31.92,2,2,0,2
90.09,-0.439,94.49,0.0375,37.19,2,0,0,2
121.85,0.2258,116.85,0.0976,48.17,3,3,0,3
91.22,0.131,88.5,0.0463,48.41,0,0,0,0
93.56,0.1714,108.74,-0.1136,36.2,0,1,0,1
95.97,-0.1263,91.16,-0.0078,34.7,0,0,0,0
94.48,0.2917,93.32,0.1845,49.99,1,0,0,1
76.05,-0.073,86.45,-0.0028,37.59,2,0,0,2
89.91,0.0538,87.12,0.0508,44.88,0,0,0,0
95.66,0.3186,96.94,0.1377,38.49,1,0,0,1
96.37,0.3581,88.68,-0.1233,37.58,1,0,0,1
95.64,0.5605,96.34,0.0334,41.06,3,0,0,3
42.38,0.8674,57.12,0.0266,67.26,3,3,3,3
89.63,-0.0015,99.0,-0.023,43.58,0,0,0,0
79.07,-0.2559,60.61,-0.116,24.63,2,2,2,2
61.67,0.059,86.09,0.0402,35.75,3,0,0,3
50.75,0.933,41.05,-0.1879,85.88,3,3,3,3
85.49,-0.1625,83.25,-0.0458,30.43,0,0,0,0
52.33,0.0698,93.97,-0.1058,34.47,3,0,0,3
88.46,0.0224,72.68,-0.0049,37.76,0,2,0,2
97.51,0.0551,97.18,0.0639,18.11,0,0,2,2
139.66,-0.0167,117.71,-0.0314,34.27,3,3,0,3
96.5,0.0881,89.63,0.0815,81.13,0,0,3,3
90.19,0.2918,82.79,0.0937,33.51,1,0,0,1
139.98,-0.1973,136.82,0.1191,46.5,3,3,0,3
102.23,0.1256,77.14,0.0094,40.56,1,2,0,1
103.73,0.3446,109.43,-0.0822,53.26,1,1,1,1
97.8,0.0412,93.89,-0.1297,47.31,0,0,0,0
99.02,0.2133,61.09,-0.0188,31.51,0,2,0,2
109.27,-0.0073,85.29,0.1404,34.58,1,0,0,1
91.15,-0.252,111.79,0.1166,39.97,2,1,0,1
91.89,-0.0591,76.12,-0.0158,38.95,0,2,0,2
134.7,0.1394,125.09,-0.0197,48.36,3,3,0,3
98.76,-0.3244,89.48,0.0976,43.32,2,0,0,2
88.11,0.4086,89.37,-0.1296,42.47,1,0,0,1
86.29,-0.087,75.5,0.1081,80.54,0,2,3,3
96.46,-0.1339,83.94,0.121,42.91,0,0,0,0
101.31,-0.4806,95.79,-0.1222,42.59,2,0,0,2
92.53,-0.2688,88.16,0.0735,79.01,2,0,3,3
87.69,0.0041,80.2,-0.1077,48.2,0,0,0,0
131.01,0.2145,137.66,-0.1673,42.53,3,3,0,3
92.33,0.1083,87.59,0.0468,35.01,0,0,0,0
96.1,-0.1498,89.65,-0.0407,73.02,0,0,3,3
99.94,-0.0978,96.17,0.1011,46.84,0,0,0,0
113.24,0.4994,110.7,0.0891,60.72,1,1,1,1
94.83,0.1638,66.51,-0.0042,32.75,0,2,0,2
76.52,0.2046,93.35,-0.043,44.07,2,0,0,2
106.18,0.544,112.06,-0.1952,51.23,1,1,1,1
92.36,-0.0091,91.39,0.0127,43.37,0,0,0,0
94.18,-0.4825,93.08,-0.017,38.62,2,0,0,2
90.49,-0.0693,93.92,0.0177,46.23,0,0,0,0
97.35,-0.0526,101.72,0.1863,58.65,0,1,1,1
89.55,-0.0333,97.98,0.0582,37.54,0,0,0,0
90.18,-0.3787,90.87,-0.106,39.23,2,0,0,2
85.83,0.1327,91.28,-0.0411,60.66,0,0,1,1
92.81,-0.1571,83.45,-0.0955,37.65,0,0,0,0
98.09,-0.0441,89.55,-0.0422,33.97,0,0,0,0
77.39,-0.2443,80.32,0.1274,23.26,2,0,2,2
58.64,0.6803,41.64,0.0444,74.43,3,3,3,3
101.05,-0.9509,84.51,0.0059,30.73,3,0,0,3
67.37,0.8237,44.12,-0.1037,82.65,3,3,3,3
90.64,-0.4174,92.28,-0.0928,40.71,2,0,0,2
94.78,-0.0606,84.66,0.1122,43.23,0,0,0,0
94.06,-0.5068,83.69,0.1441,47.78,2,0,0,2
80.32,-0.3368,61.71,-0.005,22.49,2,2,2,2
97.22,-0.1515,77.73,-0.1252,21.29,0,2,2,2
103.23,0.5173,113.04,-0.2138,64.4,1,1,1,1
53.2,0.7622,53.99,0.1503,76.63,3,3,3,3
104.21,0.2459,89.97,0.0286,39.71,1,0,0,1
96.92,-0.2995,83.73,-0.1454,39.77,2,0,0,2
89.77,0.0399,78.02,-0.0846,45.07,0,2,0,2
83.96,-0.0785,63.85,-0.0078,53.96,2,2,1,2
88.7,0.6272,89.58,0.1494,41.99,3,0,0,3
111.58,-0.0673,96.09,-0.1543,28.61,1,0,2,1
93.32,-0.0871,87.59,0.0547,41.08,0,0,0,0
146.72,0.2103,126.26,0.1788,30.14,3,3,0,3
96.62,0.7293,81.88,-0.0965,40.18,3,0,0,3
95.9,-0.2277,87.27,0.0496,78.73,0,0,3,3
85.79,-0.1175,94.01,-0.0391,34.64,0,0,0,0
90.44,0.0437,81.27,0.0137,76.2,0,0,3,3
95.85,-0.1885,81.42,0.0815,36.94,0,0,0,0
96.55,0.5001,93.71,-0.0451,42.67,1,0,0,1
106.55,-0.3506,83.99,-0.1582,37.58,2,0,0,2
86.9,0.0826,93.98,-0.1296,33.78,0,0,0,0
97.64,0.0044,104.68,-0.0384,48.3,0,1,0,1
78.75,-0.0777,91.05,0.0757,31.23,2,0,0,2
79.8,-0.1207,97.82,0.1789,22.97,2,0,2,2
78.17,-0.1638,98.94,-0.0701,69.82,2,0,3,3
93.33,-0.7303,85.56,0.1495,31.73,3,0,0,3
95.47,0.0037,84.01,-0.0342,25.85,0,0,2,2
88.28,-0.0005,91.81,0.1121,55.13,0,0,1,1
90.72,-0.2833,91.37,-0.086,37.1,2,0,0,2
96.75,0.7316,79.64,0.1538,30.61,3,3,0,3
51.78,0.0501,87.47,-0.0028,33.33,3,0,0,3
95.58,0.0929,83.7,0.095,39.65,0,0,0,0
96.29,-0.1333,89.92,-0.091,36.31,0,0,0,0
95.85,-0.0273,99.23,-0.1513,36.72,0,0,0,0
87.55,0.0632,80.58,0.0604,20.91,0,0,2,2
89.57,-0.0872,97.17,0.0146,45.58,0,0,0,0
85.03,0.5301,95.05,-0.0772,46.59,1,0,0,1
94.17,-0.2343,77.22,0.053,20.77,0,2,2,2
95.94,0.0991,98.84,0.1744,70.88,0,0,3,3
79.42,-0.0854,86.14,0.2,31.87,2,0,0,2
89.97,0.0942,84.57,0.0358,44.75,0,0,0,0
92.26,-0.0483,86.91,0.1201,28.45,0,0,2,2
72.58,0.0384,85.63,0.0147,40.57,2,0,0,2
49.01,-0.1224,99.49,-0.114,46.27,3,0,0,3
97.06,-0.2096,96.43,0.0594,68.86,0,0,3,3
96.9,-0.8389,83.67,-0.1223,32.91,3,0,0,3
91.06,-0.2606,88.86,0.1777,37.62,2,0,0,2
96.07,-0.4138,88.35,-0.0101,38.85,2,0,0,2
85.27,-0.4525,84.89,0.0306,34.86,2,0,0,2
102.25,-0.2555,66.51,0.0016,46.99,2,2,0,2
90.34,0.0305,96.62,0.1724,54.63,0,0,1,1
49.0,0.8249,55.92,0.1678,74.56,3,3,3,3
99.15,-0.1466,88.31,-0.1446,37.42,0,0,0,0
66.11,-0.0181,83.94,-0.0182,32.19,3,0,0,3
85.02,-0.4436,67.46,0.0119,25.22,2,2,2,2
89.96,-0.071,92.12,-0.0761,33.13,0,0,0,0
96.85,-0.4178,80.73,0.0857,38.66,2,0,0,2
88.58,-0.0901,92.15,-0.1319,39.03,0,0,0,0
93.08,0.1171,94.08,0.0278,38.5,0,0,0,0
111.36,0.0247,91.37,0.0248,45.06,1,0,0,1
110.56,-0.2324,84.36,-0.0774,37.52,1,0,0,1
88.69,0.8201,101.99,-0.0826,47.59,3,1,0,3
113.04,0.433,102.54,-0.1491,58.08,1,1,1,1
87.91,0.1763,87.66,-0.1195,56.81,0,0,1,1
86.73,0.2484,88.05,0.1759,44.21,1,0,0,1
92.74,-0.1448,97.9,0.1058,71.83,0,0,3,3
88.59,-0.2899,85.84,-0.0189,68.42,2,0,3,3
49.61,0.7947,42.39,0.0062,78.1,3,3,3,3
98.17,-0.1351,77.0,0.1242,49.67,0,2,0,2
102.5,-0.3578,78.81,-0.0502,48.45,2,2,0,2
82.7,0.0824,87.7,0.0391,46.09,2,0,0,2
94.01,-0.5678,97.3,0.0231,35.74,3,0,0,3
93.7,-0.5632,89.55,0.1472,47.9,3,0,0,3
65.35,0.0493,85.14,0.0668,30.96,3,0,0,3
90.57,0.1673,60.6,-0.0259,33.1,0,2,0,2
81.81,0.2365,96.72,0.1693,28.54,2,0,2,2
94.08,0.3441,91.56,0.0507,38.54,1,0,0,1
90.8,-0.5773,92.13,0.1292,33.62,3,0,0,3
80.21,-0.3878,80.37,0.1068,26.29,2,0,2,2
109.57,0.0637,98.85,0.0022,40.2,1,0,0,1
86.61,-0.0853,85.86,0.1135,40.44,0,0,0,0
61.97,0.753,43.7,0.0961,79.15,3,3,3,3
92.14,0.0709,84.64,-0.2037,34.77,0,0,0,0
86.74,-0.2041,88.61,0.1317,41.87,0,0,0,0
97.18,0.1087,87.14,-0.0544,47.43,0,0,0,0
101.92,0.1421,83.89,-0.0545,56.62,1,0,1,1
107.36,0.2762,96.38,0.0454,39.25,1,0,0,1
95.37,-0.1239,74.5,-0.0208,36.44,0,2,0,2
92.13,0.1491,96.29,0.2333,31.17,0,0,0,0
51.85,0.6043,37.99,0.176,88.83,3,3,3,3
88.54,-0.1375,84.03,0.1856,34.64,0,0,0,0
96.4,-0.0168,85.95,-0.1421,68.26,0,0,3,3
98.53,0.0636,112.19,-0.0088,34.64,0,1,0,1
91.96,-0.0389,87.94,-0.1283,33.25,0,0,0,0
94.16,0.1063,91.41,-0.1399,83.98,0,0,3,3
94.53,-0.2692,82.98,-0.0405,36.38,2,0,0,2
92.08,0.4528,99.28,-0.0128,34.7,1,0,0,1
74.06,0.0711,78.83,0.1697,43.49,2,2,0,2
93.37,-0.0188,63.99,-0.02,35.14,0,2,0,2
84.77,0.3871,83.29,-0.0855,46.81,1,0,0,1
92.94,-0.0818,69.02,-0.1004,35.26,0,2,0,2
83.84,-0.8434,88.33,0.1033,46.07,3,0,0,3
99.03,0.0438,82.86,-0.1116,19.29,0,0,2,2
76.78,0.1676,92.71,-0.0415,35.09,2,0,0,2
84.28,-0.2822,80.26,0.1014,46.37,2,0,0,2
88.55,0.1263,88.64,0.0717,31.2,0,0,0,0
91.15,-0.486,93.09,0.0085,44.05,2,0,0,2
94.54,-0.1038,86.81,-0.1485,41.28,0,0,0,0
90.08,-0.2724,98.15,-0.0298,46.07,2,0,0,2
104.99,0.4002,107.49,-0.1398,55.29,1,1,1,1
107.6,0.3743,113.16,-0.0435,61.22,1,1,1,1
91.52,-0.111,104.2,0.0392,35.46,0,1,0,1
79.35,0.0651,98.38,0.101,47.81,2,0,0,2
88.96,0.1814,104.15,-0.1252,46.23,0,1,0,1
138.0,-0.1234,130.51,0.0814,47.06,3,3,0,3
86.28,0.0052,108.24,0.0083,35.01,0,1,0,1
94.72,-0.1491,86.51,0.1563,19.44,0,0,2,2
91.5,-0.7678,94.48,-0.0269,48.33,3,0,0,3
99.76,-0.4663,95.22,0.0066,35.52,2,0,0,2
95.72,0.1102,89.48,-0.0778,48.84,0,0,0,0
69.3,0.7981,62.83,0.1215,71.06,3,2,3,3
94.25,0.0816,90.06,-0.1046,44.92,0,0,0,0
85.67,0.9137,83.98,-0.0057,40.37,3,0,0,3
86.73,-0.2083,93.21,0.1243,44.67,0,0,0,0
93.62,-0.3246,96.32,0.1677,48.25,2,0,0,2
93.96,0.8235,87.44,0.0886,33.21,3,0,0,3
98.02,-0.2943,87.78,0.1,45.92,2,0,0,2
89.21,-0.2144,93.87,-0.0817,49.31,0,0,0,0
93.17,-0.2109,84.26,-0.1825,30.67,0,0,0,0
90.39,-0.0915,93.69,-0.1012,47.15,0,0,0,0
108.42,-0.173,86.92,-0.0558,36.66,1,0,0,1
86.23,0.1028,114.05,-0.1107,44.12,0,1,0,1
91.66,-0.0577,108.42,0.1239,44.0,0,1,0,1
48.53,-0.2034,88.13,-0.1821,26.74,3,0,2,3
91.76,0.0709,90.66,0.0555,30.99,0,0,0,0
91.6,0.5134,95.18,-0.1117,41.97,1,0,0,1
97.61,-0.3678,98.58,-0.0443,40.9,2,0,0,2
82.98,-0.1897,89.96,-0.2193,21.73,2,0,2,2
88.45,-0.0571,62.25,0.0709,39.01,0,2,0,2
89.3,-0.1478,96.19,0.1252,31.37,0,0,0,0
92.06,0.2205,96.16,-0.057,42.7,0,0,0,0
86.04,0.2138,103.1,-0.0677,38.12,0,1,0,1
107.86,0.1063,83.07,-0.1002,46.62,1,0,0,1
98.07,0.0781,97.22,-0.111,51.45,0,0,1,1
86.58,-0.2793,92.52,-0.0716,19.66,2,0,2,2
88.66,0.1557,92.66,0.0733,33.21,0,0,0,0
86.94,-0.1042,99.65,0.0254,23.45,0,0,2,2
102.62,-0.2251,97.52,0.1366,44.22,1,0,0,1
99.55,0.0623,80.14,0.1237,42.33,0,0,0,0
89.28,0.4869,102.13,-0.1478,42.87,1,1,0,1
91.2,0.0283,65.05,-0.0366,47.55,0,2,0,2
82.54,0.0477,87.81,-0.1918,46.9,2,0,0,2
92.35,0.0868,75.52,-0.1349,36.09,0,2,0,2
95.72,-0.1063,88.59,-0.0956,31.97,0,0,0,0
88.72,-0.0498,85.67,0.0345,44.32,0,0,0,0
110.55,0.4323,112.41,0.1803,64.51,1,1,1,1
84.06,-0.2609,67.12,-0.1121,18.3,2,2,2,2
97.29,0.0165,83.61,-0.0745,41.99,0,0,0,0
60.01,0.8674,39.56,0.0104,71.81,3,3,3,3
76.14,-0.1486,85.16,0.009,44.91,2,0,0,2
94.1,0.0745,91.73,0.0153,82.58,0,0,3,3
87.37,0.2054,89.36,0.0363,77.92,0,0,3,3
103.13,0.2169,84.64,0.0499,32.85,1,0,0,1
93.32,-0.0219,109.76,0.0455,33.45,0,1,0,1
94.98,-0.0628,94.31,-0.0422,67.11,0,0,3,3
88.62,-0.1622,88.64,0.0016,36.41,0,0,0,0
86.26,-0.0361,81.52,-0.0772,34.99,0,0,0,0
68.89,-0.4825,61.32,0.0125,24.4,2,2,2,2
87.26,0.064,97.19,0.1428,73.99,0,0,3,3
91.59,0.165,89.32,-0.1939,47.08,0,0,0,0
91.74,0.0967,84.4,-0.1061,47.04,0,0,0,0
98.02,-0.0888,93.91,-0.0329,68.19,0,0,3,3
81.97,-0.4088,77.19,0.0088,36.91,2,2,0,2
91.82,0.4157,90.2,-0.0145,32.29,1,0,0,1
88.55,0.0285,113.08,-0.1137,33.87,0,1,0,1
97.45,-0.4077,99.52,-0.0235,38.37,2,0,0,2
64.1,-0.2219,96.86,0.0151,41.28,3,0,0,3
98.88,-0.2097,89.83,-0.1644,44.98,0,0,0,0
141.51,0.1554,125.69,-0.1811,43.74,3,3,0,3
77.63,-0.1128,92.06,-0.0729,30.3,2,0,0,2
83.22,0.0048,72.69,0.0791,49.19,2,2,0,2
86.02,0.0995,98.66,0.1857,68.88,0,0,3,3
90.57,0.0632,64.33,-0.0238,42.75,0,2,0,2
84.56,0.8198,92.55,-0.1147,48.3,3,0,0,3
92.09,-0.0657,81.81,0.0042,34.69,0,0,0,0
100.1,0.5833,96.79,-0.0989,47.45,3,0,0,3
93.26,-0.4675,97.52,0.0917,44.5,2,0,0,2
79.47,-0.297,78.96,0.0096,25.09,2,2,2,2
94.54,-0.2044,109.36,0.0075,30.08,0,1,0,1
92.15,-0.1795,85.31,0.0424,40.13,0,0,0,0
98.8,-0.1339,89.64,0.0695,80.94,0,0,3,3
90.87,0.6025,92.3,-0.0704,44.31,3,0,0,3
90.42,0.8024,89.71,-0.0028,39.21,3,0,0,3
90.32,0.102,85.92,0.1144,30.84,0,0,0,0
54.02,-0.2072,84.35,0.014,32.25,3,0,0,3
59.55,0.0126,82.22,0.0919,37.2,3,0,0,3
54.73,-0.0848,94.68,0.0593,42.77,3,0,0,3
97.15,-0.1241,68.68,0.0284,47.62,0,2,0,2
80.84,-0.1973,87.28,-0.032,36.3,2,0,0,2
107.74,-0.0222,85.87,-0.1593,41.41,1,0,0,1
86.61,0.1783,70.16,-0.1366,31.83,0,2,0,2
95.5,0.1573,95.28,0.1412,31.84,0,0,0,0
93.87,-0.4774,85.17,-0.1495,47.33,2,0,0,2
82.34,0.4161,95.62,-0.038,40.6,1,0,0,1
94.28,0.4711,95.85,0.0573,34.62,1,0,0,1
85.64,0.067,92.97,-0.0127,41.28,0,0,0,0
93.56,0.1526,84.88,-0.0437,46.43,0,0,0,0
98.71,0.0183,85.5,-0.094,35.72,0,0,0,0
83.23,-0.7752,86.03,0.0803,38.33,3,0,0,3
88.56,-0.1842,96.69,0.1853,44.88,0,0,0,0
98.91,0.3147,98.05,-0.007,37.48,1,0,0,1
95.52,0.0664,88.55,0.0473,75.4,0,0,3,3
99.84,0.9355,92.07,0.0717,49.36,3,0,0,3
65.21,0.7774,54.0,-0.0321,80.87,3,3,3,3
97.91,0.0936,78.66,-0.1206,44.8,0,2,0,2
96.41,0.0782,83.08,0.1745,36.7,0,0,0,0
78.71,0.1934,94.48,-0.0295,45.33,2,0,0,2
87.89,-0.3246,80.99,0.0846,46.2,2,0,0,2
67.95,0.1058,83.54,0.1857,28.35,3,0,2,3
85.65,0.1948,85.2,0.1748,46.57,0,0,0,0
98.05,-0.0628,102.46,0.0954,60.8,0,1,1,1
109.02,0.3954,112.63,-0.1265,58.94,1,1,1,1
90.63,0.1914,91.04,-0.0766,40.65,0,0,0,0
91.37,-0.081,83.71,0.1045,37.74,0,0,0,0
91.13,-0.0179,88.43,-0.0229,39.36,0,0,0,0
94.3,-0.1071,97.29,0.0648,40.5,0,0,0,0
87.66,-0.3962,89.59,-0.1253,36.68,2,0,0,2
97.22,0.2648,99.83,0.0759,57.0,1,0,1,1
86.97,0.0042,85.57,-0.0935,36.06,0,0,0,0
71.81,0.0012,79.8,-0.0904,40.51,2,3,0,3
97.04,-0.1488,87.22,0.1218,45.84,0,0,0,0
92.64,-0.0742,91.94,-0.1311,40.26,0,0,0,0
86.45,-0.1012,94.95,-0.1435,48.52,0,0,0,0
89.0,-0.0237,99.98,0.0022,41.69,0,0,0,0
95.72,0.0994,111.48,0.0396,36.68,0,1,0,1
94.77,-0.1437,82.6,-0.0411,85.55,0,0,3,3
94.02,0.5084,86.58,-0.0621,32.58,1,0,0,1
94.83,-0.1175,92.36,0.1338,78.83,0,0,3,3
90.29,-0.0504,82.13,-0.1227,39.51,0,0,0,0
94.01,-0.1695,87.36,0.0363,44.56,0,0,0,0
71.4,-0.1152,85.81,0.065,39.46,2,0,0,2
85.97,-0.0505,93.91,-0.0439,64.38,0,0,1,1
92.2,-0.0493,96.95,0.0215,37.37,0,0,0,0
43.83,0.0338,83.46,0.0037,44.18,3,0,0,3
87.5,0.4258,91.76,-0.2514,43.12,1,0,0,1
88.48,0.4397,98.36,0.1673,43.23,1,0,0,1
94.9,-0.1017,92.0,0.072,27.45,0,0,2,2
95.77,0.4434,93.43,0.0667,46.06,1,0,0,1
107.05,-0.1068,95.91,-0.0041,31.12,1,0,0,1
94.28,0.1827,79.66,-0.0454,71.54,0,3,3,3
80.67,-0.0186,83.41,-0.113,33.66,2,0,0,2
80.45,-0.2055,85.39,-0.0911,44.63,2,0,0,2
92.12,0.011,87.92,-0.0836,42.33,0,0,0,0
95.0,-0.0216,96.58,0.1564,34.73,0,0,0,0
95.65,-0.332,87.31,0.194,57.85,2,0,1,1
88.85,-0.127,92.92,0.0242,41.84,0,0,0,0
142.13,-0.0628,126.84,0.022,48.31,3,3,0,3
140.77,0.0642,120.43,-0.1766,40.68,3,3,0,3
87.46,0.338,101.3,0.1767,46.94,1,1,0,1
95.41,0.4013,86.03,0.0503,44.96,1,0,0,1
92.16,-0.0396,88.15,-0.0989,41.32,0,0,0,0
98.03,-0.1337,86.19,0.0349,40.08,0,0,0,0
92.33,-0.4061,91.2,0.0382,47.0,2,0,0,2
86.38,-0.1731,74.28,-0.1839,45.08,0,2,0,2
94.86,-0.2782,87.08,0.0554,48.16,2,0,0,2
47.06,0.195,89.73,0.0832,48.17,3,0,0,3
94.61,-0.4449,95.07,0.0924,40.32,2,0,0,2
86.89,0.4122,87.32,-0.1143,46.38,1,0,0,1
86.97,-0.0608,94.8,0.1107,66.4,0,0,3,3
93.21,0.2541,96.18,-0.1153,31.38,1,0,0,1
94.56,0.0095,82.7,0.1091,42.97,0,0,0,0
107.52,-0.1116,95.89,-0.1633,42.0,1,0,0,1
102.66,-0.3708,86.15,0.0699,37.76,2,0,0,2
62.37,0.7628,33.0,0.1366,68.02,3,3,3,3
74.46,-0.3938,60.77,-0.1404,16.18,2,2,2,2
95.83,-0.3386,92.68,0.0338,39.85,2,0,0,2
95.87,-0.1137,93.43,-0.0256,37.31,0,0,0,0
76.78,-0.4492,74.39,-0.1291,26.91,2,2,2,2
138.58,-0.0401,126.96,0.118,32.59,3,3,0,3
90.88,-0.0989,86.95,0.1426,41.5,0,0,0,0
85.5,-0.2605,90.37,0.0347,80.64,2,0,3,3
89.41,0.1362,107.12,0.1115,43.33,0,1,0,1
95.21,0.3523,88.26,0.1128,40.09,1,0,0,1
86.72,-0.0788,76.18,0.1033,39.68,0,2,0,2
90.52,0.0611,86.65,-0.0816,24.03,0,0,2,2
101.88,0.1413,94.99,0.1877,42.79,1,0,0,1
89.88,-0.2038,87.44,0.1505,42.03,0,0,0,0
84.04,-0.5024,82.73,0.0492,39.7,2,0,0,2
141.59,0.2665,145.41,-0.0041,37.24,1,3,0,3
97.28,-0.1736,90.88,-0.006,33.03,0,0,0,0
123.65,0.1987,123.33,0.1652,37.29,3,3,0,3
99.77,0.2664,77.84,0.0722,49.98,1,2,0,1
99.69,-0.1103,77.55,-0.1249,34.77,0,2,0,2
92.11,0.6674,91.24,-0.1762,51.78,3,0,1,3
53.23,0.0941,91.1,0.0636,45.25,3,0,0,3
98.14,-0.4762,96.44,-0.0121,32.04,2,0,0,2
94.28,0.0559,92.38,0.0022,30.82,0,0,0,0
98.15,0.0105,63.62,0.0582,45.29,0,2,0,2
94.82,0.1346,80.29,-0.1756,46.58,0,0,0,0
83.85,0.0097,90.7,-0.0097,49.02,2,0,0,2
95.41,0.0282,95.41,-0.0887,35.74,0,0,0,0
92.93,-0.3045,63.62,0.0529,31.65,2,2,0,2
88.11,0.203,106.81,0.0558,41.45,0,1,0,1
97.53,0.2484,88.36,0.0744,47.44,1,0,0,1
90.69,-0.0543,84.3,-0.2667,33.68,0,0,0,0
98.76,0.5905,78.88,-0.0546,39.09,3,2,0,3
89.25,0.1299,82.96,0.0252,76.54,0,0,3,3
86.22,-0.2311,74.16,-0.1617,18.75,0,2,2,2
85.7,0.0479,93.4,-0.1013,38.5,0,0,0,0
98.71,0.3776,83.14,0.0653,41.28,1,0,0,1
86.65,-0.0987,92.49,-0.0766,36.09,0,0,0,0
85.35,-0.2619,93.32,-0.0801,24.55,2,0,2,2
61.05,0.0646,95.93,-0.0544,32.99,3,0,0,3
87.82,0.1934,91.52,-0.004,72.46,0,0,3,3
94.15,0.0661,85.38,-0.0328,36.62,0,0,0,0
86.23,0.025,112.75,-0.1254,28.09,0,1,2,1
90.12,0.8982,98.72,0.0213,43.84,3,0,0,3
98.44,-0.0438,102.57,-0.0028,36.14,0,1,0,1
93.89,-0.1152,89.8,0.0881,32.95,0,0,0,0
86.58,0.2165,66.86,0.13,39.08,0,2,0,2
92.42,-0.106,86.48,-0.0511,40.03,0,0,0,0
92.97,-0.1852,93.9,-0.0285,37.05,0,0,0,0
74.9,-0.4245,61.23,0.0971,25.83,2,2,2,2
95.04,-0.0677,80.28,-0.0524,31.0,0,0,0,0
98.74,0.237,102.0,-0.1098,44.11,0,1,0,1
57.82,0.6402,51.75,0.0353,78.31,3,3,3,3
99.72,-0.1545,90.67,-0.0539,56.48,0,0,1,1
97.02,0.0538,97.74,0.133,38.12,0,0,0,0
91.23,-0.2264,89.05,0.0531,49.79,0,0,0,0
88.23,0.3655,99.97,0.1411,49.1,1,0,0,1
100.51,-0.3905,98.81,0.1424,33.29,2,0,0,2
97.64,0.0844,81.93,0.062,46.03,0,0,0,0
86.01,-0.2199,98.22,0.1537,56.52,0,0,1,1
92.45,0.3401,89.12,-0.0319,45.25,1,0,0,1
91.92,0.0451,67.25,-0.0829,41.23,0,2,0,2
94.69,-0.4897,89.39,-0.1673,33.21,2,0,0,2
108.47,-0.1719,90.05,-0.0794,38.51,1,0,0,1
85.99,-0.4278,82.22,-0.0932,33.75,2,0,0,2
85.96,-0.2065,87.73,0.0767,40.46,0,0,0,0
78.97,0.0472,93.55,0.1025,34.46,2,0,0,2
87.09,0.1095,77.66,-0.094,73.7,0,2,3,3
95.81,-0.1621,97.63,-0.0219,45.01,0,0,0,0
96.29,0.7771,82.51,0.148,37.62,3,0,0,3
44.98,0.9841,41.98,0.0422,87.43,3,3,3,3
97.64,0.1515,66.04,-0.0316,32.88,0,2,0,2
94.01,-0.0296,108.19,0.0205,46.08,0,1,0,1
68.3,-0.3879,78.18,-0.0512,28.29,2,2,2,2
85.91,0.0044,85.15,0.0592,43.12,0,0,0,0
54.99,0.8422,44.95,0.0972,74.72,3,3,3,3
93.14,-0.0828,98.2,-0.052,33.75,0,0,0,0
102.24,-0.5297,82.27,-0.0466,44.79,2,0,0,2
91.9,0.0062,76.81,-0.1074,74.77,0,2,3,3
57.53,-0.1701,86.97,0.222,41.26,3,0,0,3
56.04,-0.1007,103.03,0.1871,32.42,3,1,0,3
89.0,-0.0668,85.35,-0.1073,39.25,0,0,0,0
85.26,0.1345,83.72,-0.084,34.44,0,0,0,0
89.29,-0.0797,101.79,0.0135,30.27,0,1,0,1
105.53,0.1584,84.81,-0.0806,43.03,1,0,0,1
89.05,-0.0891,85.88,-0.0887,38.54,0,0,0,0
45.11,-0.1309,101.84,0.0002,35.3,3,1,0,3
96.27,-0.0886,84.27,-0.0792,46.45,0,0,0,0
87.45,0.7305,90.71,-0.08,34.08,3,0,0,3
87.8,0.1129,105.2,-0.034,43.84,0,1,0,1
75.38,-0.0459,88.9,0.2093,49.35,2,0,0,2
96.32,-0.0065,91.2,0.0235,32.31,0,0,0,0
86.8,0.0774,81.23,-0.18,44.22,0,0,0,0
87.79,-0.1778,94.72,-0.0031,39.88,0,0,0,0
101.52,0.5231,83.53,0.0327,39.7,1,0,0,1
73.89,0.03,88.59,0.0189,36.16,2,0,0,2
44.08,-0.114,92.15,0.0908,30.43,3,0,0,3
103.19,-0.0081,91.18,0.0958,46.64,1,0,0,1
91.24,0.0672,86.43,0.0677,42.96,0,0,0,0
88.98,0.2048,92.24,-0.0776,38.77,0,0,0,0
60.97,0.6144,45.2,0.0934,72.75,3,3,3,3
90.69,-0.0004,89.73,-0.0716,46.4,0,0,0,0
84.82,-0.3004,98.26,0.0375,44.65,2,0,0,2
94.02,0.1846,88.7,-0.1489,35.97,0,0,0,0
85.12,-0.148,81.98,-0.1597,16.87,0,0,2,2
73.05,-0.3467,63.6,-0.1357,17.11,2,2,2,2
91.27,0.3915,99.28,0.098,49.22,1,0,0,1
91.23,0.4242,76.72,0.0094,49.0,1,2,0,1
91.96,0.2019,93.1,0.0453,44.8,0,0,0,0
113.36,0.1209,80.12,0.0547,38.59,1,0,0,1
87.05,0.2292,76.91,0.1344,41.26,0,2,0,2
94.64,-0.2912,84.49,-0.0838,32.39,2,0,0,2
87.26,0.3572,97.12,0.0027,41.17,1,0,0,1
80.16,0.0114,89.31,-0.034,33.39,2,0,0,2
107.12,0.2711,108.51,-0.123,53.27,1,1,1,1
86.49,0.0542,92.58,-0.1678,39.6,0,0,0,0
91.91,-0.3176,92.55,0.0199,32.48,2,0,0,2
92.07,0.1022,95.02,-0.0101,41.18,0,0,0,0
64.38,-0.0485,97.84,0.0301,32.6,3,0,0,3
112.78,0.0445,97.44,-0.1417,46.86,1,0,0,1
94.18,0.0758,87.18,0.1287,33.59,0,0,0,0
96.17,-0.2097,99.18,-0.1001,73.69,0,0,3,3
95.44,-0.061,96.02,0.0699,58.88,0,0,1,1
102.83,0.4208,104.48,-0.0073,60.52,1,1,1,1
89.87,-0.0636,104.23,-0.1054,31.82,0,1,0,1
102.79,-0.6485,89.5,0.0556,35.39,3,0,0,3
89.95,-0.1137,90.16,-0.1105,41.23,0,0,0,0
97.0,-0.1144,89.09,-0.0373,38.46,0,0,0,0
88.53,0.1557,70.85,0.0819,34.35,0,2,0,2
89.09,0.8718,99.21,0.039,46.36,3,0,0,3
87.77,-0.0386,110.03,0.0822,42.21,0,1,0,1
95.84,-0.5879,100.62,0.034,46.22,3,3,0,3
110.7,0.203,84.18,-0.0199,40.44,1,0,0,1
87.89,-0.0782,90.67,-0.0032,49.19,0,0,0,0
96.01,-0.269,65.62,0.1114,37.15,2,2,0,2
88.33,-0.2722,96.71,-0.0041,79.57,2,0,3,3
95.29,0.1015,102.13,-0.1425,40.65,0,1,0,1
97.22,-0.1064,81.92,0.0485,36.15,0,0,0,0
97.56,-0.5122,90.52,-0.0507,32.07,2,0,0,2
89.67,-0.1199,69.29,-0.2152,32.36,0,2,0,2
90.19,0.6124,91.06,0.1675,46.6,3,0,0,3
80.79,0.1075,89.68,0.0677,47.6,2,0,0,2
89.58,-0.2008,91.47,-0.0469,33.98,0,0,0,0
94.96,0.168,96.74,-0.193,30.46,0,0,0,0
57.58,0.7606,39.1,0.241,72.97,3,3,3,3
90.87,-0.6706,90.28,0.1312,39.98,3,0,0,3
90.58,-0.8262,82.02,-0.0914,41.52,3,0,0,3
91.12,-0.1207,97.68,-0.028,30.88,0,0,0,0
105.38,0.3294,105.52,0.0997,51.16,1,1,1,1
86.24,-0.2523,107.71,0.1941,36.3,2,1,0,1
79.34,-0.0369,99.54,0.1029,28.82,2,0,2,2
92.7,-0.5325,94.45,0.0209,28.59,2,0,2,2
94.38,0.0527,91.95,-0.0261,61.73,0,0,1,1
87.44,-0.2605,87.46,-0.0881,16.49,2,0,2,2
93.17,-0.0274,84.27,0.1029,37.29,0,0,0,0
98.11,0.4756,96.02,0.0466,35.8,1,0,0,1
88.12,-0.0154,85.93,0.0777,26.64,0,0,2,2
99.48,-0.011,92.78,-0.0888,34.48,0,0,0,0
54.64,0.1454,87.52,-0.1057,45.14,3,0,0,3
96.73,-0.4101,93.48,-0.1027,33.44,2,0,0,2
89.32,-0.184,84.46,0.1892,45.88,0,0,0,0
87.22,-0.1201,93.1,-0.0164,47.49,0,0,0,0
92.28,0.2266,80.13,0.0318,48.42,0,0,0,0
86.15,0.155,71.79,0.099,35.44,0,2,0,2
86.17,-0.4048,92.83,-0.051,32.02,2,0,0,2
58.72,0.6553,55.92,-0.0339,70.35,3,3,3,3
88.75,0.1474,109.26,0.0797,41.49,0,1,0,1
78.04,0.2161,86.0,-0.0515,48.78,2,0,0,2
95.96,0.1336,85.18,0.1635,77.17,0,0,3,3
98.7,0.4888,94.84,-0.0712,48.81,1,0,0,1
92.13,-0.0831,95.59,-0.0973,42.97,0,0,0,0
87.72,0.0776,95.85,-0.0821,41.01,0,0,0,0
65.12,0.8366,36.27,-0.0716,62.57,3,3,1,3
99.95,0.4611,102.95,-0.0725,60.43,1,1,1,1
92.46,0.4194,80.06,0.0442,49.56,1,0,0,1
83.8,0.0477,99.52,0.1505,31.37,2,0,0,2
98.51,-0.2592,87.25,-0.1917,35.2,2,0,0,2
90.47,-0.0703,94.15,-0.0107,41.18,0,0,0,0
83.15,-0.2491,82.6,-0.179,39.77,2,0,0,2
68.13,0.1924,84.68,-0.1783,42.97,3,0,0,3
98.31,-0.0744,93.64,0.124,19.77,0,0,2,2
89.85,-0.1228,71.31,-0.0031,27.95,0,2,2,2
74.87,-0.1663,92.01,0.0032,39.44,2,0,0,2
91.33,-0.1033,92.51,0.0648,46.45,0,0,0,0
97.8,-0.2173,89.12,-0.0391,74.64,0,0,3,3
87.4,-0.2062,73.05,-0.0582,41.3,0,2,0,2
50.91,0.7201,48.27,0.1061,77.16,3,3,3,3
82.3,-0.5006,93.89,0.0061,39.14,2,0,0,2
53.47,-0.2211,78.42,-0.1432,45.42,3,2,0,3
80.4,-0.2437,76.22,0.148,27.18,2,2,2,2
78.98,0.1236,93.62,-0.1199,34.87,2,0,0,2
94.88,0.114,93.86,-0.0603,25.29,0,0,2,2
50.71,0.6552,59.81,0.0388,76.74,3,3,3,3
96.78,-0.0589,95.84,-0.0702,34.83,0,0,0,0
94.84,-0.7102,91.09,-0.0514,40.12,3,0,0,3
90.75,0.0337,110.93,0.0787,46.76,0,1,0,1
90.24,0.0257,98.85,0.0345,41.19,0,0,0,0
137.51,-0.14,123.28,-0.0151,36.5,3,3,0,3
65.78,0.6557,35.06,0.1957,71.16,3,3,3,3
86.63,-0.1714,91.5,-0.0222,35.38,0,0,0,0
51.73,0.7333,50.55,-0.2122,69.22,3,3,3,3
97.54,-0.123,82.69,-0.1582,33.03,0,0,0,0
88.38,-0.38,86.57,-0.0479,43.87,2,0,0,2
74.33,0.1312,81.68,0.012,47.29,2,0,0,2
88.55,-0.1769,106.64,0.0441,28.16,0,1,2,1
88.25,0.4186,102.82,-0.1079,32.15,1,1,0,1
83.14,0.1712,95.65,0.0615,45.44,2,0,0,2
56.99,0.1766,95.11,-0.0816,29.6,3,0,3,3
92.12,0.1736,93.77,0.0557,45.16,0,0,0,0
91.47,-0.2239,82.29,0.1295,38.01,0,0,0,0
94.93,-0.0938,81.93,0.171,55.78,0,0,1,1
87.51,-0.067,111.12,-0.0938,30.44,0,1,0,1
89.24,0.0755,86.71,-0.0618,34.1,0,0,0,0
96.97,-0.1027,78.73,-0.152,38.87,0,2,0,2
92.87,-0.1774,88.94,-0.0327,31.8,0,0,0,0
95.86,-0.1593,80.9,-0.0605,46.22,0,0,0,0
86.79,0.1211,107.4,-0.0683,42.73,0,1,0,1
132.84,-0.2337,135.21,-0.0538,48.68,3,3,0,3
96.23,0.0534,83.14,-0.0431,38.12,0,0,0,0
107.06,0.2718,89.7,0.0571,46.85,1,0,0,1
89.98,-0.0182,94.4,-0.0457,35.2,0,0,0,0
85.48,0.1969,83.3,-0.1045,37.82,0,0,0,0
92.71,0.1312,86.82,-0.1121,34.91,0,0,0,0
95.15,0.0441,98.34,0.0718,41.02,0,0,0,0
48.83,0.6208,57.91,-0.0188,79.45,3,3,3,3
86.98,0.1966,90.9,-0.1252,39.52,0,0,0,0
86.09,0.3418,98.45,-0.0369,35.17,1,0,0,1
99.83,-0.077,88.16,-0.1896,32.25,0,0,0,0
86.71,0.1264,111.94,0.144,30.29,0,1,0,1
93.37,0.0946,96.26,-0.1119,35.75,0,0,0,0
92.03,-0.0948,95.91,-0.0482,40.48,0,0,0,0
80.54,-0.0121,90.49,0.0413,43.2,2,0,0,2
87.78,0.1751,91.8,0.0837,33.87,0,0,0,0
85.37,-0.0439,71.11,-0.1054,44.13,0,2,0,2
116.37,0.3344,106.61,0.0244,64.25,1,1,1,1
86.43,0.0861,87.4,0.0474,35.23,0,0,0,0
42.52,0.0839,93.44,-0.0643,31.91,3,0,0,3
109.72,0.1508,96.91,0.052,48.5,1,0,0,1
45.9,0.6984,41.56,0.072,76.38,3,3,3,3
95.33,0.4314,97.6,0.0877,48.94,1,0,0,1
53.87,0.827,41.35,0.0189,65.49,3,3,3,3
95.93,0.2746,87.92,0.0172,39.26,1,0,0,1
92.2,0.1735,92.06,0.1252,39.54,0,0,0,0
103.94,0.0512,89.43,0.0071,52.27,1,0,1,1
84.15,0.5256,94.46,-0.0475,32.79,1,0,0,1
99.43,0.2257,94.98,0.0367,31.42,0,0,0,0
93.72,-0.3513,89.83,-0.0154,40.53,2,0,0,2
108.25,-0.0293,90.86,0.0852,31.79,1,0,0,1
90.54,-0.1563,83.1,-0.0062,62.47,0,0,1,1
92.3,-0.0375,70.07,-0.0643,33.17,0,2,0,2
98.41,0.562,100.24,0.1363,48.19,3,3,0,3
88.5,0.1944,63.02,-0.1156,39.23,0,2,0,2
89.24,0.0299,97.62,-0.1859,17.0,0,0,2,2
91.27,0.025,102.31,0.1363,48.72,0,1,0,1
69.0,0.7551,37.4,-0.067,78.34,3,3,3,3
66.52,0.5975,38.98,-0.002,67.67,3,3,3,3
95.63,-0.0595,85.46,0.0401,40.44,0,0,0,0
100.96,0.3076,85.87,0.1484,45.43,1,0,0,1
78.11,-0.2704,76.95,-0.0337,32.87,2,2,0,2
91.4,-0.0755,67.45,-0.109,32.14,0,2,0,2
50.77,0.8469,44.35,0.1061,66.13,3,3,3,3
96.79,0.2474,111.91,-0.0089,38.91,1,1,0,1
102.16,-0.1974,80.97,0.0845,36.28,1,0,0,1
50.3,-0.2045,96.43,0.0821,48.69,3,0,0,3
105.08,0.317,106.95,-0.0475,54.88,1,1,1,1
102.78,0.5158,108.96,-0.063,52.57,1,1,1,1
83.78,-0.0065,74.58,-0.1267,38.11,2,2,0,2
88.46,0.378,98.86,0.1553,35.53,1,0,0,1
93.05,-0.1715,75.39,0.0988,46.38,0,2,0,2
90.14,0.2075,85.37,-0.0305,47.69,0,0,0,0
85.03,0.6289,93.18,0.0382,36.06,3,0,0,3
66.68,-0.027,96.97,-0.0191,43.88,3,0,0,3
78.54,-0.5095,77.09,0.2198,23.58,2,2,2,2
98.14,0.6658,93.78,-0.1203,38.63,3,0,0,3
93.73,-0.3211,82.94,0.014,60.29,2,0,1,1
42.17,0.6143,42.97,-0.1868,71.12,3,3,3,3
112.13,0.136,94.51,0.1456,43.79,1,0,0,1
93.68,-0.0547,113.41,0.0222,48.19,0,1,0,1
90.62,0.1257,86.11,-0.0848,33.08,0,0,0,0
140.55,0.0611,132.23,0.1449,37.65,3,3,0,3
71.1,-0.3394,81.09,0.1403,28.07,2,0,2,2
90.15,-0.39,81.83,-0.0693,31.21,2,0,0,2
86.51,-0.0097,87.63,-0.0457,42.26,0,0,0,0
93.66,-0.525,97.98,-0.1362,49.99,2,0,0,2
109.03,0.2074,81.51,-0.0701,31.17,1,0,0,1
85.97,-0.0768,82.21,0.0598,26.08,0,0,2,2
97.26,-0.054,97.08,0.1035,48.91,0,0,0,0
93.45,0.1539,82.52,-0.0026,35.47,0,0,0,0
83.39,0.1089,80.76,0.0291,30.41,2,0,0,2
89.62,-0.0284,95.48,0.1867,23.32,0,0,2,2
98.86,-0.2352,90.99,0.1101,38.15,0,0,0,0
97.07,0.1154,82.92,0.0442,42.67,0,0,0,0
65.95,0.6922,47.99,-0.1788,73.94,3,3,3,3
91.17,-0.0324,87.14,0.0021,49.99,0,0,0,0
101.7,0.2149,114.1,0.1097,47.5,1,1,0,1
92.39,-0.414,78.7,0.065,39.91,2,2,0,2
86.8,-0.4134,99.32,-0.0326,33.65,2,0,0,2
95.02,0.1395,97.4,-0.1349,42.9,0,0,0,0
111.43,-0.0264,118.91,-0.0041,39.79,1,3,0,3
87.08,-0.1002,83.7,0.0727,49.61,0,0,0,0
86.98,0.3904,91.4,-0.0199,35.84,1,0,0,1
97.8,0.3377,86.05,-0.0858,33.67,1,0,0,1
99.13,0.1466,85.55,-0.2412,31.01,0,0,0,0
98.93,-0.4418,92.68,0.0486,44.54,2,0,0,2
90.34,0.1615,91.49,-0.1507,39.49,0,0,0,0
96.77,-0.2928,108.74,0.1327,48.23,2,1,0,1
85.57,0.1974,93.89,0.2394,84.99,0,0,3,3
99.84,0.1324,78.73,-0.0239,18.82,0,2,2,2
99.04,-0.1992,110.23,0.0716,44.82,0,1,0,1
97.26,-0.0471,88.89,-0.0064,34.24,0,0,0,0
90.19,-0.3295,77.64,-0.0445,42.32,2,2,0,2
94.64,-0.2563,84.46,0.0879,43.01,2,0,0,2
92.02,-0.2131,93.29,-0.1388,43.74,0,0,0,0
89.36,0.225,106.36,-0.0621,35.4,0,1,0,1
93.61,0.0806,87.18,0.0281,45.82,0,0,0,0
91.9,0.0268,108.13,0.0962,40.73,0,1,0,1
95.76,0.3662,83.45,0.0828,38.27,1,0,0,1
108.33,0.341,107.02,-0.2123,63.3,1,1,1,1
97.61,0.406,84.46,0.0379,37.87,1,0,0,1
94.92,-0.3318,107.3,-0.0958,39.33,2,1,0,1
65.5,-0.1238,82.52,0.1485,44.15,3,0,0,3
96.65,0.4101,87.8,0.2167,38.4,1,0,0,1
94.82,0.2144,93.26,0.0264,38.9,0,0,0,0
88.34,0.1298,86.4,-0.023,41.27,0,0,0,0
91.76,0.001,97.02,0.023,60.44,0,0,1,1
90.22,-0.287,92.7,-0.0473,41.29,2,0,0,2
93.91,0.0246,84.83,0.0722,57.18,0,0,1,1
87.24,0.2952,92.4,-0.126,53.19,1,0,1,1
87.73,0.0798,91.33,0.0479,37.73,0,0,0,0
90.42,0.7363,97.37,0.0532,41.85,3,0,0,3
86.52,0.1074,93.26,-0.1188,42.13,0,0,0,0
95.95,-0.3996,91.22,-0.0754,48.43,2,0,0,2
89.06,-0.0193,86.21,0.0993,18.43,0,0,2,2
95.27,-0.2042,90.03,0.0759,32.83,0,0,0,0
93.38,-0.118,66.92,-0.1002,39.28,0,2,0,2
91.0,-0.1448,91.67,0.0784,41.66,0,0,0,0
109.67,0.2511,94.99,-0.1224,32.66,1,0,0,1
93.66,0.086,93.84,-0.1208,33.41,0,0,0,0
92.54,0.2059,64.61,0.1685,49.04,0,2,0,2
96.09,-0.0317,89.61,0.1812,37.43,0,0,0,0
95.9,0.1809,94.59,-0.0571,40.41,0,0,0,0
88.16,0.2212,96.63,-0.0397,69.58,0,0,3,3
89.55,0.2006,86.71,0.0861,26.36,0,0,2,2
92.75,0.1482,88.26,0.0701,54.07,0,0,1,1
61.09,0.6944,49.38,-0.0997,72.97,3,3,3,3
85.03,-0.0461,90.4,0.0879,71.02,0,0,3,3
97.36,0.501,93.09,0.0343,52.9,1,0,1,1
94.31,0.1348,82.65,-0.018,40.84,0,0,0,0
81.53,-0.4248,72.01,0.0328,22.56,2,2,2,2
107.87,-0.1894,94.32,0.2129,51.66,1,0,1,1
91.69,0.2139,95.51,0.1234,38.41,0,0,0,0
97.08,-0.1393,95.59,0.1338,43.52,0,0,0,0
81.03,-0.2376,86.78,-0.0678,38.61,2,0,0,2
90.23,0.1616,87.5,0.0938,44.84,0,0,0,0
86.29,-0.0138,110.32,0.1096,45.7,0,1,0,1
70.31,0.7007,47.23,-0.053,81.25,3,3,3,3
91.1,-0.0145,96.9,0.1207,45.15,0,0,0,0
81.17,-0.0805,89.56,0.0608,40.59,2,0,0,2
97.56,-0.0557,109.63,0.1388,42.01,0,1,0,1
96.58,-0.4842,86.1,0.0042,39.4,2,0,0,2
87.45,-0.1573,106.93,-0.0196,30.93,0,1,0,1
95.97,-0.1136,69.11,-0.0586,37.32,0,2,0,2
81.74,0.1309,75.12,-0.0562,40.12,2,2,0,2
58.28,0.5751,51.42,0.1083,73.79,3,3,3,3
139.53,0.0197,138.74,-0.0534,46.0,3,3,0,3
99.35,0.1833,88.5,0.0584,17.84,0,0,2,2
102.7,-0.1573,87.54,0.0017,63.72,1,0,1,1
94.73,0.1211,94.13,0.16,38.41,0,0,0,0
90.23,-0.186,113.13,0.1605,32.54,0,1,0,1
93.84,0.0246,62.27,-0.0771,46.51,0,2,0,2
96.56,0.0891,89.11,-0.0306,42.59,0,0,0,0
88.37,-0.1472,84.7,0.051,38.4,0,0,0,0
99.04,-0.6455,79.8,-0.0999,28.47,3,3,2,3
59.3,-0.0223,83.78,-0.1107,35.01,3,0,0,3
95.03,0.1212,109.27,0.1595,45.74,0,1,0,1
132.22,0.137,114.87,0.0783,44.06,3,1,0,3
91.51,-0.1598,92.66,0.0991,36.71,0,0,0,0
97.01,-0.3243,99.5,-0.0879,47.18,2,0,0,2
94.84,0.1197,87.87,0.0583,77.45,0,0,3,3
90.25,-0.1018,104.98,0.1339,30.17,0,1,0,1
73.47,0.1475,89.09,-0.1771,39.29,2,0,0,2
89.0,0.3834,92.05,-0.0309,40.52,1,0,0,1
85.61,0.183,86.19,-0.0664,37.71,0,0,0,0
73.14,-0.5201,63.88,-0.0744,32.75,2,2,0,2
87.01,0.0415,97.91,-0.1313,44.21,0,0,0,0
91.61,0.1369,94.9,0.0976,31.65,0,0,0,0
96.67,-0.2772,92.6,0.1099,33.51,2,0,0,2
92.91,0.1624,96.39,-0.0436,47.36,0,0,0,0
94.91,-0.8882,86.85,0.035,45.2,3,0,0,3
86.3,0.1215,82.65,-0.1064,26.71,0,0,2,2
89.63,-0.2395,112.87,0.1678,34.85,0,1,0,1
87.85,-0.2024,96.36,0.149,40.36,0,0,0,0
74.82,-0.4041,73.11,0.0011,19.14,2,2,2,2
74.77,0.1153,86.56,-0.0531,45.43,2,0,0,2
86.27,0.2061,88.09,0.0415,45.94,0,0,0,0
83.63,0.1961,97.28,-0.2635,43.81,2,0,0,2
83.06,-0.235,90.72,0.1074,35.07,2,0,0,2
91.36,0.4101,96.58,0.0873,32.46,1,0,0,1
120.19,-0.0435,119.02,-0.0062,47.17,3,3,0,3
88.23,-0.1995,83.35,-0.0383,61.94,0,0,1,1
101.16,-0.292,97.87,0.1256,32.78,2,0,0,2
89.5,0.0116,81.64,-0.0014,34.62,0,0,0,0
89.38,-0.1861,96.65,-0.0117,44.33,0,0,0,0
95.47,0.8534,96.14,0.0116,33.89,3,0,0,3
91.84,-0.0202,80.59,0.0481,40.73,0,0,0,0
97.9,-0.4162,82.31,-0.2184,40.81,2,0,0,2
94.75,-0.0387,60.83,0.0346,39.61,0,2,0,2
92.39,0.1654,82.12,0.0199,36.34,0,0,0,0
104.61,0.4226,109.91,0.038,62.35,1,1,1,1
61.78,0.1239,82.18,0.065,29.92,3,0,3,3
139.34,0.0207,138.98,0.1091,34.33,3,3,0,3
93.24,0.1935,96.56,-0.0418,36.31,0,0,0,0
85.4,0.4835,89.48,-0.0152,48.48,1,0,0,1
102.49,0.1111,87.76,0.2362,59.98,1,0,1,1
91.3,-0.4748,80.31,-0.0811,41.85,2,0,0,2
91.26,-0.2132,95.21,-0.1045,43.16,0,0,0,0
71.67,0.0557,83.16,0.0944,41.14,2,0,0,2
90.44,-0.4035,84.09,-0.1521,39.64,2,0,0,2
87.57,-0.1019,94.6,-0.1013,35.1,0,0,0,0
86.41,-0.0701,80.4,-0.0608,23.32,0,0,2,2
119.64,-0.1668,135.53,-0.0408,34.04,3,3,0,3
75.13,-0.4064,62.4,-0.0146,23.22,2,2,2,2
96.96,0.1249,90.83,-0.0783,49.11,0,0,0,0
87.25,-0.1965,80.31,-0.0365,28.89,0,0,2,2
93.69,-0.0122,91.21,-0.0305,37.64,0,0,0,0
48.69,-0.3109,79.27,-0.007,49.12,2,3,0,3
91.81,0.709,100.09,0.1163,49.37,3,3,0,3
95.57,-0.1242,89.63,0.114,27.56,0,0,2,2
91.71,-0.4247,81.86,-0.1893,42.94,2,0,0,2
100.09,-0.8355,101.29,0.1551,33.86,3,1,0,3
90.2,0.4223,84.41,-0.1121,32.78,1,0,0,1
86.35,0.3601,88.85,0.1453,43.82,1,0,0,1
96.76,0.2324,90.4,0.0486,85.02,0,0,3,3
59.57,-0.1206,100.35,0.1233,30.5,3,3,0,3
68.84,-0.5132,64.47,-0.0212,25.88,2,2,2,2
88.08,-0.2162,83.74,-0.1012,36.21,0,0,0,0
88.63,-0.1622,83.07,0.05,38.48,0,0,0,0
70.25,-0.0088,95.41,0.1316,42.97,2,0,0,2
90.87,-0.0546,88.54,-0.1162,38.91,0,0,0,0
48.02,0.6901,43.59,0.2146,69.87,3,3,3,3
75.71,-0.0672,82.96,0.0145,48.13,2,0,0,2
97.6,0.1251,91.73,0.0461,19.52,0,0,2,2
87.66,-0.1554,95.6,0.0163,39.79,0,0,0,0
88.23,0.0751,86.99,0.0392,21.15,0,0,2,2
82.6,-0.7313,97.95,-0.0978,38.62,3,0,0,3
94.27,-0.4469,81.11,-0.183,33.43,2,0,0,2
46.9,0.6671,51.96,-0.054,86.02,3,3,3,3
96.56,0.273,87.97,0.1853,40.41,1,0,0,1
95.96,-0.2698,90.89,-0.2206,35.51,2,0,0,2
97.19,0.0059,94.33,0.0139,28.6,0,0,2,2
87.81,0.0482,97.98,0.0586,44.26,0,0,0,0
92.8,0.033,96.49,-0.1959,42.69,0,0,0,0
93.04,-0.542,98.89,0.035,28.37,2,0,2,2
89.51,0.953,91.68,0.0385,45.94,3,0,0,3
97.87,-0.2468,92.16,-0.0692,43.76,2,0,0,2
91.27,-0.3371,70.58,-0.0087,37.3,2,2,0,2
89.37,-0.1122,83.12,-0.0621,75.66,0,0,3,3
94.23,0.0285,90.48,-0.0182,68.94,0,0,3,3
98.27,0.0052,84.94,-0.0497,47.08,0,0,0,0
89.93,0.229,88.98,-0.1135,39.77,0,0,0,0
99.25,0.0364,94.34,0.0195,35.69,0,0,0,0
98.29,-0.1827,92.48,-0.0853,80.6,0,0,3,3
85.25,0.1775,114.39,-0.0791,48.2,0,1,0,1
106.59,0.4263,105.16,-0.0561,62.2,1,1,1,1
89.86,-0.1836,92.49,0.1123,35.02,0,0,0,0
93.49,-0.1826,96.7,-0.0539,42.33,0,0,0,0
89.75,-0.4452,96.97,0.1448,39.17,2,0,0,2
86.16,-0.3984,77.15,-0.2737,32.63,2,2,0,2
111.4,-0.0653,83.29,0.086,39.75,1,0,0,1
85.28,-0.1405,88.33,0.0679,47.2,0,0,0,0
97.96,0.3357,89.27,0.0875,47.82,1,0,0,1
96.78,-0.6256,84.08,-0.1595,33.34,3,0,0,3
96.94,0.2504,98.71,-0.1566,45.67,1,0,0,1
92.86,0.6556,91.03,-0.0161,45.82,3,0,0,3
97.73,0.0162,96.62,0.2193,21.8,0,0,2,2
95.4,0.0147,96.16,0.0793,33.08,0,0,0,0
124.15,0.0343,123.4,0.0881,39.21,3,3,0,3
89.34,0.4395,90.99,-0.1899,48.55,1,0,0,1
89.78,0.1321,95.2,0.1051,42.88,0,0,0,0
98.85,-0.1944,91.95,-0.0283,34.91,0,0,0,0
87.9,0.1459,113.35,0.0281,28.4,0,1,2,1
47.08,-0.1044,93.58,0.0893,54.8,3,0,1,3
96.23,0.1554,84.2,0.0395,43.59,0,0,0,0
94.96,0.2231,73.62,0.0151,35.8,0,2,0,2
94.12,0.108,84.76,0.1603,21.78,0,0,2,2
89.08,0.2414,90.85,-0.0976,45.86,1,0,0,1
94.18,0.1366,70.54,0.0031,33.27,0,2,0,2
89.37,0.079,88.7,0.0553,33.43,0,0,0,0
97.87,-0.7967,87.14,0.1562,31.44,3,0,0,3
124.48,-0.195,141.86,-0.2345,28.79,3,3,2,3
77.75,-0.4084,73.27,0.029,20.15,2,2,2,2
96.56,0.5932,105.06,0.0931,51.31,3,1,1,3
86.0,-0.4987,83.82,-0.1453,38.82,2,0,0,2
85.18,0.1707,93.73,-0.142,57.51,0,0,1,1
118.21,-0.1768,136.58,0.1137,48.44,3,3,0,3
107.38,0.0479,87.9,0.0163,31.3,1,0,0,1
104.5,0.1834,89.6,0.1104,42.42,1,0,0,1
95.53,-0.1079,97.13,0.0306,36.35,0,0,0,0
90.29,-0.0494,91.99,0.0325,34.42,0,0,0,0
94.0,-0.3945,77.69,-0.0338,42.84,2,2,0,2
56.87,0.1001,83.37,0.0213,44.44,3,0,0,3
88.0,0.4361,78.29,0.0558,44.31,1,2,0,1
94.2,0.1699,66.14,-0.0236,46.3,0,2,0,2
62.73,0.6327,38.59,-0.1504,69.35,3,3,3,3
109.9,0.1322,98.89,0.2039,37.97,1,0,0,1
52.33,-0.1452,80.18,-0.0016,46.96,3,0,0,3
85.44,0.237,90.6,-0.1538,72.8,0,0,3,3
88.72,0.0113,94.18,0.0854,39.25,0,0,0,0
86.21,0.5189,88.0,-0.0682,45.32,1,0,0,1
76.27,-0.3612,70.9,0.097,17.93,2,2,2,2
93.53,0.5051,89.14,-0.0425,35.76,1,0,0,1
94.12,0.2091,94.59,0.0667,32.84,0,0,0,0
94.39,0.6626,95.55,-0.0123,38.0,3,0,0,3
60.92,0.5262,53.89,-0.0619,68.98,1,3,3,3
92.73,0.3178,84.31,-0.0686,37.74,1,0,0,1
94.28,0.1024,97.5,-0.0198,20.4,0,0,2,2
100.44,0.264,106.01,0.0633,56.12,1,1,1,1
91.84,0.0217,87.78,0.0583,34.29,0,0,0,0
83.71,-0.0936,105.08,0.0281,43.37,2,1,0,1
89.4,-0.0368,91.62,-0.0131,62.86,0,0,1,1
88.73,0.0399,84.52,0.1669,44.57,0,0,0,0
101.57,-0.3455,90.95,-0.1145,35.38,2,0,0,2
85.59,0.0298,96.51,-0.0819,42.8,0,0,0,0
98.51,0.0278,96.62,0.2205,38.83,0,0,0,0
58.98,-0.0922,84.71,-0.0387,42.11,3,0,0,3
87.64,-0.2118,105.84,0.1028,46.23,0,1,0,1
49.87,0.6253,48.2,0.0195,84.83,3,3,3,3
111.53,0.0957,80.44,-0.0975,46.86,1,0,0,1
97.73,-0.4926,86.14,-0.13,33.01,2,0,0,2
95.63,-0.189,67.45,-0.1225,30.72,0,2,0,2
86.51,-0.3335,99.18,0.0436,33.35,2,0,0,2
104.35,-0.0964,93.79,-0.1641,26.67,1,0,2,1
76.99,0.0111,93.38,-0.11,47.07,2,0,0,2
93.99,-0.0918,107.66,0.0303,39.25,0,1,0,1
101.48,0.056,94.33,0.0505,44.14,1,0,0,1
89.81,-0.3133,96.46,-0.0375,53.12,2,0,1,1
94.85,-0.0574,95.03,0.0502,71.76,0,0,3,3
91.73,-0.1343,88.93,-0.1436,33.34,0,0,0,0
93.8,0.0408,93.69,0.0734,78.59,0,0,3,3
50.83,0.7219,33.8,-0.0823,76.1,3,3,3,3
87.31,-0.2023,95.35,-0.1412,38.22,0,0,0,0
133.66,-0.1552,131.22,0.0028,50.54,3,3,3,3
107.23,0.1048,96.24,0.0167,46.7,1,0,0,1
43.04,-0.0677,93.11,0.11,41.46,3,0,0,3
86.94,-0.1895,89.81,-0.0128,24.12,0,0,2,2
60.4,0.1655,99.6,-0.0418,35.11,3,0,0,3
46.54,0.812,53.2,-0.0664,89.22,3,3,3,3
64.02,0.8893,51.92,-0.0129,69.42,3,3,3,3
99.25,-0.4586,85.85,-0.0481,42.18,2,0,0,2
92.81,-0.142,95.54,-0.1322,59.47,0,0,1,1
88.4,-0.1542,86.75,-0.1079,38.17,0,0,0,0
94.77,0.064,71.01,-0.0516,36.03,0,2,0,2
94.6,-0.0035,84.64,-0.0798,40.16,0,0,0,0
97.23,0.1899,91.82,0.0499,31.54,0,0,0,0
93.4,-0.0644,70.65,-0.1047,31.52,0,2,0,2
73.55,-0.4272,76.99,-0.0537,26.41,2,2,2,2
98.45,-0.1367,94.94,-0.062,15.66,0,0,2,2
73.29,0.0551,94.02,-0.1304,33.14,2,0,0,2
92.36,0.0465,90.64,0.0288,60.88,0,0,1,1
97.54,-0.078,94.88,0.0998,45.59,0,0,0,0
99.62,-0.3879,88.63,-0.1421,32.29,2,0,0,2
91.58,-0.0359,95.24,-0.0779,40.32,0,0,0,0
89.65,-0.1316,87.49,-0.0798,41.8,0,0,0,0
82.95,-0.1458,93.68,-0.0271,33.06,2,0,0,2
96.3,0.016,97.02,0.033,31.26,0,0,0,0
89.37,0.7298,89.43,0.0733,34.79,3,0,0,3
91.33,-0.1191,68.21,0.1878,45.27,0,2,0,2
87.75,0.2178,83.63,0.0132,59.98,0,0,1,1
65.4,0.9469,40.84,0.058,71.85,3,3,3,3
89.57,-0.0912,82.95,-0.037,35.77,0,0,0,0
87.16,-0.7635,78.25,-0.1798,46.28,3,2,0,3
87.69,0.134,89.35,0.0019,75.44,0,0,3,3
88.9,0.9258,88.74,0.0373,35.91,3,0,0,3
97.94,-0.0437,96.68,0.1418,19.5,0,0,2,2
70.75,0.0467,91.39,-0.1253,47.13,2,0,0,2
85.61,-0.0461,83.46,-0.1009,38.58,0,0,0,0
94.93,0.0293,113.73,-0.003,44.24,0,1,0,1
57.41,0.8553,43.54,-0.007,88.09,3,3,3,3
73.85,-0.0886,83.14,0.1114,39.3,2,0,0,2
92.9,0.0752,99.82,0.1243,35.63,0,0,0,0
97.08,-0.1719,95.76,0.0109,17.82,0,0,2,2
94.81,-0.1034,92.94,-0.1093,27.28,0,0,2,2
88.06,-0.0141,85.83,0.0497,79.5,0,0,3,3
91.6,0.1221,91.13,-0.045,42.46,0,0,0,0
95.8,-0.0136,64.98,0.0677,32.57,0,2,0,2
93.59,-0.3617,82.82,0.1264,36.25,2,0,0,2
90.01,0.3108,77.49,-0.0809,48.67,1,2,0,1
91.85,0.2266,81.16,0.0469,36.69,0,0,0,0
81.98,0.1549,92.68,0.0397,38.36,2,0,0,2
77.05,-0.0658,84.46,0.0099,30.49,2,0,0,2
87.65,0.075,96.42,0.0246,45.2,0,0,0,0
80.89,0.027,96.58,-0.2024,30.83,2,0,0,2
92.32,0.3135,95.91,0.1563,33.51,1,0,0,1
93.26,-0.7363,87.05,-0.1754,37.35,3,0,0,3
99.37,0.0646,65.87,-0.0726,48.08,0,2,0,2
93.36,0.0666,87.14,-0.0732,38.79,0,0,0,0
89.74,0.6354,92.58,0.1041,47.29,3,0,0,3
95.3,0.0148,72.21,0.1789,45.1,0,2,0,2
85.26,0.1722,88.85,0.1417,38.05,0,0,0,0
46.88,0.1054,81.05,-0.0519,42.12,3,0,0,3
62.64,0.89,42.61,0.0969,71.55,3,3,3,3
66.74,0.7263,44.01,-0.0049,74.26,3,3,3,3
86.34,0.1024,104.72,0.007,38.91,0,1,0,1
113.28,0.0896,86.59,0.0468,40.09,1,0,0,1
92.92,0.3264,88.37,0.065,37.61,1,0,0,1
89.66,-0.0135,76.95,-0.1165,33.11,0,2,0,2
89.53,-0.1622,93.96,0.0908,46.7,0,0,0,0
99.81,-0.0594,89.49,-0.0478,43.91,0,0,0,0
50.08,0.7365,47.42,0.0399,69.44,3,3,3,3
109.17,0.525,111.42,-0.0676,52.75,1,1,1,1
97.68,-0.0752,88.27,0.0987,43.61,0,0,0,0
73.94,-0.3894,62.44,0.072,17.44,2,2,2,2
94.97,0.4659,94.17,-0.0936,40.7,1,0,0,1
136.08,-0.0422,139.59,-0.0801,39.21,3,3,0,3
90.77,-0.3348,96.71,0.0327,31.82,2,0,0,2
90.11,0.105,108.22,0.1577,34.15,0,1,0,1
87.17,-0.1207,96.61,-0.1866,45.85,0,0,0,0
94.63,-0.49,83.59,-0.0918,36.33,2,0,0,2
78.0,0.1251,94.99,0.1022,40.11,2,0,0,2
90.66,-0.0044,87.91,0.1589,48.7,0,0,0,0
76.06,-0.2514,87.36,-0.0848,44.41,2,0,0,2
90.51,0.0131,89.21,0.1936,40.8,0,0,0,0
96.72,-0.8984,86.31,-0.1412,46.8,3,0,0,3
90.72,0.1172,101.38,-0.0013,37.04,0,1,0,1
95.71,0.328,91.9,-0.0834,48.32,1,0,0,1
59.54,-0.0747,84.39,0.0207,38.25,3,0,0,3
86.59,-0.8262,92.97,-0.0501,39.34,3,0,0,3
90.94,-0.7275,80.62,0.1671,44.02,3,0,0,3
96.98,-0.0869,77.18,0.0685,19.03,0,2,2,2
90.96,0.7134,86.33,-0.1428,42.73,3,0,0,3
101.02,-0.0445,103.81,0.0966,35.92,1,1,0,1
82.93,-0.5252,67.89,0.0851,24.82,2,2,2,2
64.3,0.781,48.26,0.0522,79.18,3,3,3,3
61.53,0.8762,46.66,0.1447,67.05,3,3,3,3
98.28,0.6678,94.19,0.0684,47.7,3,0,0,3
55.31,0.1797,94.68,0.0525,29.81,3,0,3,3
90.1,-0.2127,78.3,-0.1537,44.18,0,2,0,2
57.09,-0.0955,83.67,0.0017,47.23,3,0,0,3
90.28,0.6002,89.31,-0.0419,26.88,3,0,2,3
91.81,-0.0703,91.58,-0.2183,75.55,0,0,3,3
96.58,-0.193,96.07,0.1471,42.67,0,0,0,0
88.8,-0.6458,100.92,-0.0621,44.4,3,3,0,3
70.68,0.7887,42.54,-0.0631,73.67,3,3,3,3
90.93,0.1913,84.83,0.1285,37.69,0,0,0,0
89.21,0.6531,84.4,0.0388,46.39,3,0,0,3
71.43,-0.2012,95.4,0.0482,48.86,2,0,0,2
95.93,-0.3734,85.83,-0.1643,44.93,2,0,0,2
86.37,-0.2183,90.44,-0.0501,48.0,0,0,0,0
98.21,-0.0921,93.58,0.0565,41.62,0,0,0,0
97.66,-0.254,93.87,0.0241,40.49,2,0,0,2
92.37,0.1692,104.65,-0.0229,46.46,0,1,0,1
59.55,0.6129,54.4,-0.1092,72.61,3,3,3,3
79.75,0.0582,82.22,0.0226,46.81,2,0,0,2
88.31,0.2119,111.31,0.1661,49.3,0,1,0,1
86.77,0.1555,82.02,0.1582,77.49,0,0,3,3
95.1,-0.094,111.92,-0.0159,52.93,0,1,1,1
80.69,-0.0078,81.26,0.0591,31.99,2,0,0,2
98.75,0.1779,95.69,0.0274,42.53,0,0,0,0
98.02,0.3164,86.06,0.1877,49.21,1,0,0,1
91.34,-0.359,95.12,0.1487,44.58,2,0,0,2
99.38,-0.1112,66.85,0.0675,37.02,0,2,0,2
94.2,0.3934,93.74,-0.024,39.69,1,0,0,1
87.82,0.1108,109.44,-0.0298,36.89,0,1,0,1
95.55,0.1408,62.06,-0.0194,40.04,0,2,0,2
81.04,-0.0783,95.17,-0.0725,36.57,2,0,0,2
91.79,-0.4265,85.9,0.0433,40.01,2,0,0,2
91.83,0.2097,85.91,-0.0256,28.79,0,0,2,2
65.38,0.5842,38.5,0.1339,74.92,3,3,3,3
93.23,-0.4671,89.48,-0.1525,37.87,2,0,0,2
86.92,0.1598,96.18,-0.168,33.01,0,0,0,0
75.28,-0.2212,65.84,-0.045,31.29,2,2,0,2
127.13,-0.1369,143.46,0.0416,40.25,3,3,0,3
90.5,-0.1444,92.39,-0.0208,36.75,0,0,0,0
70.56,-0.0138,94.02,-0.0524,43.11,2,0,0,2
95.02,-0.2801,96.24,0.103,55.3,2,0,1,1
96.29,-0.153,95.02,-0.0063,20.14,0,0,2,2
89.31,-0.1115,69.64,-0.0502,31.61,0,2,0,2
86.97,0.4035,98.46,0.047,47.04,1,0,0,1
89.67,-0.1857,86.96,-0.0232,38.05,0,0,0,0
91.19,0.2221,109.58,-0.0081,40.53,0,1,0,1
85.83,-0.076,88.01,-0.0832,32.57,0,0,0,0
75.45,-0.4162,69.89,0.0156,20.29,2,2,2,2
62.27,0.6504,53.41,-0.097,77.39,3,3,3,3
88.45,0.2679,102.11,-0.0803,35.03,1,1,0,1
137.49,-0.0459,132.19,-0.1824,39.99,3,3,0,3
112.68,0.369,110.49,-0.0108,60.44,1,1,1,1
96.05,-0.0374,84.5,-0.1248,38.8,0,0,0,0
96.14,0.1536,96.72,0.0809,62.8,0,0,1,1
93.14,0.131,87.58,0.014,43.82,0,0,0,0
86.52,0.105,99.92,-0.0014,36.14,0,0,0,0
65.66,0.7078,37.11,-0.1478,73.43,3,3,3,3
98.21,0.1404,97.29,-0.0064,16.39,0,0,2,2
146.14,0.2242,138.27,-0.0736,46.85,3,3,0,3
64.01,0.608,47.63,-0.1037,87.46,3,3,3,3
79.08,0.0961,94.06,0.0658,44.48,2,0,0,2
91.48,-0.464,89.21,-0.0354,37.85,2,0,0,2
96.76,-0.0895,93.3,-0.0556,56.68,0,0,1,1
103.22,-0.1265,97.94,0.0516,48.59,1,0,0,1
97.54,0.1726,80.9,0.0642,37.75,0,0,0,0
87.86,0.726,96.78,0.0124,36.35,3,0,0,3
94.97,-0.0075,96.22,-0.0836,62.01,0,0,1,1
87.32,0.0569,88.05,0.0433,42.16,0,0,0,0
87.66,-0.0216,91.14,0.0728,17.05,0,0,2,2
94.94,-0.3021,89.41,0.1269,38.69,2,0,0,2
86.72,0.3744,87.99,0.2004,48.45,1,0,0,1
97.43,-0.0654,95.85,0.0886,53.65,0,0,1,1
101.28,0.6424,89.93,-0.0212,45.86,3,0,0,3
56.83,0.1615,90.35,-0.0833,37.77,3,0,0,3
76.02,-0.2731,89.04,-0.1054,36.31,2,0,0,2
95.42,0.1528,99.04,-0.0859,76.32,0,0,3,3
90.09,-0.141,112.87,-0.1466,33.58,0,1,0,1
102.43,-0.0941,89.6,-0.0197,42.46,1,0,0,1
102.65,0.0156,93.21,0.0161,32.82,1,0,0,1
88.6,-0.2314,90.68,0.1173,86.73,0,0,3,3
96.13,0.331,96.32,0.1384,31.48,1,0,0,1
97.84,-0.2598,109.51,0.0136,46.08,2,1,0,1
91.24,0.4536,80.38,0.1733,43.11,1,0,0,1
102.12,0.1899,111.78,-0.2094,49.52,1,1,0,1
96.71,-0.1062,97.19,-0.0075,45.03,0,0,0,0
92.17,-0.1674,68.11,0.1076,43.08,0,2,0,2
89.37,0.1259,82.48,0.0981,45.63,0,0,0,0
85.53,0.3315,95.82,-0.1481,45.48,1,0,0,1
89.92,0.1541,94.34,-0.0089,53.42,0,0,1,1
93.92,-0.1847,85.95,0.1007,34.23,0,0,0,0
98.11,0.0271,97.61,-0.0821,35.17,0,0,0,0
89.88,0.1635,81.48,-0.1758,30.28,0,0,0,0
90.39,-0.1372,86.77,0.137,43.47,0,0,0,0
92.95,0.427,89.72,-0.1183,32.44,1,0,0,1
90.11,0.2289,88.21,0.0051,46.54,0,0,0,0
101.75,-0.0231,83.24,0.0754,45.46,1,0,0,1
67.98,0.6544,54.56,-0.0667,76.53,3,3,3,3
97.83,0.3601,85.77,-0.0235,41.36,1,0,0,1
71.43,-0.1148,95.58,-0.0893,41.75,2,0,0,2
95.68,-0.2743,85.29,0.1495,48.4,2,0,0,2
107.08,-0.2242,91.5,0.1124,40.22,1,0,0,1
84.09,-0.2955,63.74,-0.0482,25.26,2,2,2,2
119.76,0.0491,116.79,-0.0636,42.04,3,3,0,3
106.21,0.0017,88.58,-0.0426,48.68,1,0,0,1
101.26,-0.3505,99.39,0.0577,31.55,2,0,0,2
53.96,0.1701,85.24,-0.0164,36.71,3,0,0,3
96.13,-0.0747,75.4,-0.0753,42.33,0,2,0,2
94.1,0.1375,90.89,-0.1192,34.37,0,0,0,0
97.13,0.4315,92.22,0.048,45.27,1,0,0,1
103.74,0.3463,99.76,0.1301,58.81,1,0,1,1
85.01,0.0202,95.89,0.079,34.84,0,0,0,0
92.92,0.1535,101.97,0.0707,43.74,0,1,0,1
52.85,0.8509,35.25,0.0028,66.96,3,3,3,3
85.19,-0.245,86.68,-0.0515,38.83,2,0,0,2
90.77,0.0257,97.98,0.1338,20.31,0,0,2,2
44.7,0.7678,47.35,0.1773,65.49,3,3,3,3
87.63,0.0118,95.42,0.0668,42.46,0,0,0,0
107.94,0.0627,96.35,-0.1223,40.86,1,0,0,1
92.1,0.346,84.13,-0.1475,26.07,1,0,2,1
97.47,0.2689,92.47,0.0786,38.34,1,0,0,1
94.94,0.4037,92.63,-0.1212,33.84,1,0,0,1
93.77,-0.0435,90.47,0.1,30.72,0,0,0,0
59.61,0.6616,51.09,-0.0383,75.99,3,3,3,3
82.94,-0.1081,84.11,-0.1447,26.3,2,0,2,2
103.86,0.1872,87.47,-0.1281,38.46,1,0,0,1
94.31,-0.0095,84.07,-0.0663,35.02,0,0,0,0
105.53,-0.1867,87.98,-0.1199,34.37,1,0,0,1
63.81,0.8018,53.1,0.0176,85.97,3,3,3,3
94.03,0.1568,87.82,-0.0842,40.55,0,0,0,0
92.86,0.3301,79.93,0.0502,69.21,1,3,3,3
93.81,-0.027,88.76,0.0266,47.72,0,0,0,0
79.82,0.0757,99.47,0.0378,47.21,2,0,0,2
119.7,-0.1418,130.22,-0.104,38.57,3,3,0,3
96.94,0.0117,103.21,0.0171,32.62,0,1,0,1
97.43,0.1744,90.02,0.0353,16.19,0,0,2,2
107.04,-0.0941,93.03,0.0114,32.08,1,0,0,1
93.57,0.1049,95.45,-0.1172,73.2,0,0,3,3
106.66,-0.0504,90.81,0.1666,41.83,1,0,0,1
92.16,-0.4923,81.57,0.0459,44.41,2,0,0,2
93.11,0.2043,89.47,-0.0167,36.23,0,0,0,0
90.02,-0.159,93.72,0.1008,62.05,0,0,1,1
87.74,-0.2083,76.5,0.0949,45.36,0,2,0,2
52.49,0.7728,49.92,0.054,81.91,3,3,3,3
145.37,-0.0937,135.64,0.0483,32.03,3,3,0,3
84.79,-0.4462,87.74,-0.1489,41.82,2,0,0,2
106.51,0.2188,90.74,-0.1133,44.85,1,0,0,1
87.15,0.2012,80.95,0.0668,32.24,0,0,0,0
90.62,-0.4832,87.74,-0.0528,40.36,2,0,0,2
81.22,-0.1507,82.51,0.0579,41.73,2,0,0,2
100.68,-0.6935,82.36,-0.163,37.52,3,0,0,3
113.66,-0.1907,88.04,-0.1394,41.3,1,0,0,1
99.8,-0.0853,94.73,-0.037,52.35,0,0,1,1
98.23,0.8277,79.51,-0.1432,37.49,3,3,0,3
89.59,-0.2205,89.98,0.2014,71.6,0,0,3,3
108.43,-0.0275,99.64,-0.0496,38.88,1,0,0,1
89.24,0.2098,94.37,-0.1056,46.45,0,0,0,0
91.66,-0.0051,91.32,0.0572,37.78,0,0,0,0
90.51,-0.0398,111.8,-0.0442,43.04,0,1,0,1
79.43,-0.3883,68.39,0.0987,17.46,2,2,2,2
92.14,-0.1602,84.97,-0.1212,63.53,0,0,1,1
89.59,-0.0394,108.44,0.0221,37.45,0,1,0,1
87.28,0.4936,89.92,0.0034,38.06,1,0,0,1
89.06,0.1498,95.5,-0.0676,37.4,0,0,0,0
93.08,-0.0757,97.88,-0.0522,78.65,0,0,3,3
104.22,0.4522,105.87,0.1138,55.78,1,1,1,1
89.9,-0.8271,85.97,-0.0243,43.01,3,0,0,3
95.76,-0.202,94.21,0.0339,38.0,0,0,0,0
75.8,-0.0772,84.02,-0.0204,39.18,2,0,0,2
93.72,0.0058,112.5,0.162,43.16,0,1,0,1
88.6,-0.2625,80.23,-0.0973,36.52,2,0,0,2
110.08,-0.0193,84.73,-0.0203,48.13,1,0,0,1
96.77,0.4269,86.28,-0.0033,35.45,1,0,0,1
97.3,0.3694,96.09,-0.0594,41.11,1,0,0,1
98.24,-0.3688,92.03,-0.0005,43.04,2,0,0,2
47.43,0.6458,52.79,-0.0237,69.18,3,3,3,3
94.51,-0.7369,93.02,0.0843,35.91,3,0,0,3
119.98,-0.1086,129.73,0.1602,29.48,3,3,3,3
88.29,-0.0034,67.45,-0.0554,36.96,0,2,0,2
45.66,0.0866,90.44,-0.1186,35.0,3,0,0,3
85.33,0.031,87.76,-0.228,45.4,0,0,0,0
95.47,-0.0823,93.02,-0.0263,35.21,0,0,0,0
82.91,-0.6205,89.76,-0.1243,44.61,3,0,0,3
99.24,0.0995,98.68,0.065,45.98,0,0,0,0
96.95,0.4572,86.03,0.0712,41.75,1,0,0,1
90.98,-0.0045,97.18,0.0679,42.61,0,0,0,0
82.07,-0.0953,95.18,0.0851,38.43,2,0,0,2
63.14,0.79,57.54,0.0311,80.49,3,3,3,3
93.24,0.4237,90.33,-0.0621,46.28,1,0,0,1
99.13,-0.17,110.94,0.1859,48.61,0,1,0,1
90.71,0.1287,82.99,0.0097,45.97,0,0,0,0
95.55,0.1188,84.66,-0.1383,40.62,0,0,0,0
92.32,0.2039,93.29,-0.1159,48.18,0,0,0,0
80.86,0.0244,91.5,-0.1412,38.07,2,0,0,2
93.31,0.1351,86.37,0.0181,33.91,0,0,0,0
89.2,-0.0882,87.19,0.1458,36.28,0,0,0,0
87.63,-0.0948,91.55,-0.0062,34.35,0,0,0,0
87.09,0.4222,99.07,-0.055,36.23,1,0,0,1
78.58,0.2206,81.55,0.1,38.51,2,0,0,2
87.48,0.0473,87.25,-0.1674,38.7,0,0,0,0
86.77,0.2445,90.88,-0.0091,35.2,1,0,0,1
92.47,0.0997,82.92,0.0114,44.65,0,0,0,0
97.23,-0.1481,84.35,0.0086,68.06,0,0,3,3
96.16,0.201,84.49,-0.016,39.03,0,0,0,0
114.14,0.0668,87.91,0.1261,44.55,1,0,0,1
88.64,-0.1128,77.32,-0.1281,32.03,0,2,0,2
97.32,-0.2711,87.88,-0.021,55.61,2,0,1,1
72.46,-0.3525,67.85,-0.1133,30.09,2,2,0,2
85.83,-0.1644,85.85,-0.0598,18.38,0,0,2,2
93.96,0.4937,91.07,0.0929,33.09,1,0,0,1
86.58,-0.002,112.38,0.0139,44.49,0,1,0,1
91.31,0.7456,77.65,0.1268,43.12,3,2,0,3
91.37,0.4145,78.59,0.0266,45.09,1,2,0,1
88.34,0.0002,86.62,0.0453,59.3,0,0,1,1
94.97,0.8658,90.26,0.0508,36.83,3,0,0,3
96.5,0.1541,88.48,0.0175,48.34,0,0,0,0
92.86,-0.5397,94.69,0.1212,36.84,2,0,0,2
99.07,-0.0239,90.41,-0.0695,19.85,0,0,2,2
64.54,0.0282,92.75,-0.0787,47.7,3,0,0,3
95.62,0.0252,110.54,-0.0213,49.04,0,1,0,1
115.99,0.3711,105.66,0.0117,59.93,1,1,1,1
88.8,-0.3196,93.21,-0.0762,45.66,2,0,0,2
102.56,0.1687,89.91,0.0644,39.2,1,0,0,1
86.29,-0.0967,92.92,0.04,61.02,0,0,1,1
94.98,0.0874,85.94,-0.1579,80.23,0,0,3,3
113.48,0.206,85.78,-0.1809,43.54,1,0,0,1
89.55,-0.4146,97.8,0.1693,45.23,2,0,0,2
49.95,0.7556,41.58,0.1165,75.92,3,3,3,3
99.17,0.0234,92.1,-0.0114,30.87,0,0,0,0
100.72,-0.4112,96.14,0.1358,38.4,2,0,0,2
103.88,-0.1087,98.69,-0.0388,43.15,1,0,0,1
97.94,0.0889,88.63,0.1438,43.71,0,0,0,0
66.15,0.6364,57.21,0.0478,80.36,3,3,3,3
97.38,-0.0376,90.75,0.018,43.31,0,0,0,0
89.72,0.1296,82.84,0.1087,41.29,0,0,0,0
96.98,0.4286,80.29,-0.0226,30.06,1,0,0,1
94.96,-0.2019,68.07,-0.0888,46.75,0,2,0,2
95.61,-0.356,84.26,-0.0401,36.84,2,0,0,2
88.26,-0.7284,91.29,-0.0895,46.81,3,0,0,3
90.82,-0.0209,81.31,-0.0112,35.32,0,0,0,0
96.44,-0.0244,93.65,-0.0428,35.96,0,0,0,0
85.01,-0.0305,84.65,0.1169,57.83,0,0,1,1
114.7,-0.1012,121.84,0.1177,51.51,1,3,1,3
101.07,0.0505,90.74,0.0327,81.57,1,0,3,3
87.38,0.4382,84.7,0.0219,40.63,1,0,0,1
39.32,0.7403,45.99,-0.0721,64.98,3,3,1,3
95.33,-0.2483,96.51,-0.0613,47.42,2,0,0,2
97.12,-0.6681,101.37,-0.0854,39.02,3,1,0,3
88.28,-0.0482,62.95,-0.0561,41.03,0,2,0,2
84.84,0.7095,94.89,-0.1604,35.21,3,0,0,3
82.61,0.2028,109.07,-0.1368,34.24,2,1,0,1
88.29,0.0343,95.43,0.1264,46.81,0,0,0,0
110.92,-0.1454,95.07,-0.1723,38.57,1,0,0,1
47.14,0.7387,46.88,0.0416,77.76,3,3,3,3
58.26,0.0646,79.02,0.0958,46.86,3,3,0,3
69.62,0.8189,33.47,0.0001,80.8,3,3,3,3
50.12,0.2336,86.1,-0.1684,33.7,3,0,0,3
87.34,0.0565,85.0,0.0975,42.7,0,0,0,0
94.34,-0.0067,88.27,-0.1388,27.57,0,0,2,2
87.31,0.4302,84.37,-0.149,37.5,1,0,0,1
91.12,-0.2526,76.68,-0.1486,44.53,2,2,0,2
92.68,0.2933,84.77,0.0175,86.12,1,0,3,3
96.34,-0.2326,90.56,0.0531,30.83,0,0,0,0
55.31,0.692,48.95,-0.115,81.95,3,3,3,3
96.43,0.1138,97.5,-0.0615,36.6,0,0,0,0
95.34,0.1546,85.65,-0.0052,44.31,0,0,0,0
90.06,-0.1876,97.04,-0.1118,36.84,0,0,0,0
89.39,0.2698,95.85,-0.1635,48.81,1,0,0,1
88.13,-0.1942,85.02,0.0243,30.18,0,0,0,0
59.38,0.8485,40.73,-0.0981,71.58,3,3,3,3
94.32,0.0681,102.9,-0.0461,40.29,0,1,0,1
49.05,0.5653,59.32,0.1431,70.35,3,3,3,3
86.14,-0.4914,86.41,-0.0311,32.93,2,0,0,2
97.4,-0.3206,90.05,-0.027,44.13,2,0,0,2
96.36,-0.4369,94.61,-0.0383,44.39,2,0,0,2
113.68,0.2841,103.52,0.0567,64.01,1,1,1,1
80.78,-0.3423,63.71,0.1149,23.04,2,2,2,2
100.65,0.2956,112.88,-0.1045,53.48,1,1,1,1
99.4,0.4879,91.95,0.2272,41.45,1,0,0,1
101.02,0.4581,110.13,-0.1137,61.39,1,1,1,1
92.12,0.2419,86.85,-0.0721,33.42,1,0,0,1
85.44,0.0086,102.78,-0.057,46.92,0,1,0,1
55.38,0.2183,94.12,0.0288,30.43,3,0,0,3
96.9,-0.1695,61.66,0.157,37.58,0,2,0,2
87.43,-0.2329,87.33,0.0482,61.89,0,0,1,1
96.52,0.0658,92.62,0.085,44.4,0,0,0,0
75.32,0.098,86.36,-0.0841,46.05,2,0,0,2
117.01,-0.2667,143.94,0.0739,34.89,2,3,0,3
91.33,-0.6086,96.68,0.0689,45.53,3,0,0,3
85.94,0.0125,96.15,-0.1423,79.5,0,0,3,3
80.65,-0.272,91.32,0.0844,31.16,2,0,0,2
74.08,0.1283,82.09,-0.0538,38.01,2,0,0,2
113.25,0.3718,103.25,-0.0397,56.56,1,1,1,1
99.34,0.1353,85.76,0.09,35.92,0,0,0,0
98.29,-0.5226,92.99,-0.0223,33.56,2,0,0,2
91.17,0.2241,81.73,-0.097,39.02,0,0,0,0
147.05,-0.1111,135.55,-0.164,36.71,3,3,0,3
95.67,0.4824,90.71,0.0276,34.83,1,0,0,1
93.52,-0.0896,64.83,0.0996,45.91,0,2,0,2
91.12,0.1874,97.27,-0.1309,45.53,0,0,0,0
95.12,0.4929,97.24,-0.1272,35.36,1,0,0,1
93.25,0.3836,86.32,-0.0292,39.11,1,0,0,1
90.03,-0.4533,84.45,0.0818,36.99,2,0,0,2
93.31,-0.1775,91.9,0.0826,49.31,0,0,0,0
59.61,0.5392,50.78,0.1402,82.39,1,3,3,3
99.38,-0.1708,95.85,0.1079,30.28,0,0,0,0
92.06,0.3898,83.02,0.0297,33.36,1,0,0,1
71.93,-0.0333,89.77,-0.0685,35.56,2,0,0,2
96.74,-0.1389,73.87,-0.1595,40.21,0,2,0,2
91.4,-0.1162,73.99,-0.0214,45.64,0,2,0,2
76.56,-0.102,91.14,-0.0658,34.18,2,0,0,2
87.79,-0.0703,69.35,-0.0177,41.04,0,2,0,2
106.89,0.0334,98.11,0.1615,45.32,1,0,0,1
88.81,0.1748,72.24,0.1043,48.32,0,2,0,2
89.65,-0.0058,99.58,-0.0966,20.49,0,0,2,2
93.65,-0.1155,73.21,-0.0008,43.27,0,2,0,2
85.73,0.174,105.01,0.1272,31.59,0,1,0,1
73.53,-0.2867,68.95,-0.0309,24.48,2,2,2,2
95.05,0.0748,93.12,0.0956,40.41,0,0,0,0
51.04,0.0122,100.91,0.1459,33.0,3,3,0,3
99.03,0.5356,80.8,-0.0394,40.85,1,0,0,1
106.15,0.2663,113.6,0.1168,58.61,1,1,1,1
98.77,-0.1352,69.88,-0.0141,42.15,0,2,0,2
50.65,0.5485,48.02,0.1538,72.18,1,3,3,3
133.94,0.0057,142.81,0.0161,28.64,3,3,2,3
65.65,0.5489,63.43,-0.0703,82.86,1,2,3,3
61.43,0.5417,39.38,-0.1872,71.34,1,3,3,3
76.71,0.0944,95.63,-0.0644,49.07,2,0,0,2
96.26,0.1637,74.4,-0.0068,44.39,0,2,0,2
93.4,-0.0681,86.0,0.1501,46.72,0,0,0,0
101.23,0.1272,97.61,-0.0948,36.96,1,0,0,1
51.9,0.023,78.77,-0.177,29.61,3,2,3,3
98.56,-0.2459,81.58,-0.0832,58.75,2,0,1,1
87.2,0.1009,96.42,-0.0878,33.06,0,0,0,0
88.19,-0.1588,85.85,0.0565,42.44,0,0,0,0
98.63,0.1424,90.46,-0.0437,79.69,0,0,3,3
87.56,-0.0289,97.93,0.0275,56.2,0,0,1,1
91.22,0.1504,82.43,-0.0518,83.77,0,0,3,3
109.87,0.109,98.8,0.0011,33.74,1,0,0,1
52.32,0.7243,37.02,-0.0609,73.2,3,3,3,3
83.59,0.1243,60.59,0.0422,38.55,2,2,0,2
86.81,0.0221,96.47,-0.2105,40.2,0,0,0,0
88.5,0.0402,93.33,0.0493,18.09,0,0,2,2
97.38,-0.13,61.67,-0.101,48.62,0,2,0,2
89.01,-0.1222,111.91,0.098,37.71,0,1,0,1
51.96,0.5877,42.91,-0.1903,73.63,3,3,3,3
98.18,0.3473,107.78,0.0633,57.45,1,1,1,1
98.88,-0.8421,96.92,-0.0567,39.09,3,0,0,3
90.66,-0.1495,72.86,-0.0535,33.02,0,2,0,2
93.12,-0.0722,95.81,0.0822,37.37,0,0,0,0
88.12,0.2117,83.49,-0.0769,45.04,0,0,0,0
88.33,-0.0562,87.88,0.0177,35.23,0,0,0,0
96.36,0.4677,82.66,-0.0197,32.88,1,0,0,1
73.59,0.0662,83.47,0.0593,37.22,2,0,0,2
88.91,0.148,84.99,-0.1718,28.24,0,0,2,2
88.86,-0.0426,94.19,-0.1349,43.67,0,0,0,0
89.9,-0.2247,108.08,0.0346,32.75,0,1,0,1
70.67,0.6755,45.51,0.1666,79.7,3,3,3,3
96.83,0.2088,95.72,-0.0756,40.28,0,0,0,0
92.23,0.1377,91.73,-0.0033,46.41,0,0,0,0
90.52,0.4987,92.97,-0.1395,42.85,1,0,0,1
90.05,-0.0387,74.18,0.1057,43.74,0,2,0,2
90.72,-0.0819,101.49,-0.1142,46.8,0,1,0,1
92.84,0.0195,86.29,-0.022,61.88,0,0,1,1
119.1,0.2351,125.42,-0.0127,42.26,3,3,0,3
47.03,0.6561,43.81,0.1008,66.34,3,3,3,3
94.53,0.7314,97.37,-0.0362,51.65,3,0,1,3
92.28,0.1529,97.08,-0.0659,33.71,0,0,0,0
45.75,0.7328,37.01,-0.1571,76.42,3,3,3,3
49.2,0.8493,52.71,0.0249,77.75,3,3,3,3
101.38,0.5142,90.56,0.1292,33.5,1,0,0,1
99.83,0.2318,82.22,0.0986,28.01,0,0,2,2
90.11,0.0902,96.7,-0.0636,69.09,0,0,3,3
107.92,0.0315,90.23,-0.0576,32.48,1,0,0,1
51.92,0.8653,57.81,-0.1137,65.76,3,3,3,3
90.06,0.1271,92.72,-0.0787,40.37,0,0,0,0
85.07,0.0285,108.24,0.2193,36.44,0,1,0,1
102.7,-0.0735,81.39,0.0272,54.54,1,0,1,1
94.29,0.2523,86.87,0.0354,41.54,1,0,0,1
118.87,-0.1394,131.11,0.033,42.33,3,3,0,3
128.36,0.0687,128.24,0.0051,49.88,3,3,0,3
87.71,0.0767,80.87,-0.1246,47.76,0,0,0,0
98.05,-0.0305,83.01,0.0749,45.88,0,0,0,0
57.75,0.7791,51.04,0.0491,79.71,3,3,3,3
109.67,-0.1957,87.0,-0.0987,43.09,1,0,0,1
88.86,0.3922,91.59,-0.068,45.23,1,0,0,1
45.4,0.1655,85.93,0.0877,37.31,3,0,0,3
90.8,0.1913,79.98,-0.0631,68.43,0,3,3,3
95.4,-0.5007,95.12,-0.1218,34.6,2,0,0,2
90.21,-0.136,82.7,-0.0148,27.36,0,0,2,2
55.04,0.7019,55.78,0.088,88.74,3,3,3,3
85.46,-0.1076,87.91,-0.0054,33.83,0,0,0,0
93.94,0.1624,105.1,-0.0441,33.77,0,1,0,1
90.75,0.1719,76.79,-0.1093,36.87,0,2,0,2
84.18,-0.3032,62.11,-0.1007,17.79,2,2,2,2
98.55,0.4149,93.23,0.0654,26.84,1,0,2,1
53.74,0.5549,53.85,0.0482,74.74,3,3,3,3
93.31,-0.8552,90.33,-0.1127,42.82,3,0,0,3
62.45,0.669,51.34,-0.0775,76.01,3,3,3,3
87.27,0.0931,95.52,-0.1614,33.09,0,0,0,0
113.64,0.5449,114.96,0.017,51.03,1,1,1,1
87.48,0.0305,82.68,0.098,34.66,0,0,0,0
108.72,0.3828,106.98,-0.0617,56.1,1,1,1,1
93.34,0.4751,95.3,-0.0455,36.71,1,0,0,1
132.36,0.3104,137.14,-0.0001,32.86,1,3,0,3
87.11,0.0525,80.26,-0.0242,33.98,0,0,0,0
78.49,0.1364,88.9,0.0027,28.17,2,0,2,2
96.57,0.7197,90.33,-0.0775,44.83,3,0,0,3
85.7,0.1175,104.88,-0.0298,48.68,0,1,0,1
95.58,-0.1823,107.96,-0.1255,44.06,0,1,0,1
93.56,-0.0563,80.86,-0.0239,36.18,0,0,0,0
51.58,-0.0035,79.06,0.0395,49.59,3,3,0,3
102.17,0.4805,97.8,0.0497,36.99,1,0,0,1
69.92,0.1315,99.73,0.135,35.08,3,0,0,3
97.93,-0.1063,61.26,0.1527,42.21,0,2,0,2
71.93,0.7766,56.67,0.0192,77.57,3,3,3,3
83.27,-0.2146,95.7,-0.0446,21.6,2,0,2,2
91.57,-0.7051,83.31,-0.1641,37.14,3,0,0,3
112.4,0.2375,95.37,0.0369,44.89,1,0,0,1
87.52,-0.045,84.97,0.0125,44.97,0,0,0,0
93.88,0.5453,89.26,-0.143,30.5,1,0,0,1
43.51,-0.0117,93.94,-0.1475,33.81,3,0,0,3
66.76,0.5309,48.42,-0.0962,65.15,1,3,3,3
90.61,0.2024,97.45,-0.0324,40.8,0,0,0,0
99.48,0.0881,93.03,0.0046,72.56,0,0,3,3
92.56,0.0204,61.74,-0.0049,41.49,0,2,0,2
97.0,0.0643,97.18,-0.0585,34.51,0,0,0,0
90.49,0.1685,84.2,0.0259,19.69,0,0,2,2
96.88,0.055,89.18,-0.1075,43.17,0,0,0,0
135.97,0.0956,124.01,0.1316,33.92,3,3,0,3
96.3,0.0447,84.55,-0.0292,63.86,0,0,1,1
112.03,0.0214,95.24,-0.0426,43.21,1,0,0,1
99.95,0.0633,81.2,0.0282,43.63,0,0,0,0
89.56,-0.0482,87.67,0.0038,72.89,0,0,3,3
96.3,-0.1971,97.85,0.1541,39.05,0,0,0,0
90.84,0.4556,86.93,0.0136,32.88,1,0,0,1
99.17,-0.1183,91.72,-0.1122,17.7,0,0,2,2
86.18,-0.4019,92.67,-0.0941,37.22,2,0,0,2
90.67,0.1989,89.61,0.1674,39.16,0,0,0,0
70.66,-0.3458,73.8,-0.0086,17.26,2,2,2,2
92.62,-0.6738,81.78,-0.1178,30.29,3,0,0,3
67.94,0.0515,88.88,0.1843,47.81,3,0,0,3
96.04,-0.3708,96.74,-0.1754,48.61,2,0,0,2
96.52,0.0731,83.78,0.0848,45.34,0,0,0,0
78.88,0.1149,95.37,0.1074,49.29,2,0,0,2
91.8,0.0289,80.3,-0.0621,45.99,0,0,0,0
65.65,-0.0734,84.1,0.1329,40.53,3,0,0,3
88.84,-0.4494,90.29,0.0661,33.39,2,0,0,2
94.09,-0.312,93.13,-0.2147,40.98,2,0,0,2
111.61,0.0002,86.65,-0.0414,35.12,1,0,0,1
81.78,-0.4463,71.94,0.064,28.68,2,2,2,2
52.22,0.0372,84.23,-0.1038,35.22,3,0,0,3
130.84,0.0388,121.1,0.0621,45.04,3,3,0,3
99.64,0.4292,103.23,-0.1409,54.2,1,1,1,1
139.83,0.0525,125.91,-0.126,49.82,3,3,0,3
92.4,0.2438,83.04,0.1555,73.36,1,0,3,3
94.13,-0.053,82.84,-0.0096,64.24,0,0,1,1
95.79,0.1901,80.27,-0.0188,31.96,0,0,0,0
117.63,0.165,146.51,0.1482,34.3,3,3,0,3
94.66,-0.6105,86.53,0.1396,39.81,3,0,0,3
97.48,0.116,86.74,0.1457,37.47,0,0,0,0
96.28,0.1049,90.98,0.019,33.17,0,0,0,0
47.54,0.1281,92.63,0.0852,41.55,3,0,0,3
111.4,0.257,107.88,-0.0221,56.6,1,1,1,1
94.9,0.2082,86.84,0.0529,35.25,0,0,0,0
97.2,0.0678,92.83,-0.1827,41.35,0,0,0,0
77.69,-0.257,90.96,0.0758,39.17,2,0,0,2
95.82,0.511,98.02,0.0821,49.72,1,0,0,1
97.88,0.1296,64.28,0.1001,41.89,0,2,0,2
114.42,0.5326,108.2,0.0472,54.45,1,1,1,1
97.98,0.0,81.46,-0.1107,45.87,0,0,0,0
99.18,0.0004,88.94,-0.1991,46.67,0,0,0,0
67.31,0.8048,40.11,-0.0485,79.09,3,3,3,3
91.15,0.1589,80.33,-0.0014,34.83,0,0,0,0
59.88,0.0581,86.16,0.0382,51.21,3,0,1,3
97.14,-0.0327,67.16,0.0391,34.84,0,2,0,2
85.73,0.5981,95.74,-0.0849,31.66,3,0,0,3
64.39,0.1129,96.59,-0.0306,41.86,3,0,0,3
95.24,0.8466,81.15,0.0278,41.58,3,0,0,3
99.01,-0.2415,78.53,0.0425,37.07,2,2,0,2
75.02,-0.1628,83.65,-0.1158,46.24,2,0,0,2
81.45,-0.3527,63.8,-0.068,26.15,2,2,2,2
90.58,-0.1442,84.41,-0.0186,19.91,0,0,2,2
91.51,-0.1595,85.4,0.1056,42.29,0,0,0,0
82.31,0.1277,98.36,0.1197,38.47,2,0,0,2
106.51,0.2019,84.49,0.0954,34.64,1,0,0,1
58.85,0.5415,46.24,0.1461,81.26,1,3,3,3
101.54,0.2948,89.4,0.0574,30.15,1,0,0,1
93.98,0.1784,85.12,0.0158,59.26,0,0,1,1
70.04,-0.0285,88.45,-0.0882,37.92,2,0,0,2
95.08,-0.1086,91.31,0.0835,26.54,0,0,2,2
93.19,0.2007,112.81,0.1111,41.7,0,1,0,1
95.82,-0.1842,81.02,-0.122,35.84,0,0,0,0
86.75,0.1182,84.01,0.0043,42.29,0,0,0,0
93.18,0.0937,64.31,0.0376,31.21,0,2,0,2
93.01,0.0553,83.72,0.0492,37.88,0,0,0,0
101.8,0.2975,110.23,0.0193,54.8,1,1,1,1
92.39,0.0151,92.56,0.0231,49.05,0,0,0,0
49.44,0.0183,89.44,-0.1406,30.88,3,0,0,3
106.18,0.198,99.21,0.0805,37.57,1,0,0,1
93.39,0.0055,88.91,-0.0365,30.91,0,0,0,0
85.4,-0.4147,93.1,0.0965,35.68,2,0,0,2
99.62,0.4524,95.09,0.0991,31.95,1,0,0,1
73.19,0.0049,94.1,0.1551,34.48,2,0,0,2
94.23,0.2679,106.41,-0.0194,40.62,1,1,0,1
96.55,0.0084,97.45,-0.1032,32.91,0,0,0,0
114.12,0.3457,109.88,0.1518,60.69,1,1,1,1
104.81,-0.1737,84.9,-0.0215,38.47,1,0,0,1
89.79,0.0782,96.29,-0.017,33.35,0,0,0,0
99.99,0.6928,88.13,-0.2078,35.77,3,0,0,3
95.81,0.3509,95.14,0.0634,49.81,1,0,0,1
76.22,-0.3141,63.76,0.0158,15.29,2,2,2,2
81.86,-0.3973,75.09,0.0389,15.97,2,2,2,2
92.82,-0.0436,106.91,-0.0637,32.04,0,1,0,1
99.76,0.1454,97.73,0.1793,40.15,0,0,0,0
60.97,0.802,53.11,0.1004,73.55,3,3,3,3
75.94,0.0966,96.39,-0.0324,41.06,2,0,0,2
86.06,0.1474,93.08,-0.2066,46.3,0,0,0,0
92.86,-0.7903,88.26,0.0121,46.89,3,0,0,3
88.18,0.2001,90.83,-0.0866,46.83,0,0,0,0
70.9,0.5776,51.75,-0.01,77.99,3,3,3,3
94.68,0.1702,93.32,-0.0418,19.47,0,0,2,2
108.19,0.4356,113.76,0.0156,57.08,1,1,1,1
143.59,0.2027,126.19,-0.0434,43.49,3,3,0,3
68.65,-0.0576,90.4,-0.0318,46.05,3,0,0,3
92.89,0.3966,86.24,0.0644,28.16,1,0,2,1
96.98,-0.1303,92.64,0.0492,43.63,0,0,0,0
104.86,-0.2305,88.96,-0.1188,33.2,1,0,0,1
89.87,0.0244,92.99,-0.1537,48.34,0,0,0,0
93.11,-0.2494,68.11,0.1395,30.54,2,2,0,2
73.87,-0.1064,95.48,-0.0637,28.65,2,0,2,2
92.05,0.152,99.45,-0.0298,53.18,0,0,1,1
89.87,-0.4236,92.78,-0.1041,46.67,2,0,0,2
85.79,-0.126,70.42,0.0521,33.01,0,2,0,2
50.08,0.5576,46.61,0.0527,75.9,3,3,3,3
95.77,0.112,97.17,-0.1443,33.83,0,0,0,0
93.01,-0.101,80.6,0.0648,26.54,0,0,2,2
57.6,0.7151,47.51,-0.0057,69.04,3,3,3,3
88.52,0.4568,91.16,-0.0309,35.99,1,0,0,1
85.1,0.0487,82.94,-0.0796,40.27,0,0,0,0
102.02,0.3233,108.38,-0.0024,51.15,1,1,1,1
93.5,-0.0465,80.91,-0.1433,56.97,0,0,1,1
86.27,-0.4718,89.55,-0.1265,36.58,2,0,0,2
79.91,-0.3244,60.63,-0.0944,30.41,2,2,0,2
97.5,0.0798,85.13,0.11,33.94,0,0,0,0
89.94,-0.1586,84.64,-0.049,72.92,0,0,3,3
72.33,0.1032,86.49,0.0612,41.88,2,0,0,2
88.68,0.103,83.01,0.1825,33.76,0,0,0,0
131.39,-0.1454,145.21,0.0217,30.53,3,3,0,3
90.67,-0.0561,93.66,-0.0493,46.33,0,0,0,0
71.65,-0.343,73.73,0.142,22.38,2,2,2,2
61.04,0.0587,81.54,-0.0867,43.6,3,0,0,3
132.42,-0.0712,119.77,-0.1743,51.55,3,3,1,3
95.01,0.2512,89.64,0.1247,39.62,1,0,0,1
99.61,0.4277,95.39,0.106,39.52,1,0,0,1
80.24,0.2026,83.35,-0.0364,46.73,2,0,0,2
87.65,-0.2648,91.44,0.011,37.26,2,0,0,2
86.37,-0.3306,71.5,-0.1502,49.08,2,2,0,2
87.9,-0.3463,92.12,-0.1281,40.43,2,0,0,2
54.45,0.657,44.59,-0.1077,67.99,3,3,3,3
86.22,0.4296,97.03,0.0901,39.91,1,0,0,1
96.5,-0.2062,95.58,-0.2053,75.73,0,0,3,3
63.59,0.9032,52.88,-0.078,82.96,3,3,3,3
96.66,0.1027,114.36,-0.1259,33.57,0,1,0,1
95.56,-0.0613,95.61,-0.0471,23.66,0,0,2,2
90.48,0.0113,92.34,-0.0239,35.69,0,0,0,0
83.74,0.401,85.64,-0.0058,34.04,1,0,0,1
114.36,0.1186,91.19,-0.126,38.29,1,0,0,1
101.88,0.4841,108.79,-0.1618,55.62,1,1,1,1
94.79,-0.3368,82.65,-0.2126,39.11,2,0,0,2
95.8,-0.1241,90.04,-0.027,41.25,0,0,0,0
97.97,0.037,110.51,0.1278,35.12,0,1,0,1
88.86,-0.3522,86.33,0.1096,34.23,2,0,0,2
90.9,0.1809,89.83,-0.1397,35.75,0,0,0,0
92.68,-0.1205,94.91,0.1294,44.49,0,0,0,0
70.28,-0.1308,99.86,0.1047,43.39,2,0,0,2
95.28,0.3246,102.67,0.0709,35.64,1,1,0,1
91.75,-0.142,82.9,-0.0123,43.21,0,0,0,0
88.4,-0.2987,91.96,-0.0794,49.2,2,0,0,2
91.41,-0.257,94.85,-0.1043,41.0,2,0,0,2
93.91,-0.1977,96.56,-0.0542,49.11,0,0,0,0
96.8,-0.0027,92.83,-0.1127,39.54,0,0,0,0
99.94,-0.0204,94.85,-0.1025,44.94,0,0,0,0
98.25,0.0164,63.58,0.0843,42.9,0,2,0,2
85.15,0.487,91.76,0.0306,35.3,1,0,0,1
133.17,0.1031,128.33,-0.1235,36.69,3,3,0,3
93.25,0.2089,86.29,0.1843,21.46,0,0,2,2
94.05,0.1816,111.33,0.0639,51.07,0,1,1,1
87.14,0.1214,85.69,0.0478,69.47,0,0,3,3
94.63,0.3797,86.41,0.0846,39.12,1,0,0,1
93.53,0.0431,99.86,0.0554,40.95,0,0,0,0
101.12,0.3932,87.15,0.03,37.44,1,0,0,1
89.37,-0.3404,96.63,-0.0268,38.78,2,0,0,2
96.04,-0.1918,93.64,0.013,28.85,0,0,2,2
83.53,0.1011,89.35,-0.0521,48.77,2,0,0,2
91.07,0.1336,109.0,-0.0485,42.57,0,1,0,1
85.88,-0.0439,85.8,-0.1071,21.81,0,0,2,2
85.3,-0.0962,97.47,0.108,38.24,0,0,0,0
83.82,-0.1586,95.83,-0.0998,37.08,2,0,0,2
132.93,0.0814,141.15,0.1486,53.87,3,3,1,3
55.88,0.81,40.23,-0.0179,70.51,3,3,3,3
91.3,0.0353,71.61,0.108,33.02,0,2,0,2
91.32,-0.1299,106.24,0.0993,43.39,0,1,0,1
96.84,0.2663,97.13,-0.1358,70.16,1,0,3,3
74.29,-0.314,91.83,-0.077,48.85,2,0,0,2
113.59,-0.1038,88.62,-0.0645,28.47,1,0,2,1
88.65,-0.1973,110.87,-0.0166,37.07,0,1,0,1
86.73,-0.533,83.18,0.1171,37.66,2,0,0,2
91.12,0.217,91.29,-0.0803,80.7,0,0,3,3
110.5,0.1774,86.46,0.0398,46.29,1,0,0,1
86.79,0.1321,90.73,-0.064,33.15,0,0,0,0
90.0,0.0076,92.41,-0.0137,23.06,0,0,2,2
86.67,-0.1198,81.69,0.0142,39.0,0,0,0,0
116.14,0.1618,142.81,-0.0783,46.86,3,3,0,3
93.69,0.1535,86.6,0.0707,33.39,0,0,0,0
90.33,0.0,85.76,-0.1184,57.19,0,0,1,1
92.21,-0.2109,74.18,0.1116,48.05,0,2,0,2
95.93,-0.7472,87.21,0.105,46.81,3,0,0,3
88.57,0.0601,94.07,-0.059,37.25,0,0,0,0
92.77,0.0832,99.43,0.1916,32.72,0,0,0,0
98.33,0.5384,82.1,0.1195,44.01,1,0,0,1
101.05,0.1381,81.46,0.098,32.45,1,0,0,1
108.74,-0.2335,85.93,-0.062,47.09,1,0,0,1
92.61,-0.2,88.35,0.1664,28.56,0,0,2,2
90.3,-0.0089,65.04,-0.0387,44.92,0,2,0,2
148.07,-0.133,142.56,0.155,49.59,3,3,0,3
90.99,-0.0387,102.47,0.0315,57.45,0,1,1,1
74.03,0.1237,95.14,-0.0374,41.87,2,0,0,2
48.95,0.0946,88.84,0.1637,40.75,3,0,0,3
90.74,0.6042,84.53,0.0233,43.61,3,0,0,3
86.99,0.2831,91.79,-0.0861,38.19,1,0,0,1
59.47,0.8262,53.86,0.0845,80.15,3,3,3,3
85.97,-0.2531,111.78,0.0948,34.67,2,1,0,1
98.07,0.4793,98.13,-0.0857,40.08,1,0,0,1
98.84,0.3121,90.36,-0.1149,32.07,1,0,0,1
94.51,-0.7493,91.49,-0.1723,39.1,3,0,0,3
64.17,0.8431,39.53,-0.066,82.75,3,3,3,3
90.5,-0.5165,88.92,0.1165,47.49,2,0,0,2
89.35,-0.567,90.44,0.1261,43.78,3,0,0,3
105.49,0.0812,77.2,-0.1239,40.91,1,2,0,1
99.21,0.1522,81.5,0.1029,77.2,0,0,3,3
92.61,0.0284,89.88,0.149,23.85,0,0,2,2
95.4,0.8382,99.33,-0.0171,45.03,3,0,0,3
86.47,0.3124,84.18,-0.017,70.89,1,0,3,3
93.36,-0.1799,76.71,-0.1504,48.02,0,2,0,2
88.88,-0.5392,91.2,-0.1373,44.43,2,0,0,2
87.19,0.5062,89.41,-0.1405,41.99,1,0,0,1
70.82,0.5022,37.99,0.0139,75.73,1,3,3,3
87.59,-0.3534,96.05,0.1106,33.93,2,0,0,2
97.13,0.2643,110.09,0.0942,42.21,1,1,0,1
91.69,-0.4633,89.2,0.1253,41.59,2,0,0,2
89.8,-0.3878,91.23,0.0764,25.81,2,0,2,2
95.92,0.4202,93.19,0.0065,32.78,1,0,0,1
93.23,0.0679,98.67,-0.1318,33.18,0,0,0,0
93.02,0.1576,95.27,0.0499,44.83,0,0,0,0
124.49,0.0931,135.44,-0.063,34.39,3,3,0,3
93.02,-0.0322,61.56,-0.0998,36.58,0,2,0,2
58.09,0.6887,54.1,-0.0737,75.48,3,3,3,3
91.19,0.0657,61.59,0.0643,33.59,0,2,0,2
44.97,0.6685,58.09,-0.1702,67.03,3,3,3,3
87.18,0.5728,84.68,-0.0352,42.97,3,0,0,3
83.38,0.1082,98.34,0.0699,48.02,2,0,0,2
93.05,-0.0864,84.61,-0.0401,38.43,0,0,0,0
92.77,0.6898,93.58,0.0718,32.95,3,0,0,3
100.0,-0.1869,83.45,0.1088,80.61,0,0,3,3
92.64,0.4996,81.1,0.0007,36.24,1,0,0,1
98.37,0.1699,85.3,0.0504,35.63,0,0,0,0
92.52,-0.6923,94.02,0.0098,29.45,3,0,3,3
94.78,0.0581,86.64,0.0352,35.52,0,0,0,0
109.22,-0.1646,96.01,0.1202,31.84,1,0,0,1
90.42,-0.0547,82.74,0.0195,31.22,0,0,0,0
90.43,0.054,110.98,-0.1399,38.41,0,1,0,1
90.25,0.0437,85.62,-0.1855,43.46,0,0,0,0
94.14,0.0663,105.46,0.1786,34.28,0,1,0,1
92.91,0.0556,82.33,0.1125,48.94,0,0,0,0
87.97,-0.1635,91.45,-0.0781,43.71,0,0,0,0
41.93,0.8558,51.77,-0.1918,72.48,3,3,3,3
93.92,0.167,90.05,0.0913,78.95,0,0,3,3
97.27,-0.0996,84.57,0.0758,22.95,0,0,2,2
94.51,0.088,82.43,-0.0087,36.06,0,0,0,0
87.23,0.0987,85.85,0.0852,30.21,0,0,0,0
67.25,0.9244,41.8,0.0668,74.68,3,3,3,3
138.38,-0.0463,124.62,0.0388,42.44,3,3,0,3
118.32,-0.0468,131.49,-0.1976,31.15,3,3,0,3
93.37,0.7728,83.83,0.0134,43.08,3,0,0,3
87.67,0.1712,84.82,0.0834,40.81,0,0,0,0
72.57,-0.3142,76.48,0.0158,15.48,2,2,2,2
97.16,0.1555,72.97,-0.1229,45.63,0,2,0,2
99.78,-0.148,89.29,0.0452,28.9,0,0,2,2
88.37,0.1481,82.23,-0.0318,41.45,0,0,0,0
97.3,-0.2296,93.1,-0.0013,49.79,0,0,0,0
65.14,0.0409,100.65,-0.0571,45.07,3,3,0,3
140.12,-0.1702,121.21,-0.1212,27.17,3,3,2,3
85.3,0.1971,85.06,-0.0474,66.9,0,0,3,3
92.6,-0.0844,82.36,-0.0896,34.51,0,0,0,0
77.03,-0.3304,66.04,0.0821,17.94,2,2,2,2
96.44,0.1012,79.0,0.029,30.31,0,2,0,2
90.87,0.3747,83.04,0.1045,30.47,1,0,0,1
99.73,-0.0865,102.7,-0.1539,35.06,0,1,0,1
58.82,0.6665,39.52,-0.2536,71.07,3,3,3,3
84.68,-0.4137,94.77,-0.0238,46.16,2,0,0,2
49.64,0.0342,101.48,0.1033,50.84,3,1,3,3
96.33,-0.6112,97.45,0.1078,34.18,3,0,0,3
101.89,0.3863,93.3,0.0671,47.05,1,0,0,1
95.82,0.0615,80.3,-0.061,36.28,0,0,0,0
83.22,-0.4919,82.67,-0.0706,39.51,2,0,0,2
85.48,-0.138,90.3,-0.2305,36.94,0,0,0,0
97.22,0.1721,75.02,0.0659,30.87,0,2,0,2
76.37,-0.4256,69.7,0.1357,20.56,2,2,2,2
93.27,-0.0347,78.88,-0.0345,40.55,0,2,0,2
96.65,0.0546,88.94,0.0617,42.13,0,0,0,0
88.56,0.0355,111.29,-0.0149,47.08,0,1,0,1
104.47,-0.1276,93.48,-0.1409,33.66,1,0,0,1
59.46,0.8415,36.13,-0.098,75.25,3,3,3,3
57.43,-0.0056,101.63,-0.226,37.03,3,1,0,3
89.71,-0.1404,83.08,0.1317,33.78,0,0,0,0
95.84,-0.0085,94.8,0.0971,44.71,0,0,0,0
97.82,0.202,88.6,0.1418,51.8,0,0,1,1
70.87,-0.535,64.34,-0.0823,17.69,2,2,2,2
69.81,-0.3589,63.83,0.0498,17.85,2,2,2,2
105.86,0.0619,101.34,0.1038,38.97,1,1,0,1
101.88,-0.5318,96.27,0.0095,33.84,2,0,0,2
94.71,0.6771,86.66,0.0557,54.01,3,0,1,3
70.25,-0.3399,74.42,0.0555,17.67,2,2,2,2
98.7,-0.0426,101.88,0.0572,48.27,0,1,0,1
97.55,-0.0739,84.13,0.1232,40.55,0,0,0,0
101.09,0.4741,89.63,-0.0406,32.82,1,0,0,1
94.26,0.165,86.14,-0.1267,67.35,0,0,3,3
88.25,0.3565,86.31,-0.1287,33.7,1,0,0,1
91.59,0.1322,96.39,0.0985,39.84,0,0,0,0
100.26,0.3759,95.42,0.0755,48.95,1,0,0,1
44.37,0.7678,44.55,0.0479,69.26,3,3,3,3
92.53,-0.421,84.52,0.0426,32.3,2,0,0,2
77.97,0.1335,80.07,-0.0145,26.09,2,0,2,2
88.83,-0.0999,94.53,-0.1008,41.24,0,0,0,0
93.39,0.1626,69.13,0.1818,43.54,0,2,0,2
90.16,0.1921,84.6,0.004,43.64,0,0,0,0
112.62,0.5181,108.34,0.0331,52.51,1,1,1,1
92.73,0.0446,84.93,0.1203,44.88,0,0,0,0
94.11,0.124,78.62,-0.0358,35.91,0,2,0,2
92.07,0.4271,86.89,0.2375,39.15,1,0,0,1
102.05,0.3619,94.8,0.0603,44.49,1,0,0,1
65.81,0.5004,36.91,-0.0064,84.93,1,3,3,3
93.84,-0.8615,88.61,-0.1091,37.46,3,0,0,3
98.01,0.2176,65.45,0.1856,45.23,0,2,0,2
94.07,0.4985,80.43,-0.1532,40.77,1,0,0,1
92.84,0.3965,92.68,0.058,49.09,1,0,0,1
62.2,0.5739,38.63,-0.2089,78.13,3,3,3,3
90.38,-0.222,88.29,-0.0862,39.24,0,0,0,0
101.97,0.4721,90.65,0.0681,43.99,1,0,0,1
106.7,0.1517,82.67,-0.0752,31.45,1,0,0,1
93.12,-0.0713,85.49,0.0335,47.96,0,0,0,0
93.13,-0.3935,87.27,0.1909,32.16,2,0,0,2
80.97,0.1595,93.64,-0.2057,37.19,2,0,0,2
89.77,0.0587,98.84,-0.1021,67.88,0,0,3,3
88.22,0.2622,86.89,0.0374,41.22,1,0,0,1
94.54,-0.0659,82.94,-0.055,40.65,0,0,0,0
106.97,-0.09,85.12,0.1711,36.0,1,0,0,1
90.06,0.0837,82.92,0.1203,45.15,0,0,0,0
93.13,-0.1264,81.88,-0.098,30.85,0,0,0,0
111.03,0.166,123.1,-0.0912,51.54,1,3,1,3
86.99,-0.1739,83.05,0.0079,45.49,0,0,0,0
101.09,-0.7704,90.49,0.1372,50.82,3,0,3,3
96.04,0.0869,90.33,0.1385,46.27,0,0,0,0
86.33,-0.0131,78.52,0.0705,47.77,0,2,0,2
95.43,-0.0755,83.19,0.0065,38.79,0,0,0,0
98.32,0.0471,68.59,-0.0815,38.18,0,2,0,2
88.74,-0.0447,94.1,0.0677,75.54,0,0,3,3
95.49,0.2255,88.11,-0.1321,39.89,0,0,0,0
87.29,0.2522,91.73,-0.1405,37.87,1,0,0,1
132.73,-0.2067,124.42,-0.127,32.1,3,3,0,3
99.2,-0.2086,93.66,0.006,44.64,0,0,0,0
108.5,0.2485,81.46,-0.062,40.7,1,0,0,1
100.72,0.4706,104.03,-0.0116,59.41,1,1,1,1
93.16,0.1919,94.98,0.0626,48.83,0,0,0,0
98.25,-0.1045,83.04,-0.1039,40.53,0,0,0,0
95.85,-0.1517,82.63,0.189,25.23,0,0,2,2
97.36,0.2107,81.05,-0.0775,71.77,0,0,3,3
89.12,-0.6692,96.88,-0.0224,47.3,3,0,0,3
61.3,-0.0911,100.05,-0.1092,39.61,3,3,0,3
92.09,0.154,88.84,0.0278,31.63,0,0,0,0
93.31,-0.3878,94.38,0.1908,40.26,2,0,0,2
92.57,0.6333,78.93,-0.2038,38.42,3,2,0,3
91.1,0.6193,92.23,0.0029,32.11,3,0,0,3
85.21,0.189,91.46,0.0778,39.72,0,0,0,0
91.25,0.7642,90.86,-0.0609,31.26,3,0,0,3
99.0,0.0602,83.93,0.0663,38.46,0,0,0,0
87.39,0.0588,97.09,-0.0184,27.66,0,0,2,2
93.8,-0.2015,107.22,-0.1389,30.09,0,1,0,1
94.43,-0.061,85.33,0.0529,45.32,0,0,0,0
87.89,-0.4003,93.88,-0.0004,37.89,2,0,0,2
104.35,-0.1995,94.47,-0.0972,28.6,1,0,2,1
95.21,0.1372,86.78,-0.1225,39.22,0,0,0,0
96.47,-0.1158,72.83,0.0201,44.27,0,2,0,2
68.11,0.8593,53.37,-0.2508,74.76,3,3,3,3
86.15,0.1198,80.78,0.0631,34.72,0,0,0,0
97.44,0.6678,89.57,-0.1351,30.94,3,0,0,3
88.85,0.2887,98.58,-0.0968,49.79,1,0,0,1
58.1,0.8171,51.8,0.0959,79.73,3,3,3,3
85.85,0.8313,95.56,-0.0028,33.46,3,0,0,3
56.37,0.8927,48.64,0.013,78.11,3,3,3,3
98.82,0.0217,93.87,-0.1305,46.14,0,0,0,0
60.04,-0.0335,79.25,-0.1577,49.98,3,3,0,3
96.36,0.1898,86.34,-0.0493,70.81,0,0,3,3
96.61,-0.0229,109.46,0.006,47.56,0,1,0,1
80.12,-0.1149,92.73,0.0606,36.58,2,0,0,2
94.82,0.095,84.12,-0.1292,67.41,0,0,3,3
92.64,0.0673,92.57,-0.0036,47.79,0,0,0,0
67.9,0.5842,46.07,0.1397,83.47,3,3,3,3
99.78,-0.0604,87.21,-0.0132,43.62,0,0,0,0
83.1,-0.3036,71.64,0.0417,23.84,2,2,2,2
86.43,-0.0367,88.16,0.0915,31.6,0,0,0,0
86.87,-0.1698,63.64,-0.1754,44.41,0,2,0,2
99.39,-0.1601,64.04,0.0843,40.98,0,2,0,2
96.9,-0.1678,83.76,0.0505,55.14,0,0,1,1
97.16,-0.3195,82.04,0.1021,46.07,2,0,0,2
90.03,-0.0432,63.55,0.0499,35.0,0,2,0,2
91.39,-0.5943,94.2,-0.1166,39.07,3,0,0,3
107.45,-0.1865,85.57,0.0606,43.6,1,0,0,1
114.44,-0.1651,84.42,0.1083,37.23,1,0,0,1
86.27,0.2328,87.63,0.0496,40.21,0,0,0,0
52.36,0.5816,49.36,0.0529,69.04,3,3,3,3
106.12,-0.0183,95.93,-0.1514,32.57,1,0,0,1
95.59,0.1662,85.0,-0.0328,22.47,0,0,2,2
96.92,-0.0418,92.19,0.1037,46.65,0,0,0,0
82.0,0.1337,96.9,0.1579,35.31,2,0,0,2
86.8,0.0742,64.94,0.088,45.01,0,2,0,2
92.37,-0.0418,97.26,0.003,34.15,0,0,0,0
82.71,-0.7945,102.52,-0.169,34.36,3,1,0,3
103.01,-0.0051,85.27,0.036,38.23,1,0,0,1
66.28,0.4371,39.7,-0.0144,73.24,1,3,3,3
84.89,-0.9368,95.89,0.1436,45.14,3,0,0,3
94.18,0.1178,99.27,-0.0748,19.13,0,0,2,2
86.58,-0.1373,103.12,-0.1129,32.97,0,1,0,1
80.78,-0.1135,96.98,-0.0306,47.8,2,0,0,2
87.23,-0.2123,94.3,0.0561,25.08,0,0,2,2
88.21,0.1344,91.95,0.0817,42.88,0,0,0,0
93.91,-0.0347,101.33,0.0418,41.4,0,1,0,1
106.14,-0.1273,96.79,-0.0725,32.19,1,0,0,1
80.91,-0.1567,84.83,-0.0505,39.72,2,0,0,2
86.93,0.3709,87.59,0.0541,42.13,1,0,0,1
78.36,-0.0828,87.93,-0.0863,38.14,2,0,0,2
60.84,0.9008,43.42,0.087,70.22,3,3,3,3
95.28,-0.2751,82.6,-0.0217,41.25,2,0,0,2
68.71,0.0708,92.8,0.002,41.97,3,0,0,3
89.66,-0.383,94.79,0.0198,34.73,2,0,0,2
66.58,0.8731,50.02,0.1702,76.38,3,3,3,3
87.82,0.0467,95.19,0.0972,60.16,0,0,1,1
91.58,-0.6128,80.08,-0.0609,37.52,3,0,0,3
92.67,-0.1002,85.5,0.1028,22.53,0,0,2,2
96.07,-0.2108,77.54,0.1753,79.61,0,2,3,3
92.61,-0.0118,88.16,-0.0667,46.18,0,0,0,0
93.1,-0.2066,88.3,0.0618,40.58,0,0,0,0
56.16,-0.0077,88.98,0.0018,47.72,3,0,0,3
94.91,0.1792,76.91,-0.0747,37.54,0,2,0,2
73.34,-0.213,95.04,0.0355,38.29,2,0,0,2
103.25,0.7698,80.27,0.0327,32.8,3,0,0,3
88.22,0.1242,103.29,0.0119,40.2,0,1,0,1
103.46,0.8366,81.8,0.1536,31.97,3,0,0,3
54.36,-0.0432,91.91,0.0949,49.22,3,0,0,3
84.19,0.5108,82.66,-0.084,42.97,1,0,0,1
111.17,-0.123,105.25,-0.0181,33.89,1,1,0,1
87.9,0.4599,85.76,-0.0327,45.32,1,0,0,1
91.81,-0.1358,83.87,-0.1635,30.93,0,0,0,0
92.18,0.1847,114.61,-0.142,43.85,0,1,0,1
89.86,0.4888,93.69,-0.0957,48.09,1,0,0,1
107.88,-0.0538,94.22,0.014,30.41,1,0,0,1
80.57,0.1036,85.65,0.0474,36.01,2,0,0,2
87.51,0.0751,83.58,0.1191,33.24,0,0,0,0
90.34,0.7598,99.72,-0.0161,30.71,3,0,0,3
102.6,0.0607,88.11,-0.074,35.98,1,0,0,1
90.52,-0.0265,94.56,0.1032,44.25,0,0,0,0
88.46,0.1735,114.42,0.1281,48.47,0,1,0,1
95.68,-0.201,92.15,-0.0761,48.44,0,0,0,0
93.8,0.2631,94.53,0.0601,41.59,1,0,0,1
91.65,0.1162,111.36,-0.0557,51.69,0,1,1,1
96.45,-0.0649,90.14,-0.1998,25.1,0,0,2,2
101.22,-0.4878,81.85,0.1068,47.21,2,0,0,2
97.5,-0.172,88.14,0.1234,40.03,0,0,0,0
89.6,-0.4302,88.98,-0.0364,30.11,2,0,0,2
96.08,0.1758,87.04,0.0679,34.31,0,0,0,0
75.53,-0.5318,67.04,0.0081,22.66,2,2,2,2
116.27,0.2893,108.96,-0.0355,61.5,1,1,1,1
87.14,0.1948,93.99,0.0409,37.93,0,0,0,0
110.3,0.3418,109.78,0.111,53.03,1,1,1,1
98.81,0.4744,82.12,-0.0424,33.97,1,0,0,1
75.98,-0.2264,87.35,0.0905,46.03,2,0,0,2
89.64,0.0851,87.6,0.0498,46.89,0,0,0,0
91.64,-0.036,86.31,0.0557,16.49,0,0,2,2
87.31,-0.1241,60.34,-0.1383,40.45,0,2,0,2
70.67,-0.4004,70.07,-0.0962,26.08,2,2,2,2
99.11,0.119,99.36,-0.0583,37.25,0,0,0,0
93.34,-0.0984,78.68,0.0827,37.83,0,2,0,2
118.2,0.1757,129.5,0.0494,37.05,3,3,0,3
57.21,-0.1279,90.46,-0.1527,42.58,3,0,0,3
99.47,0.4269,103.55,-0.0095,59.49,1,1,1,1
91.16,-0.1988,95.35,0.1417,55.5,0,0,1,1
91.8,0.3817,85.39,0.0514,32.8,1,0,0,1
137.92,-0.0676,131.64,0.0964,41.96,3,3,0,3
89.5,0.6263,82.15,0.1386,33.05,3,0,0,3
99.26,-0.6936,82.75,-0.1887,49.55,3,0,0,3
90.07,0.1785,68.43,-0.0174,47.9,0,2,0,2
89.9,0.0557,92.21,-0.0647,33.1,0,0,0,0
131.07,-0.125,145.87,0.1797,42.16,3,3,0,3
64.4,0.6054,50.1,0.0669,71.91,3,3,3,3
95.52,-0.2992,96.14,-0.1021,31.85,2,0,0,2
111.59,0.1975,95.97,-0.084,38.83,1,0,0,1
91.27,-0.1912,83.68,0.0974,33.56,0,0,0,0
47.79,0.8639,42.57,0.0703,82.01,3,3,3,3
91.87,0.1458,82.87,0.074,63.44,0,0,1,1
88.71,-0.462,93.76,0.0838,49.39,2,0,0,2
90.08,0.5297,82.85,-0.0657,41.67,1,0,0,1
99.62,0.0495,77.09,0.061,37.52,0,2,0,2
84.88,-0.3511,93.09,0.0903,33.2,2,0,0,2
95.44,0.1633,80.57,-0.0454,43.07,0,0,0,0
69.47,0.8022,56.15,0.022,65.81,3,3,3,3
135.55,0.1774,121.79,-0.1229,36.41,3,3,0,3
88.78,0.4874,85.14,0.086,32.63,1,0,0,1
52.12,0.6112,44.27,0.0189,74.75,3,3,3,3
87.72,-0.2541,89.84,-0.0154,38.18,2,0,0,2
78.69,0.1324,94.02,0.0979,44.16,2,0,0,2
57.87,0.8897,50.57,0.2115,69.68,3,3,3,3
62.7,0.5547,55.12,-0.072,81.18,3,3,3,3
89.68,-0.1153,69.17,-0.0814,49.31,0,2,0,2
91.44,-0.2143,65.61,-0.1042,28.36,0,2,2,2
90.77,0.105,103.02,0.1312,52.03,0,1,1,1
94.65,-0.0822,86.14,-0.1238,40.0,0,0,0,0
53.26,0.1426,81.93,-0.057,40.15,3,0,0,3
55.16,0.7291,33.44,-0.068,77.4,3,3,3,3
79.4,-0.2219,80.45,0.1019,45.67,2,0,0,2
95.25,-0.3515,98.8,0.0424,30.24,2,0,0,2
54.25,0.1606,102.95,0.0928,45.15,3,1,0,3
86.97,0.0051,95.26,-0.1789,78.87,0,0,3,3
95.51,0.6353,98.29,0.0434,29.13,3,0,3,3
87.48,-0.0627,94.55,-0.0965,49.17,0,0,0,0
95.14,0.2139,83.98,-0.0013,49.66,0,0,0,0
140.28,0.008,134.07,0.0641,33.15,3,3,0,3
101.38,-0.1242,87.52,0.0964,36.65,1,0,0,1
94.08,-0.084,96.41,-0.1947,26.84,0,0,2,2
95.5,0.144,81.74,0.1012,43.36,0,0,0,0
140.87,0.1781,120.56,-0.129,43.3,3,3,0,3
88.88,-0.7667,83.18,-0.0599,45.58,3,0,0,3
86.12,0.4204,88.22,-0.0869,33.87,1,0,0,1
88.4,0.2159,64.25,-0.1665,37.05,0,2,0,2
83.82,0.5848,88.71,0.0894,39.23,3,0,0,3
86.01,-0.0045,107.0,-0.1185,47.51,0,1,0,1
87.49,0.4432,99.13,-0.1379,43.62,1,0,0,1
94.04,0.028,92.82,-0.1001,58.43,0,0,1,1
85.19,0.8592,87.27,0.0859,36.07,3,0,0,3
56.0,0.6115,49.68,0.1408,80.1,3,3,3,3
94.11,-0.263,85.92,0.0388,80.34,2,0,3,3
81.84,-0.1177,76.33,0.0518,48.22,2,2,0,2
53.33,0.7084,46.04,-0.0082,63.6,3,3,1,3
91.38,0.6867,87.38,-0.0158,34.59,3,0,0,3
58.34,0.0926,99.64,-0.0548,46.35,3,0,0,3
92.28,0.4258,90.98,-0.1148,35.95,1,0,0,1
90.48,-0.4531,82.28,0.1131,44.75,2,0,0,2
89.79,0.322,89.14,0.0372,40.93,1,0,0,1
95.4,0.422,101.27,0.0445,44.27,1,1,0,1
99.92,0.2353,104.43,0.1155,45.47,0,1,0,1
71.71,0.0122,97.72,-0.1101,46.45,2,0,0,2
75.59,-0.3219,74.51,-0.0202,22.8,2,2,2,2
113.99,-0.0067,88.75,-0.1667,37.88,1,0,0,1
56.89,0.6577,62.01,0.0313,77.52,3,2,3,3
88.06,0.1209,80.88,-0.0039,41.68,0,0,0,0
94.6,-0.2765,89.49,0.0878,82.78,2,0,3,3
89.4,-0.3178,84.03,-0.1322,39.3,2,0,0,2
93.27,0.0559,88.23,0.0892,58.04,0,0,1,1
94.85,0.1485,97.55,0.1294,64.52,0,0,1,1
92.57,0.1097,61.75,-0.0407,45.61,0,2,0,2
47.06,0.8378,37.49,-0.1323,79.61,3,3,3,3
86.48,0.0621,85.69,-0.1112,43.65,0,0,0,0
96.64,-0.1545,98.37,0.0439,51.34,0,0,1,1
90.75,0.0277,98.36,0.1228,42.52,0,0,0,0
98.99,0.087,96.29,-0.168,47.65,0,0,0,0
93.67,0.2822,81.25,0.0365,69.88,1,0,3,3
96.04,-0.129,94.2,-0.0651,37.75,0,0,0,0
94.86,-0.1541,66.93,0.1078,45.06,0,2,0,2
99.79,-0.1482,92.19,-0.2342,47.09,0,0,0,0
95.84,-0.2671,86.14,-0.0302,33.95,2,0,0,2
91.79,0.0395,92.68,-0.1106,34.98,0,0,0,0
86.75,-0.1026,91.21,0.1297,36.41,0,0,0,0
97.27,-0.3103,85.97,0.0071,44.4,2,0,0,2
97.98,-0.1644,101.83,0.1019,35.09,0,1,0,1
54.33,0.935,50.21,-0.0649,69.23,3,3,3,3
96.13,0.8995,99.37,-0.0527,37.76,3,0,0,3
93.46,0.4627,88.12,-0.1506,37.36,1,0,0,1
109.54,0.0939,91.31,-0.1021,40.71,1,0,0,1
97.26,-0.1217,101.63,-0.0217,27.49,0,1,2,1
87.44,0.2117,85.8,-0.0785,37.38,0,0,0,0
53.07,0.7959,52.5,0.05,70.49,3,3,3,3
95.67,0.0287,66.23,0.0364,30.71,0,2,0,2
94.73,0.4439,95.18,-0.1264,38.85,1,0,0,1
119.8,-0.1356,138.71,-0.1447,29.49,3,3,3,3
100.22,-0.3073,91.7,0.0663,42.31,2,0,0,2
58.23,0.6353,37.97,-0.0235,84.09,3,3,3,3
93.32,-0.1532,83.7,-0.0945,37.33,0,0,0,0
75.68,0.0961,97.78,0.1076,43.97,2,0,0,2
97.13,0.4335,77.34,-0.0518,40.43,1,2,0,1
91.54,0.1814,87.93,-0.1123,19.17,0,0,2,2
95.96,0.1169,92.75,-0.0133,16.92,0,0,2,2
67.85,0.6857,52.62,-0.0475,77.48,3,3,3,3
127.0,-0.2046,127.46,-0.01,30.0,3,3,0,3
93.6,0.1113,94.53,-0.0151,47.15,0,0,0,0
89.07,0.5854,97.6,-0.1679,29.82,3,0,3,3
88.36,0.7366,81.94,-0.053,41.07,3,0,0,3
89.8,0.2361,90.16,0.1671,37.82,0,0,0,0
90.56,0.2427,86.02,0.0197,37.8,1,0,0,1
114.58,-0.083,91.57,0.0189,31.44,1,0,0,1
97.51,-0.0427,82.86,0.0874,76.09,0,0,3,3
123.38,0.131,124.54,-0.0694,42.06,3,3,0,3
87.6,0.4275,96.84,0.1254,43.28,1,0,0,1
99.34,0.0864,93.97,0.0959,43.01,0,0,0,0
84.33,-0.3084,95.22,0.0646,45.58,2,0,0,2
100.73,0.4847,91.88,0.0649,37.14,1,0,0,1
55.54,0.734,56.71,-0.0317,73.19,3,3,3,3
97.17,-0.1783,95.83,-0.1238,39.22,0,0,0,0
98.21,-0.0386,84.75,-0.0224,35.98,0,0,0,0
131.18,0.0441,125.46,0.1064,42.14,3,3,0,3
77.2,-0.1074,82.3,-0.0058,34.03,2,0,0,2
85.72,0.8733,91.24,0.0893,47.19,3,0,0,3
95.69,-0.1432,84.51,-0.1289,49.23,0,0,0,0
90.23,0.0132,88.71,0.0026,31.97,0,0,0,0
98.31,-0.1659,93.51,0.1411,31.06,0,0,0,0
96.18,0.0949,89.37,0.1813,39.23,0,0,0,0
91.64,0.159,93.24,0.1349,44.01,0,0,0,0
101.0,-0.5252,99.74,0.1086,43.03,2,0,0,2
93.68,0.6324,95.09,0.123,36.91,3,0,0,3
88.9,-0.2743,88.33,0.1848,33.11,2,0,0,2
97.12,-0.1711,87.34,0.0039,68.96,0,0,3,3
96.64,0.1943,93.01,0.0299,39.48,0,0,0,0
95.06,-0.0215,114.72,-0.0632,46.57,0,1,0,1
91.03,-0.0836,66.77,-0.1136,32.37,0,2,0,2
95.41,0.054,89.43,0.1262,49.27,0,0,0,0
47.32,0.8918,45.05,0.1244,83.41,3,3,3,3
95.22,0.8246,101.69,0.1213,44.3,3,1,0,3
98.04,0.3125,87.48,-0.0848,35.86,1,0,0,1
90.67,0.0355,85.33,0.0674,20.84,0,0,2,2
90.68,0.7475,79.42,0.0654,39.06,3,3,0,3
99.34,0.202,103.4,-0.1725,26.05,0,1,2,1
96.11,-0.2965,93.88,0.1261,45.79,2,0,0,2
91.68,-0.0714,92.19,-0.1794,40.77,0,0,0,0
88.8,-0.3447,90.06,-0.0729,42.52,2,0,0,2
75.27,-0.356,71.8,-0.0177,26.72,2,2,2,2
90.22,0.4446,99.41,0.0315,47.66,1,0,0,1
98.67,-0.1485,84.13,0.1173,64.04,0,0,1,1
90.94,0.1762,69.89,0.0686,41.71,0,2,0,2
89.9,0.0429,97.18,-0.0331,42.13,0,0,0,0
95.39,-0.2765,97.51,-0.0896,36.46,2,0,0,2
89.26,0.1933,83.81,-0.12,31.4,0,0,0,0
102.89,-0.0132,87.64,-0.0669,31.62,1,0,0,1
93.19,-0.2216,87.97,-0.0391,32.71,0,0,0,0
85.86,0.1705,97.73,-0.0324,83.64,0,0,3,3
86.39,0.0464,88.7,0.0638,49.42,0,0,0,0
94.7,0.2434,103.51,-0.0581,48.03,1,1,0,1
85.59,-0.1033,110.65,-0.0088,44.22,0,1,0,1
87.54,0.4968,87.52,0.0319,47.75,1,0,0,1
98.85,-0.1783,87.31,-0.0518,41.47,0,0,0,0
97.75,-0.2329,105.87,-0.0944,36.86,0,1,0,1
113.23,0.1642,96.25,-0.0394,46.63,1,0,0,1
91.05,0.0598,84.82,0.0358,32.98,0,0,0,0
93.98,0.337,91.97,0.0231,45.1,1,0,0,1
93.25,-0.7586,97.58,-0.0499,45.62,3,0,0,3
110.13,0.1759,82.28,0.0969,33.35,1,0,0,1
98.25,-0.0034,92.13,-0.1968,38.46,0,0,0,0
93.95,-0.4199,96.94,0.0121,33.0,2,0,0,2
93.43,-0.1362,89.22,-0.0077,26.43,0,0,2,2
87.56,-0.2922,89.67,-0.068,36.76,2,0,0,2
113.93,-0.22,86.97,-0.1604,47.19,1,0,0,1
90.62,0.1485,99.98,-0.1956,42.03,0,0,0,0
90.87,-0.1958,102.31,-0.0688,40.93,0,1,0,1
59.34,0.7761,41.93,-0.0713,67.54,3,3,3,3
100.87,-0.4902,98.32,-0.1022,49.11,2,0,0,2
109.26,0.189,101.63,0.2314,34.52,1,1,0,1
90.57,0.0336,83.04,0.1616,40.36,0,0,0,0
99.66,0.4116,80.6,0.0867,34.63,1,0,0,1
87.61,-0.14,86.05,-0.0282,42.01,0,0,0,0
100.53,0.3044,80.47,0.0244,34.18,1,0,0,1
94.49,-0.224,107.82,0.0391,47.3,0,1,0,1
108.89,0.0046,97.6,0.2105,47.67,1,0,0,1
97.37,0.0823,93.18,-0.087,46.26,0,0,0,0
97.55,-0.0452,85.75,0.0367,35.39,0,0,0,0
105.22,0.5013,104.71,-0.1604,53.36,1,1,1,1
63.98,0.8765,40.26,-0.0887,69.04,3,3,3,3
77.61,0.2169,90.24,-0.052,38.44,2,0,0,2
86.52,0.1075,65.08,-0.0282,37.58,0,2,0,2
94.37,-0.7201,96.4,-0.0639,44.04,3,0,0,3
90.18,0.2094,81.51,-0.2077,43.82,0,0,0,0
64.89,0.6891,43.99,-0.1051,74.02,3,3,3,3
143.9,-0.1876,142.49,0.1756,39.63,3,3,0,3
87.1,-0.05,111.85,-0.0834,32.21,0,1,0,1
44.48,-0.0905,97.97,0.0362,40.37,3,0,0,3
95.56,0.1399,109.29,-0.0331,46.87,0,1,0,1
86.38,0.0688,85.56,-0.1272,44.05,0,0,0,0
94.1,-0.1623,94.74,-0.1511,52.47,0,0,1,1
98.27,-0.0685,84.78,-0.1127,37.02,0,0,0,0
90.11,0.4333,84.66,0.1321,35.92,1,0,0,1
99.04,-0.4079,95.82,0.1044,35.52,2,0,0,2
93.76,-0.3781,95.19,0.068,49.98,2,0,0,2
89.23,-0.038,99.98,0.0288,68.7,0,0,3,3
92.75,-0.1142,80.57,0.1168,26.66,0,0,2,2
98.16,-0.5911,83.66,0.1119,34.09,3,0,0,3
95.08,0.1451,90.92,-0.1155,37.68,0,0,0,0
65.05,0.8555,55.33,0.0167,75.37,3,3,3,3
94.48,-0.4755,82.62,-0.0574,30.46,2,0,0,2
86.98,0.1696,90.08,0.0057,25.0,0,0,2,2
90.56,0.8138,86.49,0.0191,27.94,3,0,2,3
98.35,0.1861,88.6,-0.0568,78.96,0,0,3,3
84.18,-0.1525,91.8,-0.1031,73.6,3,0,3,3
94.44,0.0312,89.49,0.0449,45.01,0,0,0,0
