knee_angle,hip_angle,back_angle,knee_label,hip_label,back_label,overall_label
109.35,97.58,48.73,1,0,0,1
95.9,67.24,30.61,0,2,0,2
92.28,89.59,37.38,0,0,0,0
112.8,89.2,42.77,1,0,0,1
139.0,122.04,44.69,3,3,0,3
94.03,88.03,42.38,0,0,0,0
90.76,85.15,36.37,0,0,0,0
91.73,98.26,49.23,0,0,0,0
109.13,102.28,45.18,1,1,0,1
98.17,82.49,45.32,0,0,0,0
58.94,81.59,33.63,3,0,0,3
106.27,81.01,36.32,1,0,0,1
91.14,88.86,31.89,0,0,0,0
96.06,91.51,34.8,0,0,0,0
81.92,64.38,24.71,2,2,2,2
89.41,84.93,53.84,0,0,1,1
107.34,82.5,36.76,1,0,0,1
97.95,56.08,34.17,0,3,0,3
96.93,89.01,37.65,0,0,0,0
98.46,98.03,33.52,0,0,0,0
87.93,92.58,39.96,0,0,0,0
95.91,86.53,13.58,0,0,3,3
88.75,85.2,27.43,0,0,2,2
90.1,104.21,49.72,0,1,0,1
120.59,128.33,34.49,3,3,0,3
74.67,92.71,39.37,2,0,0,2
107.39,102.59,39.13,1,1,0,1
136.57,119.45,43.45,3,3,0,3
92.85,69.79,43.99,0,2,0,2
98.61,70.31,45.06,0,2,0,2
97.23,39.64,34.91,0,3,0,3
119.07,128.64,40.92,3,3,0,3
74.51,95.55,45.48,2,0,0,2
93.88,95.86,31.49,0,0,0,0
94.72,111.97,38.05,0,1,0,1
94.57,95.19,37.57,0,0,0,0
79.16,88.57,49.07,2,0,0,2
95.01,110.34,36.76,0,1,0,1
88.83,59.41,35.2,0,3,0,3
96.2,108.26,45.0,0,1,0,1
106.93,86.53,47.26,1,0,0,1
90.99,91.16,39.27,0,0,0,0
94.64,87.51,37.25,0,0,0,0
92.37,68.07,31.51,0,2,0,2
93.05,31.25,47.02,0,3,0,3
79.49,68.41,23.11,2,2,2,2
131.63,119.58,40.7,3,3,0,3
89.14,76.13,32.65,0,2,0,2
105.59,110.82,53.58,1,1,1,1
89.73,98.92,49.18,0,0,0,0
99.48,85.23,37.12,0,0,0,0
92.67,86.15,42.44,0,0,0,0
90.07,82.11,48.98,0,0,0,0
75.2,83.17,47.82,2,0,0,2
87.45,95.42,24.34,0,0,2,2
55.39,34.99,76.33,3,3,3,3
83.22,72.6,33.79,2,2,0,2
88.23,88.88,18.5,0,0,2,2
89.8,80.35,30.51,0,0,0,0
46.62,38.04,74.65,3,3,3,3
92.84,67.59,37.55,0,2,0,2
104.85,89.72,43.2,1,0,0,1
91.7,47.61,45.89,0,3,0,3
81.47,89.14,10.74,2,0,3,3
90.27,102.85,47.27,0,1,0,1
79.92,71.8,22.55,2,2,2,2
98.91,92.84,17.84,0,0,2,2
75.89,95.32,39.49,2,0,0,2
90.06,98.22,32.77,0,0,0,0
86.78,87.93,37.67,0,0,0,0
81.14,87.49,35.33,2,0,0,2
49.11,52.31,76.55,3,3,3,3
112.35,90.63,39.33,1,0,0,1
103.24,86.97,42.03,1,0,0,1
89.3,66.39,32.89,0,2,0,2
94.2,93.85,39.93,0,0,0,0
88.93,98.04,47.15,0,0,0,0
93.79,80.32,43.83,0,0,0,0
112.48,113.35,59.86,1,1,1,1
88.73,95.51,35.04,0,0,0,0
81.09,97.92,38.96,2,0,0,2
83.37,83.09,34.78,2,0,0,2
79.73,98.86,38.94,2,0,0,2
97.72,97.56,44.65,0,0,0,0
88.48,87.4,33.86,0,0,0,0
97.59,83.43,83.25,0,0,3,3
88.8,94.04,38.53,0,0,0,0
96.42,73.45,26.26,0,2,2,2
98.46,93.86,15.11,0,0,2,2
105.71,96.06,48.51,1,0,0,1
87.37,89.15,56.98,0,0,1,1
97.38,109.25,45.29,0,1,0,1
101.28,47.18,46.8,1,3,0,3
96.96,95.01,39.03,0,0,0,0
91.48,92.0,44.96,0,0,0,0
80.45,84.14,32.38,2,0,0,2
108.17,111.81,60.59,1,1,1,1
86.55,88.2,42.89,0,0,0,0
86.4,94.76,43.11,0,0,0,0
96.24,90.5,41.71,0,0,0,0
98.04,105.28,43.07,0,1,0,1
106.08,82.41,30.2,1,0,0,1
90.32,101.11,70.78,0,1,3,3
77.97,97.48,36.2,2,0,0,2
85.52,90.99,38.29,0,0,0,0
123.6,121.22,33.26,3,3,0,3
98.97,86.53,55.7,0,0,1,1
92.55,91.56,26.42,0,0,2,2
96.89,87.44,34.53,0,0,0,0
90.38,101.55,61.73,0,1,1,1
86.85,77.9,62.0,0,2,1,1
51.57,45.4,84.22,3,3,3,3
94.91,106.28,33.93,0,1,0,1
77.57,73.81,21.51,2,2,2,2
85.45,83.6,37.68,0,0,0,0
111.02,101.58,46.74,1,1,0,1
98.72,82.9,37.83,0,0,0,0
98.82,86.65,39.03,0,0,0,0
106.77,82.13,30.05,1,0,0,1
94.13,89.2,63.14,0,0,1,1
99.8,62.55,28.03,0,2,2,2
96.03,87.7,61.91,0,0,1,1
89.01,73.9,45.67,0,2,0,2
72.64,84.69,30.99,2,0,0,2
76.26,92.22,46.23,2,0,0,2
52.51,44.59,84.56,3,3,3,3
95.61,73.61,31.83,0,2,0,2
95.92,95.61,36.82,0,0,0,0
82.69,85.25,76.91,2,0,3,3
96.02,83.55,61.77,0,0,1,1
97.96,44.51,32.67,0,3,0,3
91.6,88.73,74.75,0,0,3,3
76.55,83.3,39.89,2,0,0,2
75.1,92.62,38.01,2,0,0,2
110.75,106.13,57.97,1,1,1,1
87.65,63.53,42.58,0,2,0,2
78.69,67.79,25.48,2,2,2,2
97.28,84.3,42.0,0,0,0,0
88.88,81.69,34.84,0,0,0,0
96.31,90.53,40.32,0,0,0,0
83.73,94.02,60.48,2,0,1,1
95.72,90.29,47.58,0,0,0,0
79.3,65.12,18.81,2,2,2,2
87.34,84.5,85.35,0,0,3,3
93.2,88.78,55.7,0,0,1,1
85.59,96.27,33.49,0,0,0,0
97.58,89.18,52.93,0,0,1,1
108.99,97.35,33.89,1,0,0,1
94.35,81.13,39.67,0,0,0,0
93.95,97.4,77.31,0,0,3,3
103.8,95.75,60.2,1,0,1,1
103.4,48.8,41.92,1,3,0,3
96.84,96.79,34.98,0,0,0,0
93.99,98.1,44.29,0,0,0,0
117.71,117.75,45.81,3,3,0,3
92.71,114.02,44.91,0,1,0,1
86.66,80.67,42.09,0,0,0,0
97.34,38.03,39.79,0,3,0,3
88.39,95.51,40.86,0,0,0,0
90.8,85.28,46.72,0,0,0,0
71.88,66.34,18.9,2,2,2,2
95.86,106.17,31.1,0,1,0,1
94.28,85.3,47.03,0,0,0,0
109.03,95.43,56.43,1,0,1,1
97.65,56.31,39.73,0,3,0,3
60.75,104.23,45.0,3,1,0,3
95.93,83.24,32.21,0,0,0,0
99.39,95.75,48.43,0,0,0,0
79.62,78.2,37.82,2,2,0,2
80.93,77.63,30.61,2,2,0,2
90.22,92.59,46.85,0,0,0,0
85.57,93.64,35.72,0,0,0,0
96.77,83.05,42.05,0,0,0,0
74.72,71.75,22.63,2,2,2,2
90.11,86.36,75.96,0,0,3,3
90.82,87.45,3.1,0,0,3,3
145.63,133.33,42.27,3,3,0,3
87.26,53.96,39.07,0,3,0,3
83.44,104.17,45.16,2,1,0,1
97.6,51.78,33.5,0,3,0,3
98.11,93.61,32.84,0,0,0,0
99.63,84.81,83.67,0,0,3,3
84.51,79.11,80.53,3,3,3,3
97.32,72.88,42.39,0,2,0,2
95.35,89.44,70.29,0,0,3,3
113.78,86.99,35.87,1,0,0,1
81.62,82.82,22.07,2,0,2,2
102.33,89.42,44.19,1,0,0,1
71.12,89.17,35.55,2,0,0,2
97.75,84.58,55.16,0,0,1,1
91.45,98.92,39.16,0,0,0,0
70.5,99.59,37.18,2,0,0,2
92.04,108.51,48.51,0,1,0,1
90.72,92.27,11.25,0,0,3,3
105.78,102.14,27.6,1,1,2,1
85.92,84.02,46.22,0,0,0,0
59.77,85.62,43.3,3,0,0,3
136.81,140.31,45.03,3,3,0,3
90.59,64.44,35.05,0,2,0,2
106.66,109.99,51.96,1,1,1,1
89.27,91.0,63.03,0,0,1,1
91.53,94.46,1.32,0,0,3,3
96.86,97.85,25.97,0,0,2,2
65.39,83.2,48.53,3,0,0,3
96.49,114.01,36.21,0,1,0,1
97.46,97.57,-3.0,0,0,3,3
73.36,90.86,36.19,2,0,0,2
96.68,92.75,41.98,0,0,0,0
78.54,85.42,46.61,2,0,0,2
89.34,94.58,42.53,0,0,0,0
81.88,92.26,30.74,2,0,0,2
97.67,92.99,48.85,0,0,0,0
96.03,87.28,37.28,0,0,0,0
87.82,103.15,37.13,0,1,0,1
82.99,87.81,43.97,2,0,0,2
94.23,114.14,38.17,0,1,0,1
106.76,107.94,55.26,1,1,1,1
95.51,97.8,66.65,0,0,3,3
122.4,146.3,39.01,3,3,0,3
79.5,71.53,20.7,2,2,2,2
57.78,86.75,31.14,3,0,0,3
95.31,95.09,48.27,0,0,0,0
130.12,136.47,45.1,3,3,0,3
96.46,83.58,18.77,0,0,2,2
96.13,105.98,48.99,0,1,0,1
108.65,109.21,52.69,1,1,1,1
99.9,81.75,59.74,0,0,1,1
93.26,91.73,17.99,0,0,2,2
106.46,88.13,47.46,1,0,0,1
94.85,99.15,44.07,0,0,0,0
93.57,96.42,31.55,0,0,0,0
83.93,84.17,57.53,2,0,1,1
70.18,77.02,25.85,2,2,2,2
91.04,63.1,43.54,0,2,0,2
91.41,87.77,46.05,0,0,0,0
96.76,88.84,18.34,0,0,2,2
99.28,83.65,38.47,0,0,0,0
83.98,89.48,40.29,2,0,0,2
96.08,83.19,17.22,0,0,2,2
56.65,37.28,83.72,3,3,3,3
48.39,93.5,35.2,3,0,0,3
88.34,97.59,42.57,0,0,0,0
92.87,99.66,55.92,0,0,1,1
94.39,88.76,38.55,0,0,0,0
61.78,36.94,68.06,3,3,3,3
75.62,66.77,15.36,2,2,2,2
91.05,92.91,31.74,0,0,0,0
93.11,80.37,55.97,0,0,1,1
94.71,99.05,24.78,0,0,2,2
101.9,85.97,33.67,1,0,0,1
102.02,108.2,53.97,1,1,1,1
39.66,42.23,72.87,3,3,3,3
90.03,92.56,58.11,0,0,1,1
97.83,91.47,42.45,0,0,0,0
92.54,86.06,41.33,0,0,0,0
91.82,38.3,34.4,0,3,0,3
90.26,90.42,41.18,0,0,0,0
90.98,97.06,60.14,0,0,1,1
84.38,98.51,7.51,3,0,3,3
90.6,94.56,33.57,0,0,0,0
90.76,91.35,40.07,0,0,0,0
90.44,93.18,37.37,0,0,0,0
90.78,84.64,37.45,0,0,0,0
87.27,89.61,45.15,0,0,0,0
90.83,98.21,32.19,0,0,0,0
110.89,88.24,47.24,1,0,0,1
64.71,43.89,83.28,3,3,3,3
79.69,72.08,19.56,2,2,2,2
98.18,96.29,7.98,0,0,3,3
65.56,80.75,31.84,3,0,0,3
98.14,84.6,41.18,0,0,0,0
90.73,88.14,62.83,0,0,1,1
62.34,92.69,32.49,3,0,0,3
88.36,84.68,23.84,0,0,2,2
90.57,92.74,32.26,0,0,0,0
114.96,89.83,47.5,1,0,0,1
84.12,93.95,73.1,3,0,3,3
95.95,93.45,36.28,0,0,0,0
84.39,39.47,33.01,3,3,0,3
93.15,95.68,43.19,0,0,0,0
90.75,62.05,34.26,0,2,0,2
86.72,99.78,37.04,0,0,0,0
109.55,98.06,44.83,1,0,0,1
91.75,95.55,46.26,0,0,0,0
89.32,85.88,55.87,0,0,1,1
86.63,91.08,31.66,0,0,0,0
89.18,90.22,43.55,0,0,0,0
139.69,121.66,48.97,3,3,0,3
57.75,37.81,84.2,3,3,3,3
70.62,74.82,19.58,2,2,2,2
86.28,69.86,38.87,0,2,0,2
91.92,96.53,27.81,0,0,2,2
87.69,92.05,43.52,0,0,0,0
98.74,92.16,36.37,0,0,0,0
98.47,61.9,39.25,0,2,0,2
120.66,119.99,31.07,3,3,0,3
91.07,85.05,69.73,0,0,3,3
91.18,98.39,33.73,0,0,0,0
96.44,79.44,85.41,0,3,3,3
104.52,108.55,60.51,1,1,1,1
88.35,90.21,38.35,0,0,0,0
92.13,89.14,34.62,0,0,0,0
123.47,125.66,47.07,3,3,0,3
91.86,84.65,33.64,0,0,0,0
95.23,87.85,0.55,0,0,3,3
109.66,111.66,54.39,1,1,1,1
55.34,94.5,44.85,3,0,0,3
91.39,94.27,62.88,0,0,1,1
95.34,97.07,83.57,0,0,3,3
101.37,90.79,45.78,1,0,0,1
93.67,70.85,49.3,0,2,0,2
106.53,105.18,61.97,1,1,1,1
109.52,88.34,30.29,1,0,0,1
97.8,86.72,40.72,0,0,0,0
87.62,88.3,12.55,0,0,3,3
93.95,93.96,42.37,0,0,0,0
97.94,91.78,35.95,0,0,0,0
107.7,80.64,42.94,1,0,0,1
88.21,97.22,62.79,0,0,1,1
90.59,102.17,33.12,0,1,0,1
87.31,81.43,38.4,0,0,0,0
94.38,103.67,9.86,0,1,3,3
88.22,80.7,38.93,0,0,0,0
76.47,83.27,32.46,2,0,0,2
98.53,66.41,30.01,0,2,0,2
93.8,45.21,46.42,0,3,0,3
90.98,90.69,36.57,0,0,0,0
85.22,89.17,57.81,0,0,1,1
71.52,82.18,31.63,2,0,0,2
96.38,85.97,68.72,0,0,3,3
88.6,50.25,47.73,0,3,0,3
92.59,103.26,36.03,0,1,0,1
122.25,134.06,31.99,3,3,0,3
92.21,72.28,42.2,0,2,0,2
65.89,56.66,72.77,3,3,3,3
96.49,83.74,34.93,0,0,0,0
94.94,105.36,34.46,0,1,0,1
97.34,94.24,44.41,0,0,0,0
82.14,74.3,22.27,2,2,2,2
65.88,41.96,79.43,3,3,3,3
99.19,97.77,46.92,0,0,0,0
93.69,107.51,38.65,0,1,0,1
97.0,94.23,35.18,0,0,0,0
90.9,85.07,42.08,0,0,0,0
91.46,84.69,19.68,0,0,2,2
107.16,103.36,61.24,1,1,1,1
102.57,106.65,51.28,1,1,1,1
82.1,86.43,26.15,2,0,2,2
105.77,85.91,38.17,1,0,0,1
93.77,84.97,36.96,0,0,0,0
56.57,53.66,80.75,3,3,3,3
88.24,98.42,61.21,0,0,1,1
95.05,60.91,37.9,0,2,0,2
124.66,146.61,39.89,3,3,0,3
53.16,94.98,33.93,3,0,0,3
73.15,74.33,20.48,2,2,2,2
94.05,98.11,74.29,0,0,3,3
95.59,40.16,29.71,0,3,3,3
87.26,86.69,44.45,0,0,0,0
94.57,96.68,85.27,0,0,3,3
105.2,80.12,42.78,1,0,0,1
103.87,94.84,36.27,1,0,0,1
94.07,92.61,49.76,0,0,0,0
105.59,86.71,39.19,1,0,0,1
94.77,99.48,46.18,0,0,0,0
94.07,38.57,41.57,0,3,0,3
88.12,72.71,32.5,0,2,0,2
99.58,82.29,38.21,0,0,0,0
75.26,95.38,38.82,2,0,0,2
91.08,110.34,42.79,0,1,0,1
98.58,111.24,28.96,0,1,2,1
104.96,56.91,41.57,1,3,0,3
91.12,95.11,19.9,0,0,2,2
94.9,96.82,36.17,0,0,0,0
91.83,68.4,45.27,0,2,0,2
96.57,62.7,39.37,0,2,0,2
97.64,95.17,33.64,0,0,0,0
98.54,85.63,59.66,0,0,1,1
86.64,87.5,27.23,0,0,2,2
87.91,75.74,35.27,0,2,0,2
70.24,71.81,25.3,2,2,2,2
91.68,94.36,54.83,0,0,1,1
91.59,37.36,37.01,0,3,0,3
143.85,127.65,41.53,3,3,0,3
93.8,86.95,30.81,0,0,0,0
54.25,103.7,34.76,3,1,0,3
143.34,127.54,30.96,3,3,0,3
98.16,84.14,39.43,0,0,0,0
89.33,88.0,16.64,0,0,2,2
79.33,72.47,23.68,2,2,2,2
123.97,125.24,47.39,3,3,0,3
109.76,87.95,35.46,1,0,0,1
45.34,84.21,37.79,3,0,0,3
104.99,87.38,35.43,1,0,0,1
52.14,97.0,45.28,3,0,0,3
85.62,105.68,45.04,0,1,0,1
82.87,90.53,42.3,2,0,0,2
86.0,83.78,48.36,0,0,0,0
83.2,84.47,39.33,2,0,0,2
90.25,86.78,71.36,0,0,3,3
118.89,115.56,39.37,3,3,0,3
95.53,103.58,38.86,0,1,0,1
92.51,41.9,42.68,0,3,0,3
85.26,97.96,55.82,0,0,1,1
93.35,103.61,47.81,0,1,0,1
85.94,98.55,35.87,0,0,0,0
102.87,35.68,26.13,1,3,2,3
105.03,85.61,43.56,1,0,0,1
73.65,81.32,47.67,2,0,0,2
94.83,112.55,38.17,0,1,0,1
78.25,77.46,28.25,2,2,2,2
95.71,88.65,35.05,0,0,0,0
82.76,90.81,32.84,2,0,0,2
45.32,97.51,48.17,3,0,0,3
93.55,83.09,33.63,0,0,0,0
111.02,87.51,42.79,1,0,0,1
99.22,80.63,38.98,0,0,0,0
75.25,95.73,33.52,2,0,0,2
98.28,86.61,26.21,0,0,2,2
120.48,126.8,31.36,3,3,0,3
97.13,82.52,75.38,0,0,3,3
83.19,34.18,31.39,2,3,0,3
86.63,90.03,36.31,0,0,0,0
94.56,109.37,41.18,0,1,0,1
93.77,83.69,39.97,0,0,0,0
74.61,95.14,48.39,2,0,0,2
103.84,85.02,34.32,1,0,0,1
96.88,99.08,43.89,0,0,0,0
50.45,57.07,79.28,3,3,3,3
87.86,53.78,34.84,0,3,0,3
89.1,105.96,42.57,0,1,0,1
102.74,112.9,54.43,1,1,1,1
80.78,92.15,37.12,2,0,0,2
90.11,90.97,62.41,0,0,1,1
85.27,114.29,48.11,0,1,0,1
79.04,73.89,27.19,2,2,2,2
89.17,91.82,39.25,0,0,0,0
73.35,87.62,40.44,2,0,0,2
92.08,81.27,47.87,0,0,0,0
70.7,66.88,21.31,2,2,2,2
98.55,85.56,38.68,0,0,0,0
90.4,81.82,30.22,0,0,0,0
88.39,96.63,48.57,0,0,0,0
74.46,92.03,40.93,2,0,0,2
61.5,43.35,76.14,3,3,3,3
103.54,89.1,81.46,1,0,3,3
93.92,95.17,35.27,0,0,0,0
98.84,111.11,57.75,0,1,1,1
92.73,81.65,70.45,0,0,3,3
108.57,90.98,38.99,1,0,0,1
82.04,86.91,43.35,2,0,0,2
88.85,50.39,31.08,0,3,0,3
89.84,86.53,33.1,0,0,0,0
88.31,98.32,22.22,0,0,2,2
92.15,110.44,39.87,0,1,0,1
98.06,98.01,70.8,0,0,3,3
91.33,93.94,44.41,0,0,0,0
99.22,90.21,73.66,0,0,3,3
93.55,92.31,30.22,0,0,0,0
98.46,92.03,39.13,0,0,0,0
90.43,86.88,43.3,0,0,0,0
86.78,96.22,44.44,0,0,0,0
90.61,64.24,33.79,0,2,0,2
86.82,82.63,47.37,0,0,0,0
92.11,68.78,28.67,0,2,2,2
95.47,93.19,24.28,0,0,2,2
112.48,113.43,57.73,1,1,1,1
102.66,113.35,41.94,1,1,0,1
103.67,87.84,46.35,1,0,0,1
101.08,92.33,37.25,1,0,0,1
58.22,37.0,72.07,3,3,3,3
88.07,82.59,75.19,0,0,3,3
83.88,60.78,37.35,2,2,0,2
87.45,90.77,48.61,0,0,0,0
88.16,105.09,40.9,0,1,0,1
82.24,90.43,46.78,2,0,0,2
96.39,91.07,23.45,0,0,2,2
80.9,89.48,38.31,2,0,0,2
104.42,104.49,51.72,1,1,1,1
105.07,80.16,33.03,1,0,0,1
88.2,86.83,57.32,0,0,1,1
89.01,74.99,41.28,0,2,0,2
93.16,87.24,70.57,0,0,3,3
120.89,146.38,43.74,3,3,0,3
89.6,93.15,11.96,0,0,3,3
124.15,140.36,32.73,3,3,0,3
90.66,92.29,39.0,0,0,0,0
87.72,88.51,43.47,0,0,0,0
97.48,103.96,31.46,0,1,0,1
94.64,91.24,36.79,0,0,0,0
135.65,130.05,50.68,3,3,3,3
92.0,87.81,46.41,0,0,0,0
87.24,87.42,68.12,0,0,3,3
85.18,85.04,34.39,0,0,0,0
96.89,96.27,58.5,0,0,1,1
86.14,90.79,57.51,0,0,1,1
81.62,97.46,42.21,2,0,0,2
86.09,95.36,39.17,0,0,0,0
89.0,89.09,34.75,0,0,0,0
91.37,101.09,46.53,0,1,0,1
96.8,76.76,55.19,0,2,1,1
54.39,82.71,47.26,3,0,0,3
78.51,90.18,41.74,2,0,0,2
81.0,81.41,41.37,2,0,0,2
89.31,91.15,77.87,0,0,3,3
95.91,95.43,37.67,0,0,0,0
87.52,90.22,42.88,0,0,0,0
85.56,99.21,51.03,0,0,1,1
106.43,83.21,43.65,1,0,0,1
88.82,90.26,43.82,0,0,0,0
92.08,101.81,6.0,0,1,3,3
94.47,91.8,37.19,0,0,0,0
89.1,98.72,69.11,0,0,3,3
81.03,94.82,35.51,2,0,0,2
96.78,66.87,36.21,0,2,0,2
80.56,73.11,20.67,2,2,2,2
62.08,83.31,44.73,3,0,0,3
65.98,37.82,84.14,3,3,3,3
83.69,68.89,17.34,2,2,2,2
48.99,86.05,36.56,3,0,0,3
96.11,85.01,24.02,0,0,2,2
95.34,76.56,43.18,0,2,0,2
88.58,96.1,39.97,0,0,0,0
93.03,111.08,40.35,0,1,0,1
106.69,106.12,54.94,1,1,1,1
88.97,85.23,33.49,0,0,0,0
93.36,82.39,45.71,0,0,0,0
94.28,83.73,40.17,0,0,0,0
80.07,66.69,24.88,2,2,2,2
53.43,56.98,78.19,3,3,3,3
90.34,87.17,41.05,0,0,0,0
93.95,93.1,37.99,0,0,0,0
89.13,96.48,47.04,0,0,0,0
98.81,96.62,31.64,0,0,0,0
96.91,98.5,17.3,0,0,2,2
96.99,85.11,40.91,0,0,0,0
92.61,88.6,36.35,0,0,0,0
91.12,84.86,33.76,0,0,0,0
98.65,112.26,36.01,0,1,0,1
87.92,94.4,27.95,0,0,2,2
140.26,127.18,45.86,3,3,0,3
89.51,89.09,62.38,0,0,1,1
101.16,78.86,43.82,1,2,0,1
88.88,90.8,32.59,0,0,0,0
75.75,87.92,31.33,2,0,0,2
99.74,85.02,16.84,0,0,2,2
123.74,114.67,37.77,3,1,0,3
85.6,87.18,63.87,0,0,1,1
90.02,92.35,42.39,0,0,0,0
108.56,83.61,39.41,1,0,0,1
85.07,75.8,26.64,0,2,2,2
95.2,85.89,47.63,0,0,0,0
64.97,78.34,44.18,3,2,0,3
94.73,87.65,67.69,0,0,3,3
82.05,86.3,41.83,2,0,0,2
72.87,80.98,39.35,2,0,0,2
92.35,84.74,55.19,0,0,1,1
72.26,80.0,34.66,2,0,0,2
91.82,107.79,39.86,0,1,0,1
87.51,42.82,31.93,0,3,0,3
95.08,84.14,79.41,0,0,3,3
73.48,74.33,17.85,2,2,2,2
88.69,90.47,48.51,0,0,0,0
94.26,92.06,10.39,0,0,3,3
100.03,90.82,79.88,3,0,3,3
96.64,114.17,47.75,0,1,0,1
60.17,55.21,80.82,3,3,3,3
76.48,95.42,41.92,2,0,0,2
62.11,89.8,39.01,3,0,0,3
96.65,93.46,36.09,0,0,0,0
74.23,85.89,49.01,2,0,0,2
94.74,91.37,48.6,0,0,0,0
94.33,96.87,26.21,0,0,2,2
102.16,52.65,29.65,1,3,3,3
97.76,95.58,43.24,0,0,0,0
97.35,82.95,39.02,0,0,0,0
93.87,108.57,46.21,0,1,0,1
114.08,83.23,41.11,1,0,0,1
99.64,74.06,48.19,0,2,0,2
93.96,95.96,23.77,0,0,2,2
94.23,65.2,46.4,0,2,0,2
81.81,71.29,27.22,2,2,2,2
72.7,72.38,31.33,2,2,0,2
94.8,110.75,42.88,0,1,0,1
92.79,95.42,43.74,0,0,0,0
95.81,52.1,38.47,0,3,0,3
94.9,88.71,58.02,0,0,1,1
96.18,103.75,40.03,0,1,0,1
102.79,101.96,61.45,1,1,1,1
135.53,136.32,40.88,3,3,0,3
95.6,87.67,38.73,0,0,0,0
73.0,82.81,46.61,2,0,0,2
81.43,84.42,25.85,2,0,2,2
78.0,67.8,19.77,2,2,2,2
83.89,109.96,43.02,2,1,0,1
81.95,36.66,30.92,2,3,0,3
136.44,126.76,40.81,3,3,0,3
61.44,54.92,75.46,3,3,3,3
106.56,102.51,45.9,1,1,0,1
89.71,88.84,18.2,0,0,2,2
93.12,83.37,45.32,0,0,0,0
111.1,91.38,45.19,1,0,0,1
61.55,82.22,42.36,3,0,0,3
113.56,97.13,33.11,1,0,0,1
89.27,94.28,37.18,0,0,0,0
79.61,96.73,33.63,2,0,0,2
97.37,72.25,41.29,0,2,0,2
138.15,143.06,30.72,3,3,0,3
69.33,103.96,31.16,3,1,0,3
96.57,97.03,20.96,0,0,2,2
86.02,88.08,37.81,0,0,0,0
49.44,88.44,34.48,3,0,0,3
91.64,93.36,22.65,0,0,2,2
96.58,84.93,34.23,0,0,0,0
105.68,87.67,44.27,1,0,0,1
142.07,134.78,43.89,3,3,0,3
71.66,98.08,34.77,2,0,0,2
110.19,90.37,41.21,1,0,0,1
102.92,105.73,49.87,1,1,0,1
87.93,81.07,43.75,0,0,0,0
82.97,82.39,48.15,2,0,0,2
90.26,85.82,60.07,0,0,1,1
82.72,77.61,16.52,2,2,2,2
93.78,93.95,32.3,0,0,0,0
96.29,35.99,39.78,0,3,0,3
53.95,97.54,40.98,3,0,0,3
85.42,82.39,43.58,0,0,0,0
95.51,92.77,56.53,0,0,1,1
96.11,82.75,45.53,0,0,0,0
92.24,87.71,8.5,0,0,3,3
96.31,113.58,54.61,0,1,1,1
91.29,83.49,41.53,0,0,0,0
66.53,79.43,27.52,3,3,2,3
110.3,84.59,33.97,1,0,0,1
97.73,86.21,38.57,0,0,0,0
91.65,98.0,37.82,0,0,0,0
138.07,130.99,35.93,3,3,0,3
59.73,46.67,66.79,3,3,3,3
85.96,72.21,21.49,0,2,2,2
88.29,97.85,46.22,0,0,0,0
88.27,90.93,33.64,0,0,0,0
89.72,105.93,44.49,0,1,0,1
71.35,96.85,34.73,2,0,0,2
92.06,105.41,52.65,0,1,1,1
93.6,50.35,44.15,0,3,0,3
80.03,86.09,35.8,2,0,0,2
89.37,90.2,45.63,0,0,0,0
77.78,78.2,43.62,2,2,0,2
110.5,111.96,60.14,1,1,1,1
76.93,85.84,41.93,2,0,0,2
96.87,81.22,36.44,0,0,0,0
91.64,90.78,6.85,0,0,3,3
96.34,87.84,40.05,0,0,0,0
61.66,95.32,45.88,3,0,0,3
109.5,89.83,41.21,1,0,0,1
132.36,142.65,32.3,3,3,0,3
97.19,80.67,40.32,0,0,0,0
87.19,84.16,73.6,0,0,3,3
73.58,99.16,31.09,2,0,0,2
91.4,104.03,40.65,0,1,0,1
76.44,62.62,22.82,2,2,2,2
81.1,98.01,46.62,2,0,0,2
95.32,41.58,31.67,0,3,0,3
101.02,97.05,30.99,1,0,0,1
83.0,90.92,38.13,2,0,0,2
93.73,87.95,41.36,0,0,0,0
79.31,82.7,37.69,2,0,0,2
87.12,105.17,30.84,0,1,0,1
85.68,81.69,26.09,0,0,2,2
99.12,96.76,43.9,0,0,0,0
92.31,86.36,35.01,0,0,0,0
91.44,98.3,33.08,0,0,0,0
105.84,85.06,46.0,1,0,0,1
96.96,91.44,62.93,0,0,1,1
86.85,53.26,39.41,0,3,0,3
85.96,92.43,34.26,0,0,0,0
85.88,80.76,30.94,0,0,0,0
79.18,80.4,41.0,2,0,0,2
87.89,109.55,44.64,0,1,0,1
97.75,91.23,24.7,0,0,2,2
103.51,95.02,46.07,1,0,0,1
86.94,80.77,37.46,0,0,0,0
89.52,88.66,39.84,0,0,0,0
86.44,60.93,30.81,0,2,0,2
106.03,91.81,49.61,1,0,0,1
96.9,97.06,40.89,0,0,0,0
102.91,87.77,43.13,1,0,0,1
103.13,106.73,55.53,1,1,1,1
111.95,88.39,31.3,1,0,0,1
110.2,88.17,43.93,1,0,0,1
90.44,82.38,40.53,0,0,0,0
70.06,89.9,34.4,2,0,0,2
95.08,56.22,42.99,0,3,0,3
90.93,91.06,38.67,0,0,0,0
92.95,93.27,84.48,0,0,3,3
94.4,112.2,33.21,0,1,0,1
104.9,93.29,33.39,1,0,0,1
103.83,95.07,38.43,1,0,0,1
92.21,93.03,24.62,0,0,2,2
80.78,84.45,34.05,2,0,0,2
81.42,62.48,25.93,2,2,2,2
91.17,95.36,30.29,0,0,0,0
94.95,87.12,58.57,0,0,1,1
97.46,97.11,2.37,0,0,3,3
88.44,93.64,47.43,0,0,0,0
99.58,84.24,34.75,0,0,0,0
90.37,85.99,41.91,0,0,0,0
96.99,87.98,41.45,0,0,0,0
50.29,95.27,44.9,3,0,0,3
94.93,87.03,43.84,0,0,0,0
132.02,140.58,41.86,3,3,0,3
91.26,98.26,42.6,0,0,0,0
91.69,83.18,77.52,0,0,3,3
104.45,92.55,42.98,1,0,0,1
97.06,95.76,33.66,0,0,0,0
93.19,106.93,37.44,0,1,0,1
90.67,90.54,43.87,0,0,0,0
102.59,96.14,33.1,1,0,0,1
129.49,127.92,43.95,3,3,0,3
92.43,85.18,27.43,0,0,2,2
104.22,83.3,33.77,1,0,0,1
96.11,82.79,23.55,0,0,2,2
95.23,84.93,32.34,0,0,0,0
98.78,98.39,23.78,0,0,2,2
92.1,98.1,30.95,0,0,0,0
87.69,83.5,38.0,0,0,0,0
81.77,88.48,46.93,2,0,0,2
91.98,89.72,31.61,0,0,0,0
93.53,81.18,41.26,0,0,0,0
66.67,85.03,51.97,3,0,1,3
89.17,82.96,41.69,0,0,0,0
90.99,99.61,35.73,0,0,0,0
123.85,127.34,30.22,3,3,0,3
85.78,63.13,48.62,0,2,0,2
82.21,97.08,32.13,2,0,0,2
74.23,97.5,41.44,2,0,0,2
121.36,120.2,32.29,3,3,0,3
95.76,51.04,50.69,0,3,3,3
72.76,77.92,48.32,2,2,0,2
77.77,83.41,31.78,2,0,0,2
102.03,82.7,38.09,1,0,0,1
109.86,80.78,42.46,1,0,0,1
91.5,97.47,35.09,0,0,0,0
135.14,140.76,32.3,3,3,0,3
99.88,112.85,59.71,0,1,1,1
89.92,87.18,40.34,0,0,0,0
72.36,74.59,16.63,2,2,2,2
92.04,93.58,43.8,0,0,0,0
73.81,98.14,33.14,2,0,0,2
89.39,93.26,24.24,0,0,2,2
86.64,71.15,40.71,0,2,0,2
95.33,98.65,83.1,0,0,3,3
99.54,86.65,32.69,0,0,0,0
91.7,89.67,33.2,0,0,0,0
109.84,89.31,41.57,1,0,0,1
77.89,85.66,32.38,2,0,0,2
95.9,54.04,39.51,0,3,0,3
95.53,90.64,58.23,0,0,1,1
67.1,41.1,75.16,3,3,3,3
104.1,107.16,63.13,1,1,1,1
107.45,82.97,39.97,1,0,0,1
85.16,91.79,36.61,0,0,0,0
109.48,84.03,41.73,1,0,0,1
86.28,85.12,62.76,0,0,1,1
55.49,92.91,41.0,3,0,0,3
96.77,89.77,43.05,0,0,0,0
112.21,97.91,53.01,1,0,1,1
95.58,92.21,42.91,0,0,0,0
55.73,97.45,33.12,3,0,0,3
80.61,64.69,22.58,2,2,2,2
95.05,80.07,33.39,0,0,0,0
60.78,46.38,68.57,3,3,3,3
91.97,83.0,43.4,0,0,0,0
96.9,85.4,73.8,0,0,3,3
88.68,82.08,33.4,0,0,0,0
127.32,136.66,36.77,3,3,0,3
97.35,91.95,45.42,0,0,0,0
75.26,91.36,33.43,2,0,0,2
62.99,77.3,32.46,3,2,0,3
109.25,107.58,56.03,1,1,1,1
93.88,95.41,63.27,0,0,1,1
110.39,95.9,43.08,1,0,0,1
99.55,90.89,42.13,0,0,0,0
83.12,93.27,44.39,2,0,0,2
93.98,88.37,53.94,0,0,1,1
75.3,83.96,38.73,2,0,0,2
83.4,113.86,42.21,2,1,0,1
119.1,124.66,47.94,3,3,0,3
90.32,86.42,68.15,0,0,3,3
92.87,93.44,23.12,0,0,2,2
98.79,71.27,42.39,0,2,0,2
113.91,105.3,60.88,1,1,1,1
95.92,45.6,47.37,0,3,0,3
94.51,91.98,31.05,0,0,0,0
92.5,92.8,41.9,0,0,0,0
66.15,54.99,76.35,3,3,3,3
93.83,87.94,39.39,0,0,0,0
112.09,106.27,60.96,1,1,1,1
91.39,87.37,39.68,0,0,0,0
71.12,98.93,36.88,2,0,0,2
96.01,99.37,39.26,0,0,0,0
103.68,82.46,42.02,1,0,0,1
87.61,88.56,38.67,0,0,0,0
94.58,84.79,18.55,0,0,2,2
98.63,105.63,34.1,0,1,0,1
97.17,87.48,35.42,0,0,0,0
114.2,83.54,30.18,1,0,0,1
95.81,82.66,38.65,0,0,0,0
96.22,110.3,36.41,0,1,0,1
135.66,121.77,41.58,3,3,0,3
103.87,110.09,44.78,1,1,0,1
44.31,95.16,48.09,3,0,0,3
91.89,36.19,32.25,0,3,0,3
80.49,97.49,37.2,2,0,0,2
119.22,127.36,42.49,3,3,0,3
92.41,45.07,39.79,0,3,0,3
92.48,105.43,35.21,0,1,0,1
91.87,90.04,39.97,0,0,0,0
96.51,83.48,15.74,0,0,2,2
60.32,76.49,45.38,3,2,0,3
88.81,86.69,67.84,0,0,3,3
92.97,94.27,43.9,0,0,0,0
98.5,86.08,45.87,0,0,0,0
101.96,86.62,40.2,1,0,0,1
98.95,85.14,51.76,0,0,1,1
92.71,70.01,34.78,0,2,0,2
90.89,89.76,56.62,0,0,1,1
59.9,97.43,40.69,3,0,0,3
75.01,86.28,36.09,2,0,0,2
90.57,42.67,39.33,0,3,0,3
99.08,94.02,75.24,0,0,3,3
50.68,55.78,87.47,3,3,3,3
94.52,113.85,28.64,0,1,2,1
94.69,93.67,49.05,0,0,0,0
90.42,96.28,52.03,0,0,1,1
81.84,86.79,47.24,2,0,0,2
103.94,88.51,43.6,1,0,0,1
104.44,82.64,54.46,1,0,1,1
87.03,94.46,35.67,0,0,0,0
94.3,92.83,36.55,0,0,0,0
75.78,98.74,34.05,2,0,0,2
85.25,90.78,62.85,0,0,1,1
80.96,99.74,35.84,2,0,0,2
92.5,85.22,70.24,0,0,3,3
132.84,136.38,29.5,3,3,3,3
86.65,80.49,49.95,0,0,0,0
93.47,93.97,40.61,0,0,0,0
88.0,77.2,18.41,0,2,2,2
90.39,83.05,30.98,0,0,0,0
89.48,90.68,47.75,0,0,0,0
76.47,94.01,37.03,2,0,0,2
95.86,86.77,30.31,0,0,0,0
88.82,82.38,46.81,0,0,0,0
73.69,70.44,23.73,2,2,2,2
89.83,93.55,37.55,0,0,0,0
98.1,89.58,18.37,0,0,2,2
93.59,65.86,36.45,0,2,0,2
97.06,92.93,36.06,0,0,0,0
109.7,98.25,47.48,1,0,0,1
91.24,83.86,44.76,0,0,0,0
83.11,82.5,44.18,2,0,0,2
88.21,95.78,49.95,0,0,0,0
91.57,94.11,78.46,0,0,3,3
89.86,82.36,58.37,0,0,1,1
89.53,105.66,32.51,0,1,0,1
102.54,94.27,34.56,1,0,0,1
82.56,76.9,19.09,2,2,2,2
92.84,91.49,16.82,0,0,2,2
129.02,124.49,36.51,3,3,0,3
94.72,96.66,36.18,0,0,0,0
94.34,97.52,58.99,0,0,1,1
90.51,73.8,48.37,0,2,0,2
78.07,95.63,46.67,2,0,0,2
94.08,77.14,32.88,0,2,0,2
94.42,89.38,44.09,0,0,0,0
88.1,93.79,53.04,0,0,1,1
57.09,90.12,44.32,3,0,0,3
87.84,90.32,69.56,0,0,3,3
58.19,79.91,38.37,3,3,0,3
60.2,52.37,77.37,3,3,3,3
73.88,64.05,25.99,2,2,2,2
112.02,97.46,48.44,1,0,0,1
94.13,76.49,31.67,0,2,0,2
74.28,95.81,47.68,2,0,0,2
100.16,47.8,31.94,3,3,0,3
96.1,84.44,31.55,0,0,0,0
53.14,97.14,28.27,3,0,2,3
87.37,81.0,71.09,0,0,3,3
46.86,55.33,67.29,3,3,3,3
65.01,82.5,31.18,3,0,0,3
81.27,90.32,35.29,2,0,0,2
95.29,91.35,20.35,0,0,2,2
61.17,91.02,38.38,3,0,0,3
73.53,72.45,26.22,2,2,2,2
137.46,137.64,45.99,3,3,0,3
77.24,96.2,48.1,2,0,0,2
111.94,99.25,39.7,1,0,0,1
130.28,120.61,34.38,3,3,0,3
95.67,91.92,82.13,0,0,3,3
88.93,81.3,44.28,0,0,0,0
65.11,90.1,47.27,3,0,0,3
91.1,113.23,39.35,0,1,0,1
93.33,94.9,42.96,0,0,0,0
51.3,39.84,70.17,3,3,3,3
80.94,74.15,24.05,2,2,2,2
105.31,82.98,42.02,1,0,0,1
102.08,100.98,65.9,1,3,3,3
94.51,108.01,53.45,0,1,1,1
89.26,90.07,34.77,0,0,0,0
78.67,89.62,36.31,2,0,0,2
80.05,73.99,21.79,2,2,2,2
90.54,89.21,75.21,0,0,3,3
96.97,91.96,41.52,0,0,0,0
128.12,121.32,47.9,3,3,0,3
97.46,103.65,62.79,0,1,1,1
88.79,98.34,3.41,0,0,3,3
91.16,87.48,34.52,0,0,0,0
126.05,132.45,43.43,3,3,0,3
58.8,80.36,36.42,3,0,0,3
96.95,94.39,40.69,0,0,0,0
96.04,90.25,80.0,0,0,3,3
104.82,104.36,44.96,1,1,0,1
93.38,89.77,86.32,0,0,3,3
94.0,75.98,39.73,0,2,0,2
96.87,83.99,40.49,0,0,0,0
97.89,82.73,40.32,0,0,0,0
98.24,85.31,34.5,0,0,0,0
89.38,81.11,62.17,0,0,1,1
85.97,94.36,47.55,0,0,0,0
104.52,109.43,59.2,1,1,1,1
74.96,98.92,32.17,2,0,0,2
98.18,87.62,42.13,0,0,0,0
104.89,94.18,34.9,1,0,0,1
128.52,121.79,37.32,3,3,0,3
94.45,94.71,47.08,0,0,0,0
132.51,121.05,37.85,3,3,0,3
52.64,84.0,45.12,3,0,0,3
80.26,62.3,19.68,2,2,2,2
90.71,88.04,10.62,0,0,3,3
107.01,87.25,48.12,1,0,0,1
76.49,89.52,36.03,2,0,0,2
103.82,86.76,47.6,1,0,0,1
49.7,95.37,35.57,3,0,0,3
102.19,90.72,39.06,1,0,0,1
83.15,97.82,43.21,2,0,0,2
76.89,83.58,41.96,2,0,0,2
99.19,89.52,35.45,0,0,0,0
87.54,114.92,43.56,0,1,0,1
85.43,82.1,45.2,0,0,0,0
91.11,91.13,23.83,0,0,2,2
66.45,99.46,46.01,3,0,0,3
88.43,98.98,53.61,0,0,1,1
89.2,95.36,42.56,0,0,0,0
88.35,93.39,18.03,0,0,2,2
87.8,102.75,35.79,0,1,0,1
95.62,81.26,48.9,0,0,0,0
137.53,133.78,38.29,3,3,0,3
95.04,88.28,53.09,0,0,1,1
97.62,78.44,46.97,0,2,0,2
110.67,94.11,49.53,1,0,0,1
107.49,89.24,45.66,1,0,0,1
70.76,60.73,22.34,2,2,2,2
92.77,49.33,41.48,0,3,0,3
97.46,99.58,25.37,0,0,2,2
96.06,104.28,36.12,0,1,0,1
93.97,60.52,27.58,0,2,2,2
80.52,96.85,34.29,2,0,0,2
89.6,85.31,24.45,0,0,2,2
50.56,94.68,38.71,3,0,0,3
70.93,89.94,42.33,2,0,0,2
94.29,77.34,79.31,0,2,3,3
50.37,90.84,41.41,3,0,0,3
94.53,99.78,39.17,0,0,0,0
48.33,78.97,49.89,3,2,0,3
92.21,90.17,35.08,0,0,0,0
85.41,82.51,37.49,0,0,0,0
87.99,109.65,44.5,0,1,0,1
62.96,96.05,44.13,3,0,0,3
97.62,77.19,37.19,0,2,0,2
90.49,64.61,20.23,0,2,2,2
126.3,130.87,36.89,3,3,0,3
46.76,81.29,45.65,3,0,0,3
79.37,64.61,20.59,2,2,2,2
95.56,96.09,17.1,0,0,2,2
130.72,142.73,34.8,3,3,0,3
88.87,98.16,48.76,0,0,0,0
110.76,114.42,51.08,1,1,1,1
99.84,81.36,57.94,0,0,1,1
90.22,96.58,45.51,0,0,0,0
104.62,87.71,31.52,1,0,0,1
66.7,87.4,40.73,3,0,0,3
90.5,90.61,73.94,0,0,3,3
92.42,83.92,46.58,0,0,0,0
85.77,69.34,35.56,0,2,0,2
97.22,88.47,31.89,0,0,0,0
98.63,98.83,22.11,0,0,2,2
87.53,74.19,45.07,0,2,0,2
96.05,80.3,46.58,0,0,0,0
86.53,56.24,41.17,0,3,0,3
52.54,51.97,76.82,3,3,3,3
59.63,94.45,49.19,3,0,0,3
88.38,97.39,80.25,0,0,3,3
51.87,38.06,79.1,3,3,3,3
71.47,96.88,43.68,2,0,0,2
95.42,96.24,36.38,0,0,0,0
108.36,84.51,38.42,1,0,0,1
96.92,94.13,26.09,0,0,2,2
81.03,85.91,33.89,2,0,0,2
94.77,81.0,56.75,0,0,1,1
74.29,78.23,16.71,2,2,2,2
145.62,134.43,42.99,3,3,0,3
107.23,92.46,42.67,1,0,0,1
88.61,90.12,48.08,0,0,0,0
96.97,66.07,30.34,0,2,0,2
89.92,66.41,35.32,0,2,0,2
69.55,92.11,42.9,3,0,0,3
93.43,93.8,49.35,0,0,0,0
95.55,89.63,57.14,0,0,1,1
101.14,107.95,49.8,1,1,0,1
72.83,64.42,21.3,2,2,2,2
97.14,93.09,56.73,0,0,1,1
92.77,86.72,10.0,0,0,3,3
89.58,96.43,81.09,0,0,3,3
93.92,95.82,37.58,0,0,0,0
90.12,86.83,37.93,0,0,0,0
90.13,43.79,33.19,0,3,0,3
96.28,53.25,43.42,0,3,0,3
94.47,80.13,41.48,0,0,0,0
95.59,87.03,45.54,0,0,0,0
123.99,142.08,39.02,3,3,0,3
93.27,94.84,38.46,0,0,0,0
98.32,95.12,32.53,0,0,0,0
66.61,34.97,77.59,3,3,3,3
96.71,97.37,43.06,0,0,0,0
109.26,97.22,44.36,1,0,0,1
97.86,97.36,45.43,0,0,0,0
90.94,93.97,22.19,0,0,2,2
96.6,81.82,53.37,0,0,1,1
87.4,94.58,30.6,0,0,0,0
114.29,92.07,41.42,1,0,0,1
96.04,88.65,23.66,0,0,2,2
90.12,50.21,41.54,0,3,0,3
85.86,105.37,35.16,0,1,0,1
88.08,93.53,41.58,0,0,0,0
98.18,91.47,39.28,0,0,0,0
93.12,90.15,44.09,0,0,0,0
88.27,98.86,45.28,0,0,0,0
82.09,84.49,47.06,2,0,0,2
86.41,111.71,30.8,0,1,0,1
96.83,62.23,47.61,0,2,0,2
63.75,82.34,42.27,3,0,0,3
90.28,50.33,35.05,0,3,0,3
109.75,102.6,52.04,1,1,1,1
77.92,85.17,39.94,2,0,0,2
102.11,94.45,40.59,1,0,0,1
85.72,53.5,39.81,0,3,0,3
87.94,94.35,35.53,0,0,0,0
101.16,80.63,78.69,1,0,3,3
93.74,114.4,44.23,0,1,0,1
89.06,94.57,21.8,0,0,2,2
99.84,96.16,53.19,0,0,1,1
93.21,101.98,46.43,0,1,0,1
87.6,94.29,22.94,0,0,2,2
111.68,105.25,59.76,1,1,1,1
111.69,112.94,59.37,1,1,1,1
82.58,94.53,17.62,2,0,2,2
99.74,84.59,35.43,0,0,0,0
96.92,82.25,37.02,0,0,0,0
90.38,90.52,45.43,0,0,0,0
87.14,80.14,48.35,0,0,0,0
52.29,35.72,74.76,3,3,3,3
86.91,82.72,12.08,0,0,3,3
64.21,83.35,45.12,3,0,0,3
112.19,84.92,40.49,1,0,0,1
79.37,94.66,39.89,2,0,0,2
92.28,51.82,39.88,0,3,0,3
96.38,86.94,37.03,0,0,0,0
90.71,98.23,35.47,0,0,0,0
104.56,96.25,46.86,1,0,0,1
86.94,82.48,41.33,0,0,0,0
78.84,77.95,27.94,2,2,2,2
97.81,95.08,47.05,0,0,0,0
93.31,85.79,39.21,0,0,0,0
60.13,90.37,50.25,3,0,3,3
76.71,94.4,40.25,2,0,0,2
95.91,81.35,49.43,0,0,0,0
90.14,83.48,79.62,0,0,3,3
111.29,93.52,39.34,1,0,0,1
85.89,47.75,49.65,0,3,0,3
131.36,125.49,36.79,3,3,0,3
86.24,85.83,40.4,0,0,0,0
110.59,81.26,35.69,1,0,0,1
58.13,85.6,31.69,3,0,0,3
91.19,78.68,34.12,0,2,0,2
90.15,62.22,48.4,0,2,0,2
131.15,129.14,49.22,3,3,0,3
89.37,91.43,39.48,0,0,0,0
65.72,52.6,78.7,3,3,3,3
85.27,76.47,77.19,0,2,3,3
113.49,97.44,32.32,1,0,0,1
77.95,89.99,47.37,2,0,0,2
142.98,130.23,44.92,3,3,0,3
91.83,88.04,46.74,0,0,0,0
63.37,86.32,38.17,3,0,0,3
91.75,89.07,34.2,0,0,0,0
110.09,106.71,52.47,1,1,1,1
99.95,94.32,34.59,0,0,0,0
91.92,96.27,27.2,0,0,2,2
98.32,91.0,80.12,0,0,3,3
90.62,81.81,36.43,0,0,0,0
96.09,84.9,23.02,0,0,2,2
83.11,95.99,36.42,2,0,0,2
91.17,110.67,46.44,0,1,0,1
118.63,125.32,32.64,3,3,0,3
96.2,83.59,52.56,0,0,1,1
78.48,63.52,19.29,2,2,2,2
97.06,96.21,40.17,0,0,0,0
96.45,82.68,20.78,0,0,2,2
82.24,96.24,62.83,2,0,1,1
89.6,87.59,40.69,0,0,0,0
95.07,96.97,37.7,0,0,0,0
82.62,95.33,35.51,2,0,0,2
45.9,91.48,38.0,3,0,0,3
73.43,94.42,37.99,2,0,0,2
111.67,107.49,63.47,1,1,1,1
86.47,56.47,28.94,0,3,2,3
92.98,75.91,43.95,0,2,0,2
92.21,94.48,34.77,0,0,0,0
94.27,82.11,58.33,0,0,1,1
89.12,99.07,65.5,0,0,3,3
96.04,97.8,32.0,0,0,0,0
44.51,47.1,77.98,3,3,3,3
92.04,91.89,43.01,0,0,0,0
88.25,72.86,47.5,0,2,0,2
94.78,86.91,17.17,0,0,2,2
99.83,86.79,32.37,0,0,0,0
88.29,67.42,30.5,0,2,0,2
87.22,89.4,41.21,0,0,0,0
98.9,97.62,62.76,0,0,1,1
102.2,86.72,40.07,1,0,0,1
98.1,88.43,22.69,0,0,2,2
90.72,97.53,39.35,0,0,0,0
87.6,84.57,42.69,0,0,0,0
88.92,96.81,33.22,0,0,0,0
96.45,87.36,53.41,0,0,1,1
93.55,43.35,44.52,0,3,0,3
93.17,81.4,34.26,0,0,0,0
98.57,93.07,42.72,0,0,0,0
69.94,94.42,47.56,3,0,0,3
106.41,93.11,48.13,1,0,0,1
96.41,86.33,43.89,0,0,0,0
89.32,88.48,46.18,0,0,0,0
91.13,77.16,39.78,0,2,0,2
94.65,91.26,18.12,0,0,2,2
71.6,77.77,15.34,2,2,2,2
48.45,87.99,40.45,3,0,0,3
94.82,111.57,40.92,0,1,0,1
103.67,92.73,31.19,1,0,0,1
80.52,70.63,23.05,2,2,2,2
54.49,58.8,72.11,3,3,3,3
94.71,84.13,34.72,0,0,0,0
88.25,105.78,30.68,0,1,0,1
86.8,93.63,44.52,0,0,0,0
93.89,83.37,11.07,0,0,3,3
97.98,94.96,48.27,0,0,0,0
52.79,97.21,47.1,3,0,0,3
99.71,37.53,34.32,0,3,0,3
95.27,82.96,11.47,0,0,3,3
75.19,99.4,39.35,2,0,0,2
95.24,105.32,45.91,0,1,0,1
98.13,113.32,51.18,0,1,1,1
89.88,61.14,33.78,0,2,0,2
92.78,90.12,6.63,0,0,3,3
85.17,87.99,82.12,0,0,3,3
99.27,65.81,47.94,0,2,0,2
75.16,92.34,49.63,2,0,0,2
90.07,73.14,32.17,0,2,0,2
90.76,92.58,81.09,0,0,3,3
93.14,54.69,39.7,0,3,0,3
46.56,78.18,35.74,3,2,0,3
77.65,98.79,46.67,2,0,0,2
94.32,91.03,42.78,0,0,0,0
88.9,92.24,47.51,0,0,0,0
89.82,102.77,21.35,0,1,2,1
85.43,109.18,41.78,0,1,0,1
98.19,90.81,35.56,0,0,0,0
94.0,78.0,40.11,0,2,0,2
85.26,80.25,26.88,0,0,2,2
49.18,83.41,52.59,3,0,1,3
98.79,86.83,16.84,0,0,2,2
140.21,110.68,35.12,3,1,0,3
87.17,88.08,72.68,0,0,3,3
86.87,76.93,78.94,0,2,3,3
77.99,74.32,24.96,2,2,2,2
53.56,85.27,39.71,3,0,0,3
109.74,91.05,31.29,1,0,0,1
101.23,98.75,35.8,1,0,0,1
113.08,95.73,28.15,1,0,2,1
144.01,118.75,37.78,3,3,0,3
96.42,86.13,62.0,0,0,1,1
94.56,62.88,38.72,0,2,0,2
123.82,122.84,42.31,3,3,0,3
94.32,112.95,48.12,0,1,0,1
88.17,107.48,43.08,0,1,0,1
112.29,107.91,53.83,1,1,1,1
92.96,83.9,55.64,0,0,1,1
97.82,91.25,8.97,0,0,3,3
93.05,89.69,18.1,0,0,2,2
93.15,96.18,43.79,0,0,0,0
53.45,86.29,39.1,3,0,0,3
102.7,83.55,42.54,1,0,0,1
91.73,96.25,34.8,0,0,0,0
97.39,94.96,35.9,0,0,0,0
85.54,87.85,3.83,0,0,3,3
108.45,95.2,45.12,1,0,0,1
97.88,90.15,44.45,0,0,0,0
76.49,96.99,37.57,2,0,0,2
52.8,60.34,76.14,3,2,3,3
97.8,83.9,70.1,0,0,3,3
87.77,88.99,57.86,0,0,1,1
86.81,46.36,43.97,0,3,0,3
94.45,81.38,36.56,0,0,0,0
98.95,84.09,17.93,0,0,2,2
82.68,85.7,30.6,2,0,0,2
94.08,94.74,38.07,0,0,0,0
88.14,56.43,33.88,0,3,0,3
106.67,82.4,38.85,1,0,0,1
90.62,98.89,36.44,0,0,0,0
87.17,91.81,40.52,0,0,0,0
97.67,61.07,44.98,0,2,0,2
94.29,60.59,34.66,0,2,0,2
47.53,103.22,35.22,3,1,0,3
90.05,84.44,44.38,0,0,0,0
93.42,95.58,63.56,0,0,1,1
91.47,41.5,32.63,0,3,0,3
103.6,99.6,37.32,1,0,0,1
71.99,87.35,30.54,2,0,0,2
86.93,89.4,71.64,0,0,3,3
95.96,89.93,80.72,0,0,3,3
87.58,87.26,62.29,0,0,1,1
95.85,112.08,48.05,0,1,0,1
45.88,88.58,46.99,3,0,0,3
90.84,102.36,47.96,0,1,0,1
98.58,96.6,39.59,0,0,0,0
89.06,92.45,41.35,0,0,0,0
87.58,91.39,15.14,0,0,2,2
78.51,88.84,30.36,2,0,0,2
91.99,112.77,38.79,0,1,0,1
88.76,62.34,44.21,0,2,0,2
79.23,67.79,21.47,2,2,2,2
76.34,95.81,41.5,2,0,0,2
87.44,93.12,30.89,0,0,0,0
98.73,80.41,38.0,0,0,0,0
104.86,101.24,49.63,1,1,0,1
88.11,44.7,37.14,0,3,0,3
92.08,85.79,38.02,0,0,0,0
94.13,83.58,47.76,0,0,0,0
86.84,89.65,25.25,0,0,2,2
88.7,96.25,47.69,0,0,0,0
96.45,87.33,31.86,0,0,0,0
96.45,104.56,41.47,0,1,0,1
112.48,92.47,39.04,1,0,0,1
92.64,75.55,34.39,0,2,0,2
90.53,111.33,28.11,0,1,2,1
86.51,57.35,45.33,0,3,0,3
94.62,89.61,45.89,0,0,0,0
85.06,86.29,19.71,0,0,2,2
93.74,113.43,32.26,0,1,0,1
91.85,94.14,43.51,0,0,0,0
86.71,83.97,46.78,0,0,0,0
77.94,97.59,40.42,2,0,0,2
122.03,124.01,41.57,3,3,0,3
82.87,64.62,24.96,2,2,2,2
82.84,89.16,39.71,2,0,0,2
86.0,72.98,28.83,0,2,2,2
86.03,71.04,39.67,0,2,0,2
95.02,94.42,55.63,0,0,1,1
92.03,57.2,33.63,0,3,0,3
93.53,93.31,17.44,0,0,2,2
86.83,81.87,55.93,0,0,1,1
105.72,90.08,40.0,1,0,0,1
87.26,94.97,41.25,0,0,0,0
99.36,43.46,32.0,0,3,0,3
97.48,46.62,45.05,0,3,0,3
81.13,73.09,15.76,2,2,2,2
93.08,91.68,45.15,0,0,0,0
64.43,95.26,41.89,3,0,0,3
88.77,106.61,38.94,0,1,0,1
131.64,114.55,41.67,3,1,0,3
84.12,39.84,30.62,3,3,0,3
81.63,91.22,39.94,2,0,0,2
103.21,105.36,42.54,1,1,0,1
83.73,63.22,43.29,2,2,0,2
136.0,128.22,37.16,3,3,0,3
88.57,107.38,47.31,0,1,0,1
96.61,95.43,44.29,0,0,0,0
53.57,99.01,46.19,3,0,0,3
71.52,89.4,39.99,2,0,0,2
85.54,45.85,31.95,0,3,0,3
91.7,60.23,28.95,0,2,2,2
90.25,91.54,49.13,0,0,0,0
94.42,54.81,44.19,0,3,0,3
89.39,76.2,49.75,0,2,0,2
117.64,123.93,34.92,3,3,0,3
77.45,92.96,45.7,2,0,0,2
101.93,95.68,54.25,1,0,1,1
108.16,90.64,43.36,1,0,0,1
112.49,94.32,33.28,1,0,0,1
85.47,103.38,48.4,0,1,0,1
90.89,86.16,52.94,0,0,1,1
110.14,98.8,44.66,1,0,0,1
91.3,73.28,37.6,0,2,0,2
73.02,89.07,32.24,2,0,0,2
81.82,73.33,41.2,2,2,0,2
95.7,77.33,33.51,0,2,0,2
99.29,97.92,32.76,0,0,0,0
97.63,98.69,37.87,0,0,0,0
104.97,84.8,37.56,1,0,0,1
95.05,91.05,73.63,0,0,3,3
95.42,86.67,43.79,0,0,0,0
95.58,86.83,6.21,0,0,3,3
86.48,87.09,49.06,0,0,0,0
98.7,88.54,32.58,0,0,0,0
87.7,90.6,40.17,0,0,0,0
95.95,64.45,34.89,0,2,0,2
105.04,94.42,46.59,1,0,0,1
72.39,76.87,18.14,2,2,2,2
99.17,89.46,49.98,0,0,0,0
92.29,74.09,38.94,0,2,0,2
103.09,84.15,38.94,1,0,0,1
75.51,88.51,44.68,2,0,0,2
101.55,93.03,62.17,1,0,1,1
96.35,91.4,47.17,0,0,0,0
91.13,89.77,35.37,0,0,0,0
133.76,137.61,35.85,3,3,0,3
97.45,93.81,51.89,0,0,1,1
105.56,94.74,45.66,1,0,0,1
86.8,94.47,52.2,0,0,1,1
63.36,47.85,85.49,3,3,3,3
95.84,96.57,79.89,0,0,3,3
60.07,78.42,43.29,3,2,0,3
102.29,91.34,35.52,1,0,0,1
85.73,51.95,30.98,0,3,0,3
97.63,78.83,54.13,0,2,1,1
63.01,95.1,47.97,3,0,0,3
96.6,90.97,40.63,0,0,0,0
76.01,87.39,35.93,2,0,0,2
132.04,146.52,29.03,3,3,3,3
76.72,80.34,33.7,2,0,0,2
86.99,78.99,79.69,0,2,3,3
85.68,96.61,16.27,0,0,2,2
62.21,85.24,44.43,3,0,0,3
62.38,94.68,37.64,3,0,0,3
90.49,47.28,44.38,0,3,0,3
92.11,82.68,48.15,0,0,0,0
99.73,94.18,31.0,0,0,0,0
95.79,86.27,38.22,0,0,0,0
79.49,83.78,41.26,2,0,0,2
93.24,85.56,39.85,0,0,0,0
80.25,68.9,26.08,2,2,2,2
60.47,55.89,68.47,3,3,3,3
111.61,113.63,59.04,1,1,1,1
75.3,87.01,36.67,2,0,0,2
88.82,76.93,44.09,0,2,0,2
85.26,96.09,18.49,0,0,2,2
72.6,66.32,20.91,2,2,2,2
66.37,94.32,44.1,3,0,0,3
96.57,113.22,51.14,0,1,1,1
110.07,114.19,53.4,1,1,1,1
76.88,91.17,49.12,2,0,0,2
116.68,137.59,38.11,3,3,0,3
96.58,81.6,46.07,0,0,0,0
82.63,69.95,39.65,2,2,0,2
107.1,93.26,31.17,1,0,0,1
97.67,92.73,63.07,0,0,1,1
88.88,80.41,31.84,0,0,0,0
73.41,75.54,16.57,2,2,2,2
87.32,84.35,27.7,0,0,2,2
91.68,71.19,42.81,0,2,0,2
87.1,91.26,36.85,0,0,0,0
96.42,97.11,34.99,0,0,0,0
108.95,91.46,34.84,1,0,0,1
94.4,89.77,24.36,0,0,2,2
92.03,43.29,48.45,0,3,0,3
93.86,62.86,40.24,0,2,0,2
91.81,44.31,31.45,0,3,0,3
74.78,77.28,18.89,2,2,2,2
89.39,89.8,76.22,0,0,3,3
90.33,62.66,34.17,0,2,0,2
83.54,62.5,18.56,2,2,2,2
105.7,95.11,39.02,1,0,0,1
86.94,84.23,22.58,0,0,2,2
99.24,97.83,57.46,0,0,1,1
93.22,97.13,48.23,0,0,0,0
98.14,72.92,26.76,0,2,2,2
48.01,93.02,42.74,3,0,0,3
77.57,80.19,25.62,2,0,2,2
45.98,84.54,34.71,3,0,0,3
111.97,87.22,38.87,1,0,0,1
98.8,87.52,58.46,0,0,1,1
97.55,80.15,39.57,0,0,0,0
82.98,64.79,19.73,2,2,2,2
66.48,93.01,47.31,3,0,0,3
112.59,86.87,42.99,1,0,0,1
88.22,106.5,44.88,0,1,0,1
89.46,106.06,39.77,0,1,0,1
73.07,99.38,46.07,2,0,0,2
91.48,88.63,48.23,0,0,0,0
94.0,81.54,44.17,0,0,0,0
70.4,83.47,42.01,2,0,0,2
104.54,91.92,44.84,1,0,0,1
91.41,96.51,58.04,0,0,1,1
85.33,97.51,10.26,0,0,3,3
90.99,110.83,31.72,0,1,0,1
95.78,99.01,48.1,0,0,0,0
88.37,53.06,30.44,0,3,0,3
89.81,96.85,46.7,0,0,0,0
88.94,93.63,41.57,0,0,0,0
93.08,92.13,35.57,0,0,0,0
82.83,85.84,27.16,2,0,2,2
98.11,90.39,37.83,0,0,0,0
91.85,54.46,38.12,0,3,0,3
88.94,110.71,30.62,0,1,0,1
88.08,83.6,80.94,0,0,3,3
109.11,84.27,34.26,1,0,0,1
72.32,92.67,38.78,2,0,0,2
107.11,98.84,44.8,1,0,0,1
101.91,109.52,36.78,1,1,0,1
87.57,56.57,46.2,0,3,0,3
93.11,95.91,39.08,0,0,0,0
108.28,82.98,35.55,1,0,0,1
93.3,87.96,42.0,0,0,0,0
98.07,96.71,46.16,0,0,0,0
89.24,68.75,39.69,0,2,0,2
96.74,102.44,49.64,0,1,0,1
91.86,84.91,46.4,0,0,0,0
98.06,86.2,28.08,0,0,2,2
94.35,88.9,19.59,0,0,2,2
85.68,114.81,38.43,0,1,0,1
62.16,82.48,36.34,3,0,0,3
64.13,50.38,83.59,3,3,3,3
95.18,91.56,49.54,0,0,0,0
86.86,88.42,41.97,0,0,0,0
95.99,103.97,59.2,0,1,1,1
96.58,90.03,32.21,0,0,0,0
79.26,85.27,45.73,2,0,0,2
89.78,74.03,44.28,0,2,0,2
90.45,85.29,45.4,0,0,0,0
81.09,68.69,43.81,2,2,0,2
92.67,84.96,55.49,0,0,1,1
57.74,83.38,39.12,3,0,0,3
93.09,76.39,54.37,0,2,1,1
88.51,84.52,26.58,0,0,2,2
47.16,91.01,36.29,3,0,0,3
62.53,101.05,39.54,3,1,0,3
88.88,88.34,38.44,0,0,0,0
98.13,75.8,30.69,0,2,0,2
86.57,93.59,59.5,0,0,1,1
76.9,80.24,39.0,2,0,0,2
97.36,95.91,38.64,0,0,0,0
111.15,91.71,31.24,1,0,0,1
97.54,94.1,35.97,0,0,0,0
92.36,98.32,37.93,0,0,0,0
93.33,89.82,60.7,0,0,1,1
89.46,108.31,46.94,0,1,0,1
94.3,106.45,37.29,0,1,0,1
113.51,89.69,34.38,1,0,0,1
89.16,88.31,57.07,0,0,1,1
88.16,88.16,41.16,0,0,0,0
111.84,93.8,45.88,1,0,0,1
99.76,98.57,34.26,0,0,0,0
88.72,93.26,32.33,0,0,0,0
93.5,45.57,42.52,0,3,0,3
127.06,136.55,29.45,3,3,3,3
91.05,98.16,15.99,0,0,2,2
98.05,82.83,35.52,0,0,0,0
97.22,95.77,53.7,0,0,1,1
102.23,88.93,32.3,1,0,0,1
74.42,85.93,48.7,2,0,0,2
92.1,67.83,32.95,0,2,0,2
89.15,91.05,32.54,0,0,0,0
90.99,96.25,43.8,0,0,0,0
109.66,77.95,49.36,1,2,0,1
108.55,113.84,59.36,1,1,1,1
103.11,86.14,35.12,1,0,0,1
94.97,85.86,6.08,0,0,3,3
93.31,84.95,41.77,0,0,0,0
89.64,82.62,36.21,0,0,0,0
49.78,81.27,29.93,3,0,3,3
85.91,110.41,34.77,0,1,0,1
92.0,101.76,43.55,0,1,0,1
95.99,85.19,31.51,0,0,0,0
94.25,43.89,48.07,0,3,0,3
98.3,83.68,49.01,0,0,0,0
89.86,90.79,54.96,0,0,1,1
110.81,103.0,61.13,1,1,1,1
73.5,81.46,34.09,2,0,0,2
120.52,139.43,48.03,3,3,0,3
54.52,90.91,45.2,3,0,0,3
92.56,94.64,13.26,0,0,3,3
102.85,91.88,45.67,1,0,0,1
95.3,77.14,35.52,0,2,0,2
95.7,93.02,24.88,0,0,2,2
105.7,86.1,44.94,1,0,0,1
106.46,97.26,39.26,1,0,0,1
107.21,97.1,61.38,1,0,1,1
48.05,93.78,36.32,3,0,0,3
112.94,84.63,41.86,1,0,0,1
85.14,93.56,84.41,0,0,3,3
89.66,60.05,42.63,0,2,0,2
82.65,73.08,24.44,2,2,2,2
94.67,92.99,54.03,0,0,1,1
94.72,95.76,41.32,0,0,0,0
75.17,93.24,31.44,2,0,0,2
93.77,67.71,31.01,0,2,0,2
57.99,85.45,34.8,3,0,0,3
97.05,103.99,40.09,0,1,0,1
93.42,97.52,62.54,0,0,1,1
95.84,91.15,45.55,0,0,0,0
93.28,88.04,18.55,0,0,2,2
131.2,120.66,45.48,3,3,0,3
124.16,124.06,43.78,3,3,0,3
92.09,77.36,45.59,0,2,0,2
85.85,85.72,42.42,0,0,0,0
97.03,85.04,64.47,0,0,1,1
93.24,88.92,41.02,0,0,0,0
93.91,89.3,40.22,0,0,0,0
87.41,89.46,16.16,0,0,2,2
88.37,92.33,32.22,0,0,0,0
93.24,103.93,31.76,0,1,0,1
54.24,88.65,31.94,3,0,0,3
87.48,91.53,17.91,0,0,2,2
102.33,91.31,49.24,1,0,0,1
89.92,88.42,30.74,0,0,0,0
93.53,94.91,31.63,0,0,0,0
106.46,98.41,47.28,1,0,0,1
95.18,81.29,38.37,0,0,0,0
73.61,76.32,26.48,2,2,2,2
92.05,89.98,24.29,0,0,2,2
91.32,96.7,47.65,0,0,0,0
92.03,85.58,37.21,0,0,0,0
59.39,90.65,46.05,3,0,0,3
87.63,104.72,37.68,0,1,0,1
97.99,93.79,64.56,0,0,1,1
92.59,105.53,47.6,0,1,0,1
110.87,114.21,59.51,1,1,1,1
61.42,54.34,69.27,3,3,3,3
79.58,78.95,28.37,2,2,2,2
89.96,87.86,37.79,0,0,0,0
97.19,112.42,30.68,0,1,0,1
91.49,46.64,48.77,0,3,0,3
80.04,99.27,45.79,2,0,0,2
104.93,112.08,55.35,1,1,1,1
91.49,113.22,46.36,0,1,0,1
97.58,85.44,46.02,0,0,0,0
77.87,94.29,32.98,2,0,0,2
133.82,127.66,31.66,3,3,0,3
84.97,41.09,36.97,3,3,0,3
110.82,85.18,49.22,1,0,0,1
94.05,105.73,49.75,0,1,0,1
89.97,90.66,36.1,0,0,0,0
88.72,89.57,46.94,0,0,0,0
86.57,90.16,20.29,0,0,2,2
44.61,55.41,73.05,3,3,3,3
90.18,113.01,42.77,0,1,0,1
91.13,96.98,61.49,0,0,1,1
89.83,65.99,45.9,0,2,0,2
95.46,81.48,58.51,0,0,1,1
98.08,85.27,34.2,0,0,0,0
69.42,82.13,43.23,3,0,0,3
128.63,121.5,48.99,3,3,0,3
133.39,120.1,46.72,3,3,0,3
92.61,99.55,43.61,0,0,0,0
58.18,91.31,41.43,3,0,0,3
89.21,80.02,18.82,0,0,2,2
96.37,95.35,46.82,0,0,0,0
88.94,88.91,55.19,0,0,1,1
86.06,83.16,37.32,0,0,0,0
92.15,85.45,42.51,0,0,0,0
99.01,89.31,47.06,0,0,0,0
97.33,103.32,39.35,0,1,0,1
76.37,94.35,47.33,2,0,0,2
82.6,73.67,18.75,2,2,2,2
72.07,89.5,38.9,2,0,0,2
71.18,37.64,70.24,2,3,3,3
87.71,91.1,38.21,0,0,0,0
86.89,114.58,43.06,0,1,0,1
95.51,90.92,34.75,0,0,0,0
73.28,95.88,34.84,2,0,0,2
100.53,85.26,75.04,3,0,3,3
97.88,92.18,21.83,0,0,2,2
114.48,83.42,31.63,1,0,0,1
98.5,99.12,38.79,0,0,0,0
86.49,62.24,15.18,0,2,2,2
108.3,93.48,32.55,1,0,0,1
92.35,93.38,37.67,0,0,0,0
108.71,84.09,51.69,1,0,1,1
87.21,91.65,20.33,0,0,2,2
124.46,119.88,48.04,3,3,0,3
92.73,71.28,30.34,0,2,0,2
91.61,82.55,38.56,0,0,0,0
129.91,124.08,42.59,3,3,0,3
93.93,58.51,40.3,0,3,0,3
68.57,87.22,50.4,3,0,3,3
108.45,89.33,44.13,1,0,0,1
46.21,79.78,37.06,3,3,0,3
83.06,92.3,5.46,2,0,3,3
90.33,111.49,33.58,0,1,0,1
59.47,80.68,36.23,3,0,0,3
93.35,95.31,31.14,0,0,0,0
80.44,92.57,40.12,2,0,0,2
87.4,59.61,42.98,0,3,0,3
95.46,86.0,54.13,0,0,1,1
52.6,87.93,44.1,3,0,0,3
95.48,82.81,8.6,0,0,3,3
72.5,88.64,41.64,2,0,0,2
94.04,79.44,79.15,0,3,3,3
86.81,93.81,71.16,0,0,3,3
99.38,112.04,38.72,0,1,0,1
41.54,87.73,35.19,3,0,0,3
88.67,95.58,38.69,0,0,0,0
89.29,92.67,36.66,0,0,0,0
103.25,103.34,52.7,1,1,1,1
90.49,81.14,35.27,0,0,0,0
88.02,103.88,44.83,0,1,0,1
94.86,108.06,31.46,0,1,0,1
96.18,87.03,33.38,0,0,0,0
81.39,68.81,33.52,2,2,0,2
48.4,87.03,42.34,3,0,0,3
90.72,95.95,76.73,0,0,3,3
90.11,85.69,12.45,0,0,3,3
87.45,83.82,49.72,0,0,0,0
98.3,90.99,44.1,0,0,0,0
47.84,51.76,87.21,3,3,3,3
93.77,97.42,32.07,0,0,0,0
92.35,84.74,31.36,0,0,0,0
88.7,88.13,42.54,0,0,0,0
87.52,83.9,36.77,0,0,0,0
92.78,74.55,27.19,0,2,2,2
94.69,96.0,39.55,0,0,0,0
59.35,37.42,74.58,3,3,3,3
99.8,108.24,40.66,0,1,0,1
88.2,64.23,37.61,0,2,0,2
98.99,96.87,63.81,0,0,1,1
91.33,80.41,44.39,0,0,0,0
137.83,133.2,41.28,3,3,0,3
63.55,38.19,78.04,3,3,3,3
91.96,96.1,37.92,0,0,0,0
92.09,82.94,19.55,0,0,2,2
98.04,89.09,44.09,0,0,0,0
79.95,87.14,36.5,2,0,0,2
98.03,86.82,19.08,0,0,2,2
91.0,64.05,34.31,0,2,0,2
88.36,97.54,31.97,0,0,0,0
105.32,81.09,42.9,1,0,0,1
124.2,114.76,47.12,3,1,0,3
81.65,85.51,37.1,2,0,0,2
87.48,93.83,36.3,0,0,0,0
137.49,134.7,42.39,3,3,0,3
82.22,74.76,24.23,2,2,2,2
74.31,86.71,42.14,2,0,0,2
79.35,90.98,38.64,2,0,0,2
76.29,94.21,36.61,2,0,0,2
97.27,64.49,32.6,0,2,0,2
85.21,89.7,38.52,0,0,0,0
89.43,91.2,58.62,0,0,1,1
64.55,42.41,73.56,3,3,3,3
101.28,75.56,44.67,1,2,0,1
91.15,90.55,40.93,0,0,0,0
94.86,86.48,24.26,0,0,2,2
87.02,91.62,73.29,0,0,3,3
93.45,80.66,37.01,0,0,0,0
94.78,87.33,62.95,0,0,1,1
88.64,63.58,32.47,0,2,0,2
96.47,90.93,25.18,0,0,2,2
94.34,94.94,1.04,0,0,3,3
76.13,80.71,35.04,2,0,0,2
94.65,88.24,30.97,0,0,0,0
111.81,91.23,31.03,1,0,0,1
44.36,82.09,36.93,3,0,0,3
127.14,118.89,42.9,3,3,0,3
98.45,51.03,41.41,0,3,0,3
74.27,83.25,39.89,2,0,0,2
91.68,93.1,36.52,0,0,0,0
74.84,62.21,30.39,2,2,0,2
92.23,88.65,55.95,0,0,1,1
83.19,108.0,32.52,2,1,0,1
85.6,61.33,30.21,0,2,0,2
87.97,52.2,35.81,0,3,0,3
87.25,111.89,45.27,0,1,0,1
93.61,87.95,30.22,0,0,0,0
57.78,35.27,75.31,3,3,3,3
97.77,97.59,32.71,0,0,0,0
90.62,78.85,59.83,0,2,1,1
85.45,73.98,37.17,0,2,0,2
128.29,130.44,37.85,3,3,0,3
49.32,51.48,65.32,3,3,3,3
101.85,113.4,33.99,1,1,0,1
107.97,95.41,31.98,1,0,0,1
81.2,98.88,44.23,2,0,0,2
89.75,94.82,57.68,0,0,1,1
86.75,93.96,43.88,0,0,0,0
75.15,64.1,19.8,2,2,2,2
91.82,89.93,39.75,0,0,0,0
85.15,84.83,46.84,0,0,0,0
95.38,93.19,64.11,0,0,1,1
70.08,96.11,42.69,2,0,0,2
70.35,72.24,26.31,2,2,2,2
122.83,133.87,43.72,3,3,0,3
89.51,97.34,23.71,0,0,2,2
86.68,90.6,38.42,0,0,0,0
96.29,84.18,34.49,0,0,0,0
74.63,87.78,45.09,2,0,0,2
88.88,99.25,38.45,0,0,0,0
94.39,87.94,42.68,0,0,0,0
101.33,50.86,35.44,1,3,0,3
93.19,96.51,33.7,0,0,0,0
90.42,86.52,71.07,0,0,3,3
89.51,105.55,47.57,0,1,0,1
74.27,69.54,25.04,2,2,2,2
106.13,101.81,46.74,1,1,0,1
89.82,95.07,3.56,0,0,3,3
98.3,93.27,42.29,0,0,0,0
96.6,87.4,27.99,0,0,2,2
110.65,98.76,27.12,1,0,2,1
91.24,89.82,43.5,0,0,0,0
95.97,88.89,34.32,0,0,0,0
111.49,93.13,34.14,1,0,0,1
54.43,87.17,34.26,3,0,0,3
124.05,131.75,34.56,3,3,0,3
84.78,50.96,43.09,3,3,0,3
84.26,87.31,85.83,3,0,3,3
85.34,87.84,42.09,0,0,0,0
93.89,36.6,41.26,0,3,0,3
94.32,92.4,40.82,0,0,0,0
54.33,62.41,83.67,3,2,3,3
88.81,55.77,47.19,0,3,0,3
90.91,87.37,37.56,0,0,0,0
42.9,86.63,28.92,3,0,2,3
90.11,66.55,30.3,0,2,0,2
88.92,96.39,44.67,0,0,0,0
92.17,95.71,24.42,0,0,2,2
92.14,113.71,38.75,0,1,0,1
113.21,94.17,38.6,1,0,0,1
92.58,81.74,26.86,0,0,2,2
96.07,84.85,25.26,0,0,2,2
85.19,111.86,28.85,0,1,2,1
99.59,88.26,19.98,0,0,2,2
79.27,96.5,35.56,2,0,0,2
92.17,85.87,23.68,0,0,2,2
83.64,79.36,73.22,2,3,3,3
88.59,84.83,33.87,0,0,0,0
62.77,95.98,36.54,3,0,0,3
42.04,37.39,69.57,3,3,3,3
89.53,91.9,39.41,0,0,0,0
79.35,82.93,35.9,2,0,0,2
101.07,93.18,31.68,1,0,0,1
97.67,89.86,35.77,0,0,0,0
97.21,85.02,32.22,0,0,0,0
76.29,80.73,48.14,2,0,0,2
86.29,90.55,47.15,0,0,0,0
82.36,86.98,22.22,2,0,2,2
97.0,76.72,39.12,0,2,0,2
104.94,95.98,39.22,1,0,0,1
72.47,93.4,42.29,2,0,0,2
96.85,77.71,55.23,0,2,1,1
105.68,99.79,30.53,1,0,0,1
90.43,94.87,38.62,0,0,0,0
99.38,82.35,42.9,0,0,0,0
85.21,49.6,29.35,0,3,3,3
97.7,73.05,44.13,0,2,0,2
106.66,93.76,38.36,1,0,0,1
92.31,39.64,46.57,0,3,0,3
107.93,113.08,59.6,1,1,1,1
88.86,91.51,33.2,0,0,0,0
101.76,110.84,37.1,1,1,0,1
87.44,93.11,42.99,0,0,0,0
85.68,113.0,51.77,0,1,1,1
87.73,92.93,41.64,0,0,0,0
112.18,88.81,45.67,1,0,0,1
54.35,88.23,42.41,3,0,0,3
136.61,121.3,33.96,3,3,0,3
95.0,94.9,33.94,0,0,0,0
87.98,39.04,41.05,0,3,0,3
60.56,88.9,41.72,3,0,0,3
94.1,82.61,30.12,0,0,0,0
44.96,44.69,82.75,3,3,3,3
97.59,84.06,38.51,0,0,0,0
89.05,93.11,73.76,0,0,3,3
49.81,91.14,44.64,3,0,0,3
105.86,87.22,43.58,1,0,0,1
94.76,113.18,44.29,0,1,0,1
79.83,95.66,40.26,2,0,0,2
120.02,144.59,43.0,3,3,0,3
89.6,36.15,40.71,0,3,0,3
96.26,68.26,49.27,0,2,0,2
90.31,91.16,33.89,0,0,0,0
86.97,108.45,42.36,0,1,0,1
91.49,87.09,32.77,0,0,0,0
95.07,85.32,35.72,0,0,0,0
84.86,60.14,40.52,3,2,0,3
92.3,87.9,38.05,0,0,0,0
71.75,95.3,49.16,2,0,0,2
87.97,99.11,49.94,0,0,0,0
92.09,82.46,32.58,0,0,0,0
94.76,80.5,43.3,0,0,0,0
90.51,93.31,39.13,0,0,0,0
89.61,110.35,30.42,0,1,0,1
88.42,58.59,43.42,0,3,0,3
88.26,96.02,41.59,0,0,0,0
138.42,129.48,45.32,3,3,0,3
97.58,85.75,18.3,0,0,2,2
98.11,97.19,45.94,0,0,0,0
122.34,122.3,47.94,3,3,0,3
96.36,81.96,39.18,0,0,0,0
98.5,92.27,60.97,0,0,1,1
94.27,97.36,46.17,0,0,0,0
99.53,84.77,47.97,0,0,0,0
82.43,94.25,35.07,2,0,0,2
89.23,93.38,64.29,0,0,1,1
126.63,119.2,50.4,3,3,3,3
98.47,84.42,17.96,0,0,2,2
114.43,81.18,31.86,1,0,0,1
76.83,94.45,34.24,2,0,0,2
99.19,68.64,46.96,0,2,0,2
78.02,76.63,19.86,2,2,2,2
92.66,85.22,8.33,0,0,3,3
120.6,128.28,51.65,3,3,1,3
98.38,87.84,64.08,0,0,1,1
107.41,111.23,63.61,1,1,1,1
127.53,120.13,45.84,3,3,0,3
62.53,77.24,44.81,3,2,0,3
99.76,86.44,24.69,0,0,2,2
46.94,97.78,43.99,3,0,0,3
51.04,90.56,46.03,3,0,0,3
103.18,113.96,55.14,1,1,1,1
87.22,91.21,59.96,0,0,1,1
61.95,96.13,46.8,3,0,0,3
90.02,89.59,30.39,0,0,0,0
94.5,86.11,30.87,0,0,0,0
87.77,111.02,40.25,0,1,0,1
90.07,93.37,42.1,0,0,0,0
101.02,83.19,30.7,1,0,0,1
91.96,80.24,44.47,0,0,0,0
131.24,116.39,33.5,3,3,0,3
83.32,79.44,86.06,2,3,3,3
87.0,85.93,49.21,0,0,0,0
77.31,93.84,34.43,2,0,0,2
80.27,93.66,38.44,2,0,0,2
93.96,69.87,40.23,0,2,0,2
103.91,108.49,44.13,1,1,0,1
91.87,91.96,80.31,0,0,3,3
95.52,80.82,39.75,0,0,0,0
75.48,90.14,39.8,2,0,0,2
71.48,78.09,47.4,2,2,0,2
91.47,43.96,38.52,0,3,0,3
97.74,96.42,39.86,0,0,0,0
87.54,80.79,48.15,0,0,0,0
62.46,53.97,73.49,3,3,3,3
106.5,106.66,59.62,1,1,1,1
85.33,91.66,36.83,0,0,0,0
95.07,96.69,74.28,0,0,3,3
67.07,51.42,77.57,3,3,3,3
98.21,91.64,46.05,0,0,0,0
89.08,86.95,56.98,0,0,1,1
93.88,93.1,37.71,0,0,0,0
97.98,90.99,38.31,0,0,0,0
78.06,93.35,31.54,2,0,0,2
89.97,85.84,37.98,0,0,0,0
93.0,97.61,45.67,0,0,0,0
122.44,137.96,32.56,3,3,0,3
90.53,70.65,40.69,0,2,0,2
77.85,90.08,34.36,2,0,0,2
107.04,95.09,35.67,1,0,0,1
99.07,95.25,16.16,0,0,2,2
89.29,96.01,39.87,0,0,0,0
98.0,88.37,54.48,0,0,1,1
132.26,132.0,41.54,3,3,0,3
89.55,88.69,22.44,0,0,2,2
95.42,82.61,15.29,0,0,2,2
89.01,71.66,41.71,0,2,0,2
73.74,81.8,46.08,2,0,0,2
52.17,88.61,35.41,3,0,0,3
92.19,87.1,46.48,0,0,0,0
89.25,95.58,52.63,0,0,1,1
93.85,96.47,30.28,0,0,0,0
104.0,101.87,61.54,1,1,1,1
93.74,105.06,35.98,0,1,0,1
98.99,114.42,43.27,0,1,0,1
62.93,90.68,33.5,3,0,0,3
89.46,74.59,45.91,0,2,0,2
89.65,93.84,33.38,0,0,0,0
52.58,93.15,43.48,3,0,0,3
94.02,80.3,12.34,0,0,3,3
78.99,86.91,44.36,2,0,0,2
88.71,85.66,17.06,0,0,2,2
95.14,70.96,33.8,0,2,0,2
86.38,102.78,44.82,0,1,0,1
94.55,113.64,45.64,0,1,0,1
87.72,82.42,31.94,0,0,0,0
94.69,90.91,32.46,0,0,0,0
55.51,100.61,48.07,3,3,0,3
86.33,87.88,74.16,0,0,3,3
73.53,97.77,32.77,2,0,0,2
96.34,72.9,42.75,0,2,0,2
91.16,95.52,41.34,0,0,0,0
108.69,93.17,41.85,1,0,0,1
103.59,113.58,55.62,1,1,1,1
87.9,87.94,45.68,0,0,0,0
75.69,91.4,40.64,2,0,0,2
89.95,69.19,28.55,0,2,2,2
95.26,73.99,38.23,0,2,0,2
101.52,93.14,45.49,1,0,0,1
87.89,85.96,33.61,0,0,0,0
58.27,83.8,32.58,3,0,0,3
91.07,89.51,40.02,0,0,0,0
55.57,89.0,41.42,3,0,0,3
90.64,83.49,67.51,0,0,3,3
63.22,100.4,47.35,3,3,0,3
90.28,85.6,39.0,0,0,0,0
78.42,89.14,35.76,2,0,0,2
74.38,86.87,39.94,2,0,0,2
92.33,98.04,45.62,0,0,0,0
96.07,114.42,48.15,0,1,0,1
97.59,80.98,4.52,0,0,3,3
85.52,101.5,41.19,0,1,0,1
106.26,97.14,35.0,1,0,0,1
90.14,105.65,44.62,0,1,0,1
99.67,98.77,58.48,0,0,1,1
110.15,112.21,57.73,1,1,1,1
109.41,96.35,40.49,1,0,0,1
86.0,65.66,43.95,0,2,0,2
92.92,89.37,18.41,0,0,2,2
97.92,88.52,84.73,0,0,3,3
92.44,91.85,46.3,0,0,0,0
92.51,93.56,43.16,0,0,0,0
81.96,94.36,23.55,2,0,2,2
97.25,88.28,61.54,0,0,1,1
114.32,114.99,54.79,1,1,1,1
125.68,127.32,45.32,3,3,0,3
51.6,81.94,38.06,3,0,0,3
89.54,92.9,38.87,0,0,0,0
65.32,93.9,35.15,3,0,0,3
91.32,82.92,36.67,0,0,0,0
110.42,88.45,42.78,1,0,0,1
95.96,86.79,47.34,0,0,0,0
82.76,37.82,32.23,2,3,0,3
90.34,76.01,32.41,0,2,0,2
90.36,94.53,49.68,0,0,0,0
93.9,89.43,35.69,0,0,0,0
71.46,98.3,32.25,2,0,0,2
50.95,88.17,34.96,3,0,0,3
114.6,94.26,36.87,1,0,0,1
91.34,92.53,47.87,0,0,0,0
128.89,136.72,32.7,3,3,0,3
64.19,89.15,50.47,3,0,3,3
94.49,96.09,55.0,0,0,1,1
98.47,80.31,8.55,0,0,3,3
94.68,87.77,41.84,0,0,0,0
76.33,88.53,35.34,2,0,0,2
95.72,93.2,63.87,0,0,1,1
113.09,89.01,39.08,1,0,0,1
89.31,109.35,46.37,0,1,0,1
95.03,90.67,44.29,0,0,0,0
87.95,77.74,48.49,0,2,0,2
76.25,86.16,33.33,2,0,0,2
59.17,89.47,50.16,3,0,3,3
90.41,92.2,43.9,0,0,0,0
83.39,99.65,22.25,2,0,2,2
104.93,102.67,42.41,1,1,0,1
64.0,99.08,31.99,3,0,0,3
92.61,81.54,46.06,0,0,0,0
78.8,84.71,39.6,2,0,0,2
65.0,42.4,68.06,3,3,3,3
97.06,84.71,39.91,0,0,0,0
94.49,107.13,36.48,0,1,0,1
91.98,89.55,42.14,0,0,0,0
66.15,90.24,38.19,3,0,0,3
81.97,81.74,35.9,2,0,0,2
87.85,98.73,64.02,0,0,1,1
76.44,76.84,43.12,2,2,0,2
94.96,98.15,44.62,0,0,0,0
73.17,85.04,49.39,2,0,0,2
85.36,92.81,30.31,0,0,0,0
64.67,83.05,34.77,3,0,0,3
73.5,93.48,45.45,2,0,0,2
97.75,87.03,35.01,0,0,0,0
92.72,94.81,71.45,0,0,3,3
91.04,102.58,34.05,0,1,0,1
94.7,85.83,30.37,0,0,0,0
107.84,82.86,34.1,1,0,0,1
88.93,86.86,19.28,0,0,2,2
80.15,91.94,39.35,2,0,0,2
84.07,93.98,3.07,3,0,3,3
87.36,87.26,78.51,0,0,3,3
102.55,99.57,32.42,1,0,0,1
93.91,92.25,46.0,0,0,0,0
125.19,133.14,47.55,3,3,0,3
91.95,95.22,36.05,0,0,0,0
74.86,97.28,46.74,2,0,0,2
90.73,90.6,34.2,0,0,0,0
118.49,123.88,36.73,3,3,0,3
88.27,90.27,32.14,0,0,0,0
97.41,94.95,35.36,0,0,0,0
62.84,58.21,77.1,3,3,3,3
100.97,90.75,69.41,3,0,3,3
111.02,95.62,42.25,1,0,0,1
142.48,131.57,41.24,3,3,0,3
96.0,90.63,64.99,0,0,1,1
94.94,88.5,76.03,0,0,3,3
114.74,114.55,62.53,1,1,1,1
95.12,36.35,41.83,0,3,0,3
96.79,86.3,37.93,0,0,0,0
76.11,67.56,19.91,2,2,2,2
58.6,37.96,72.2,3,3,3,3
93.07,89.49,15.32,0,0,2,2
93.58,109.14,46.76,0,1,0,1
55.94,85.07,37.51,3,0,0,3
93.26,99.26,48.5,0,0,0,0
55.15,95.84,29.55,3,0,3,3
99.46,50.36,32.5,0,3,0,3
84.24,96.31,8.76,3,0,3,3
74.66,75.75,26.92,2,2,2,2
104.34,81.31,45.93,1,0,0,1
113.97,98.57,42.18,1,0,0,1
90.59,61.2,37.78,0,2,0,2
95.73,84.11,27.61,0,0,2,2
90.91,93.84,38.35,0,0,0,0
107.07,109.95,54.12,1,1,1,1
89.12,84.49,20.72,0,0,2,2
91.74,85.81,31.39,0,0,0,0
67.97,51.14,80.09,3,3,3,3
76.98,81.93,19.11,2,0,2,2
106.09,101.51,34.58,1,1,0,1
78.96,86.79,31.26,2,0,0,2
67.27,83.34,38.27,3,0,0,3
73.15,95.87,36.39,2,0,0,2
88.0,113.39,33.59,0,1,0,1
69.37,55.47,65.54,3,3,3,3
87.97,89.4,49.35,0,0,0,0
96.17,111.6,37.37,0,1,0,1
91.07,95.02,40.42,0,0,0,0
89.12,94.4,43.93,0,0,0,0
71.07,76.12,23.15,2,2,2,2
71.79,98.98,35.71,2,0,0,2
88.03,87.4,20.91,0,0,2,2
98.34,89.95,52.54,0,0,1,1
92.71,85.36,43.15,0,0,0,0
92.85,106.48,49.7,0,1,0,1
57.3,95.77,41.11,3,0,0,3
57.17,98.22,52.46,3,0,1,3
93.44,38.7,41.61,0,3,0,3
79.84,60.42,22.53,2,2,2,2
90.23,99.63,48.83,0,0,0,0
70.3,65.49,23.54,2,2,2,2
55.5,85.19,47.65,3,0,0,3
98.38,84.72,60.95,0,0,1,1
87.04,96.37,40.8,0,0,0,0
86.26,91.86,46.73,0,0,0,0
109.57,112.69,62.75,1,1,1,1
84.47,35.34,31.97,3,3,0,3
113.17,110.14,49.19,1,1,0,1
87.21,76.51,38.58,0,2,0,2
90.35,91.53,40.14,0,0,0,0
107.25,84.59,33.71,1,0,0,1
84.11,88.04,9.5,3,0,3,3
63.78,96.63,42.86,3,0,0,3
98.23,102.51,31.79,0,1,0,1
90.83,42.37,43.02,0,3,0,3
94.21,46.22,33.23,0,3,0,3
108.0,112.47,49.73,1,1,0,1
97.76,86.72,35.42,0,0,0,0
92.4,91.71,61.5,0,0,1,1
91.1,105.53,46.01,0,1,0,1
98.12,78.18,61.34,0,2,1,1
89.81,91.14,79.73,0,0,3,3
87.4,95.82,74.71,0,0,3,3
90.76,112.31,41.14,0,1,0,1
97.82,94.68,55.11,0,0,1,1
98.59,105.98,30.2,0,1,0,1
82.48,80.95,8.19,2,0,3,3
89.22,71.58,35.5,0,2,0,2
91.38,93.33,48.17,0,0,0,0
79.88,38.85,48.73,2,3,0,3
94.92,110.22,43.12,0,1,0,1
94.6,82.66,54.74,0,0,1,1
92.87,95.67,45.81,0,0,0,0
90.16,88.42,46.51,0,0,0,0
90.71,84.12,34.94,0,0,0,0
94.75,96.17,48.85,0,0,0,0
89.34,96.49,42.17,0,0,0,0
94.03,84.71,35.31,0,0,0,0
109.69,92.54,33.25,1,0,0,1
105.07,104.46,63.19,1,1,1,1
111.2,111.9,51.13,1,1,1,1
100.96,99.87,80.72,3,0,3,3
91.2,82.7,51.67,0,0,1,1
90.39,85.07,42.34,0,0,0,0
105.59,96.64,38.53,1,0,0,1
59.13,92.55,39.35,3,0,0,3
90.83,81.8,15.22,0,0,2,2
96.37,84.28,54.25,0,0,1,1
92.72,83.75,74.03,0,0,3,3
112.55,88.53,44.45,1,0,0,1
98.75,95.87,41.24,0,0,0,0
110.0,101.42,60.92,1,1,1,1
97.37,75.47,47.05,0,2,0,2
55.95,56.4,69.05,3,3,3,3
113.31,96.58,43.05,1,0,0,1
90.11,85.5,41.34,0,0,0,0
92.98,81.27,28.0,0,0,2,2
132.2,139.71,34.55,3,3,0,3
93.84,97.72,31.93,0,0,0,0
95.31,87.83,42.25,0,0,0,0
71.01,88.06,28.62,2,0,2,2
101.74,99.56,33.64,1,0,0,1
83.98,69.6,40.58,2,2,0,2
86.76,87.12,34.21,0,0,0,0
97.28,81.02,41.83,0,0,0,0
127.64,136.18,46.51,3,3,0,3
96.74,95.53,44.04,0,0,0,0
74.09,54.39,80.85,2,3,3,3
60.26,81.09,41.37,3,0,0,3
89.72,95.2,14.58,0,0,3,3
84.21,84.25,63.4,3,0,1,3
87.51,93.44,35.49,0,0,0,0
108.12,107.7,55.72,1,1,1,1
92.47,95.14,68.56,0,0,3,3
90.76,49.7,30.82,0,3,0,3
89.8,54.82,49.91,0,3,0,3
91.07,95.87,32.65,0,0,0,0
91.57,97.37,39.56,0,0,0,0
86.49,98.52,39.15,0,0,0,0
95.84,90.5,66.65,0,0,3,3
99.54,90.08,41.85,0,0,0,0
97.06,75.18,48.47,0,2,0,2
89.34,92.11,41.8,0,0,0,0
123.77,138.44,41.3,3,3,0,3
93.73,90.07,38.77,0,0,0,0
57.58,39.04,75.76,3,3,3,3
92.66,88.32,67.01,0,0,3,3
106.01,89.66,44.78,1,0,0,1
82.86,81.49,75.36,2,0,3,3
87.81,87.41,57.43,0,0,1,1
92.44,97.47,37.03,0,0,0,0
94.95,82.7,47.05,0,0,0,0
138.12,139.89,31.63,3,3,0,3
106.76,92.9,36.64,1,0,0,1
93.78,97.09,64.94,0,0,1,1
97.47,83.88,36.21,0,0,0,0
93.27,81.49,35.16,0,0,0,0
93.61,79.47,65.59,0,3,3,3
98.64,106.7,31.64,0,1,0,1
87.13,45.57,44.09,0,3,0,3
93.27,113.14,48.64,0,1,0,1
86.54,82.96,42.9,0,0,0,0
110.04,103.86,58.88,1,1,1,1
87.31,95.28,34.29,0,0,0,0
143.14,121.03,48.47,3,3,0,3
87.16,55.55,37.8,0,3,0,3
92.71,99.74,24.75,0,0,2,2
98.71,72.61,39.99,0,2,0,2
80.44,71.61,22.03,2,2,2,2
74.98,64.24,18.68,2,2,2,2
78.9,95.69,37.41,2,0,0,2
48.44,92.21,49.86,3,0,0,3
105.48,90.15,41.5,1,0,0,1
94.01,94.15,34.17,0,0,0,0
79.65,65.66,27.85,2,2,2,2
110.59,106.98,52.21,1,1,1,1
110.07,83.9,39.84,1,0,0,1
93.21,109.03,51.1,0,1,1,1
88.72,86.71,32.6,0,0,0,0
97.2,39.26,31.3,0,3,0,3
105.81,112.95,53.73,1,1,1,1
52.83,90.75,47.51,3,0,0,3
86.72,102.42,45.76,0,1,0,1
97.2,72.73,33.33,0,2,0,2
93.09,37.67,38.07,0,3,0,3
89.12,80.35,22.4,0,0,2,2
87.26,92.61,35.29,0,0,0,0
110.61,89.39,36.27,1,0,0,1
73.22,82.11,49.93,2,0,0,2
87.56,89.05,34.39,0,0,0,0
80.65,97.91,32.09,2,0,0,2
103.29,114.74,59.28,1,1,1,1
95.64,94.58,13.66,0,0,3,3
93.77,112.38,36.24,0,1,0,1
70.97,93.58,30.79,2,0,0,2
87.17,96.12,40.36,0,0,0,0
98.5,113.51,35.98,0,1,0,1
102.52,81.92,41.64,1,0,0,1
60.65,78.91,47.88,3,2,0,3
94.37,77.96,25.74,0,2,2,2
103.32,112.65,60.1,1,1,1,1
94.4,94.21,40.12,0,0,0,0
86.41,88.58,54.33,0,0,1,1
98.09,83.74,15.08,0,0,2,2
91.34,104.51,46.59,0,1,0,1
91.47,92.17,35.86,0,0,0,0
113.97,78.26,35.97,1,2,0,1
87.38,108.5,38.92,0,1,0,1
61.9,94.48,30.74,3,0,0,3
95.26,87.09,45.18,0,0,0,0
139.53,143.87,41.13,3,3,0,3
106.43,93.72,37.32,1,0,0,1
94.46,78.23,57.88,0,2,1,1
63.99,96.61,44.8,3,0,0,3
110.53,96.62,42.77,1,0,0,1
88.41,53.23,46.69,0,3,0,3
97.56,85.28,43.52,0,0,0,0
102.2,88.16,52.56,1,0,1,1
89.31,93.96,67.28,0,0,3,3
89.73,82.51,23.57,0,0,2,2
89.91,95.73,36.67,0,0,0,0
110.94,114.26,61.2,1,1,1,1
85.85,71.19,26.13,0,2,2,2
86.11,84.06,41.72,0,0,0,0
90.06,96.68,36.51,0,0,0,0
127.92,125.15,39.68,3,3,0,3
109.48,95.3,33.0,1,0,0,1
62.9,78.63,30.49,3,2,0,3
108.9,82.2,48.77,1,0,0,1
88.22,86.59,35.01,0,0,0,0
94.85,102.09,56.1,0,1,1,1
111.24,106.96,60.22,1,1,1,1
97.28,93.71,38.99,0,0,0,0
56.57,96.97,43.48,3,0,0,3
53.08,87.15,42.74,3,0,0,3
89.93,89.14,2.2,0,0,3,3
69.63,83.61,50.78,3,0,3,3
97.0,83.01,44.4,0,0,0,0
97.6,96.82,52.91,0,0,1,1
71.95,94.9,48.16,2,0,0,2
92.39,81.26,81.55,0,0,3,3
94.35,39.42,47.58,0,3,0,3
81.56,98.92,43.42,2,0,0,2
91.42,42.74,28.97,0,3,2,3
122.22,136.8,34.12,3,3,0,3
90.51,85.59,67.28,0,0,3,3
96.19,80.31,18.24,0,0,2,2
121.37,130.39,39.04,3,3,0,3
82.76,106.54,49.32,2,1,0,1
97.16,42.66,42.27,0,3,0,3
101.32,113.09,58.89,1,1,1,1
104.62,99.88,33.88,1,0,0,1
88.95,62.07,40.49,0,2,0,2
80.0,96.14,45.11,2,0,0,2
83.15,85.77,53.86,2,0,1,1
107.94,103.19,51.8,1,1,1,1
142.95,143.24,33.18,3,3,0,3
79.19,85.97,27.23,2,0,2,2
95.76,87.56,48.02,0,0,0,0
65.1,97.92,37.85,3,0,0,3
94.08,85.26,32.06,0,0,0,0
90.94,96.43,22.57,0,0,2,2
81.68,72.36,23.29,2,2,2,2
85.59,83.72,34.63,0,0,0,0
90.53,80.54,37.09,0,0,0,0
99.53,92.78,42.41,0,0,0,0
90.23,85.83,74.77,0,0,3,3
99.77,101.65,35.75,0,1,0,1
87.87,95.1,8.78,0,0,3,3
94.21,68.93,41.64,0,2,0,2
96.73,96.52,33.36,0,0,0,0
87.49,84.48,53.76,0,0,1,1
76.46,65.46,21.22,2,2,2,2
86.9,75.87,49.04,0,2,0,2
108.32,89.26,45.5,1,0,0,1
93.36,80.37,21.18,0,0,2,2
130.91,127.41,34.12,3,3,0,3
72.81,77.86,30.52,2,2,0,2
102.0,82.71,79.45,1,0,3,3
64.72,90.59,48.24,3,0,0,3
90.59,85.69,32.46,0,0,0,0
135.89,122.25,45.46,3,3,0,3
59.74,47.07,77.38,3,3,3,3
99.12,67.86,28.0,0,2,2,2
92.06,98.33,34.26,0,0,0,0
88.64,90.48,45.09,0,0,0,0
96.27,88.79,31.8,0,0,0,0
97.99,88.63,20.79,0,0,2,2
88.0,62.43,49.64,0,2,0,2
61.64,92.43,49.51,3,0,0,3
92.28,89.87,31.32,0,0,0,0
87.75,69.01,20.47,0,2,2,2
128.08,140.36,45.19,3,3,0,3
74.36,72.3,15.79,2,2,2,2
64.68,50.86,80.04,3,3,3,3
98.37,95.6,43.15,0,0,0,0
63.49,98.71,37.36,3,0,0,3
85.08,81.58,56.55,0,0,1,1
108.1,81.48,41.86,1,0,0,1
49.28,93.9,29.47,3,0,3,3
92.04,97.28,44.79,0,0,0,0
90.39,92.39,40.62,0,0,0,0
98.14,50.87,47.65,0,3,0,3
81.18,93.89,49.17,2,0,0,2
96.55,92.31,40.61,0,0,0,0
103.97,89.41,43.22,1,0,0,1
89.47,96.1,60.89,0,0,1,1
102.39,38.78,43.32,1,3,0,3
101.06,103.49,57.99,1,1,1,1
97.69,86.78,70.33,0,0,3,3
109.31,112.07,51.51,1,1,1,1
143.68,145.38,29.71,3,3,3,3
85.09,87.07,56.45,0,0,1,1
89.16,93.09,47.81,0,0,0,0
53.71,43.44,86.5,3,3,3,3
93.87,83.83,38.23,0,0,0,0
87.14,95.51,38.36,0,0,0,0
53.88,88.2,42.05,3,0,0,3
86.11,85.25,9.85,0,0,3,3
89.32,102.54,42.9,0,1,0,1
95.6,81.48,28.13,0,0,2,2
91.52,83.26,48.49,0,0,0,0
86.54,105.51,31.54,0,1,0,1
74.41,89.33,31.1,2,0,0,2
96.58,109.61,55.54,0,1,1,1
114.55,82.93,39.17,1,0,0,1
96.82,112.25,45.82,0,1,0,1
80.89,81.7,24.08,2,0,2,2
96.16,54.97,36.87,0,3,0,3
88.04,111.69,47.32,0,1,0,1
88.99,96.65,1.34,0,0,3,3
110.94,104.9,55.64,1,1,1,1
99.58,89.64,55.28,0,0,1,1
85.4,83.15,77.08,0,0,3,3
135.29,119.03,37.8,3,3,0,3
87.11,92.54,47.17,0,0,0,0
104.65,96.62,43.97,1,0,0,1
88.18,75.03,36.81,0,2,0,2
122.96,132.87,39.04,3,3,0,3
97.11,56.14,43.63,0,3,0,3
77.49,94.61,39.22,2,0,0,2
95.01,84.76,45.36,0,0,0,0
94.59,95.36,54.73,0,0,1,1
76.58,62.93,19.29,2,2,2,2
99.64,84.02,20.99,0,0,2,2
92.77,98.57,58.28,0,0,1,1
82.61,111.96,41.48,2,1,0,1
102.93,83.68,35.49,1,0,0,1
90.78,89.58,47.72,0,0,0,0
103.43,95.83,60.88,1,0,1,1
95.44,108.95,43.0,0,1,0,1
91.38,82.52,60.73,0,0,1,1
97.72,62.52,34.36,0,2,0,2
88.56,89.48,42.13,0,0,0,0
94.47,92.99,39.55,0,0,0,0
97.99,94.34,33.15,0,0,0,0
89.97,98.58,62.28,0,0,1,1
94.44,87.05,40.65,0,0,0,0
104.47,92.06,38.42,1,0,0,1
113.14,85.04,46.54,1,0,0,1
98.77,66.48,25.54,0,2,2,2
88.75,106.85,32.96,0,1,0,1
92.26,64.21,45.54,0,2,0,2
64.69,85.74,42.49,3,0,0,3
91.0,93.1,35.77,0,0,0,0
99.23,94.75,22.11,0,0,2,2
72.61,89.57,33.25,2,0,0,2
91.78,40.98,44.0,0,3,0,3
90.07,106.59,46.94,0,1,0,1
93.31,81.9,40.02,0,0,0,0
75.25,81.87,43.69,2,0,0,2
93.99,83.04,35.23,0,0,0,0
93.24,94.98,57.72,0,0,1,1
93.58,91.6,12.9,0,0,3,3
87.53,94.73,73.89,0,0,3,3
92.39,97.65,31.0,0,0,0,0
81.61,83.78,40.5,2,0,0,2
106.59,113.28,57.88,1,1,1,1
104.12,86.39,47.93,1,0,0,1
109.63,110.21,61.92,1,1,1,1
86.59,99.99,55.19,0,0,1,1
89.66,108.29,44.65,0,1,0,1
73.44,60.16,19.18,2,2,2,2
94.49,95.2,44.92,0,0,0,0
106.99,86.18,31.07,1,0,0,1
91.94,68.95,37.6,0,2,0,2
98.33,112.56,41.97,0,1,0,1
80.5,97.08,46.05,2,0,0,2
83.51,75.03,26.44,2,2,2,2
126.0,119.28,36.43,3,3,0,3
104.25,90.06,62.4,1,0,1,1
94.25,85.96,18.63,0,0,2,2
73.63,89.81,40.02,2,0,0,2
89.83,89.41,88.11,0,0,3,3
56.55,44.9,76.97,3,3,3,3
145.59,139.5,45.68,3,3,0,3
46.63,83.36,42.69,3,0,0,3
113.71,81.22,38.5,1,0,0,1
59.77,93.06,45.24,3,0,0,3
96.68,99.05,64.28,0,0,1,1
91.23,95.44,37.56,0,0,0,0
61.96,84.31,43.8,3,0,0,3
97.64,91.63,33.21,0,0,0,0
75.95,86.59,33.02,2,0,0,2
72.43,69.2,15.23,2,2,2,2
83.81,109.17,39.06,2,1,0,1
88.21,75.52,39.39,0,2,0,2
90.09,91.28,30.5,0,0,0,0
94.89,102.14,5.48,0,1,3,3
85.92,90.48,57.59,0,0,1,1
60.7,49.65,80.58,3,3,3,3
91.97,87.71,43.74,0,0,0,0
97.62,86.43,21.52,0,0,2,2
99.93,90.07,38.03,0,0,0,0
106.1,92.53,32.28,1,0,0,1
94.83,88.02,11.38,0,0,3,3
94.34,110.7,48.21,0,1,0,1
99.64,90.61,33.54,0,0,0,0
92.46,94.48,49.39,0,0,0,0
73.7,97.78,38.49,2,0,0,2
86.35,93.53,64.17,0,0,1,1
93.08,98.04,75.6,0,0,3,3
95.98,71.07,40.95,0,2,0,2
88.15,98.15,36.18,0,0,0,0
99.43,92.51,35.03,0,0,0,0
73.74,87.0,31.9,2,0,0,2
87.41,106.87,31.9,0,1,0,1
98.47,103.98,43.94,0,1,0,1
97.37,88.18,34.06,0,0,0,0
134.6,135.24,32.71,3,3,0,3
110.04,83.18,42.03,1,0,0,1
92.24,74.66,35.57,0,2,0,2
93.89,96.45,38.67,0,0,0,0
79.11,74.74,22.24,2,2,2,2
99.91,99.89,48.6,0,0,0,0
42.61,87.47,46.05,3,0,0,3
101.14,93.04,33.75,1,0,0,1
58.64,89.82,29.89,3,0,3,3
86.74,83.48,30.69,0,0,0,0
76.68,71.93,25.77,2,2,2,2
88.38,83.21,24.96,0,0,2,2
98.18,78.41,28.53,0,2,2,2
70.37,88.19,37.22,2,0,0,2
109.49,86.49,40.15,1,0,0,1
98.3,92.09,34.03,0,0,0,0
88.27,87.05,37.85,0,0,0,0
85.81,80.97,54.26,0,0,1,1
137.15,114.51,40.34,3,1,0,3
88.32,89.22,53.82,0,0,1,1
82.72,74.72,23.31,2,2,2,2
88.52,83.55,9.04,0,0,3,3
89.63,107.98,34.72,0,1,0,1
89.44,97.84,32.33,0,0,0,0
109.11,94.18,46.65,1,0,0,1
82.03,86.06,42.2,2,0,0,2
96.27,88.89,59.34,0,0,1,1
70.66,75.32,20.23,2,2,2,2
108.24,96.7,38.55,1,0,0,1
73.74,97.7,32.69,2,0,0,2
93.93,94.65,46.68,0,0,0,0
95.58,85.04,42.09,0,0,0,0
85.76,99.19,56.58,0,0,1,1
98.8,97.79,64.16,0,0,1,1
94.52,66.01,34.73,0,2,0,2
96.46,51.22,49.44,0,3,0,3
93.25,81.66,60.71,0,0,1,1
87.21,97.43,63.56,0,0,1,1
91.14,98.7,30.89,0,0,0,0
91.92,97.69,45.99,0,0,0,0
93.93,102.93,37.56,0,1,0,1
79.16,92.89,42.6,2,0,0,2
105.68,106.07,55.73,1,1,1,1
99.36,99.44,83.62,0,0,3,3
98.36,90.88,75.62,0,0,3,3
106.59,87.41,41.59,1,0,0,1
84.86,94.2,79.66,3,0,3,3
99.33,95.36,33.85,0,0,0,0
59.62,99.82,40.4,3,0,0,3
109.42,101.55,44.61,1,1,0,1
88.13,93.81,36.06,0,0,0,0
108.96,85.76,47.79,1,0,0,1
80.73,95.0,40.04,2,0,0,2
96.49,94.99,21.6,0,0,2,2
85.64,73.85,48.91,0,2,0,2
93.2,84.21,42.42,0,0,0,0
73.62,89.96,47.61,2,0,0,2
94.71,90.21,34.76,0,0,0,0
91.45,86.4,41.33,0,0,0,0
92.74,86.73,44.47,0,0,0,0
111.77,137.08,35.72,1,3,0,3
60.41,85.82,31.75,3,0,0,3
87.66,86.72,35.14,0,0,0,0
58.55,79.94,29.35,3,3,3,3
86.35,85.0,53.65,0,0,1,1
92.62,95.4,42.13,0,0,0,0
92.7,88.37,55.74,0,0,1,1
79.35,92.2,45.43,2,0,0,2
97.42,72.01,39.25,0,2,0,2
98.37,45.97,41.59,0,3,0,3
93.07,86.73,15.66,0,0,2,2
94.77,93.25,47.81,0,0,0,0
96.39,95.33,39.01,0,0,0,0
91.07,95.9,1.51,0,0,3,3
77.34,68.06,25.71,2,2,2,2
95.18,89.8,46.94,0,0,0,0
94.2,109.57,30.4,0,1,0,1
43.84,93.29,39.73,3,0,0,3
95.72,91.9,39.63,0,0,0,0
98.84,96.73,41.35,0,0,0,0
95.72,87.46,41.1,0,0,0,0
73.05,99.53,42.09,2,0,0,2
88.92,93.04,42.38,0,0,0,0
111.21,92.73,42.46,1,0,0,1
87.2,81.06,30.46,0,0,0,0
80.13,97.57,39.52,2,0,0,2
90.41,61.97,33.21,0,2,0,2
87.18,111.67,51.63,0,1,1,1
90.05,96.71,49.37,0,0,0,0
79.92,93.11,41.32,2,0,0,2
73.43,95.49,43.48,2,0,0,2
95.55,92.67,33.05,0,0,0,0
73.21,93.52,33.04,2,0,0,2
70.82,78.29,24.17,2,2,2,2
72.8,83.49,36.72,2,0,0,2
73.63,90.01,42.07,2,0,0,2
59.77,38.24,78.67,3,3,3,3
90.99,96.48,38.96,0,0,0,0
95.76,91.61,62.78,0,0,1,1
59.88,90.1,38.4,3,0,0,3
112.97,95.01,42.15,1,0,0,1
99.38,88.48,63.24,0,0,1,1
46.82,93.42,44.88,3,0,0,3
77.69,72.69,22.37,2,2,2,2
98.41,73.72,39.32,0,2,0,2
106.25,85.78,34.75,1,0,0,1
73.31,91.47,38.81,2,0,0,2
96.52,93.56,60.8,0,0,1,1
87.46,101.65,38.0,0,1,0,1
117.69,110.67,44.78,3,1,0,3
141.73,142.91,36.55,3,3,0,3
96.24,96.35,33.17,0,0,0,0
107.3,88.58,37.08,1,0,0,1
112.11,108.12,51.05,1,1,1,1
87.77,92.77,27.14,0,0,2,2
79.48,88.11,36.53,2,0,0,2
95.9,109.92,41.83,0,1,0,1
89.7,70.51,37.06,0,2,0,2
94.81,69.7,33.88,0,2,0,2
92.74,54.41,43.07,0,3,0,3
98.2,113.18,30.79,0,1,0,1
98.75,95.76,3.36,0,0,3,3
110.14,89.46,40.76,1,0,0,1
93.39,73.27,36.76,0,2,0,2
48.13,97.74,43.44,3,0,0,3
62.19,101.1,39.29,3,1,0,3
86.29,83.77,43.34,0,0,0,0
111.87,93.33,36.48,1,0,0,1
83.46,93.61,0.57,2,0,3,3
127.12,132.07,39.23,3,3,0,3
90.2,88.25,45.07,0,0,0,0
94.95,94.51,39.63,0,0,0,0
95.08,66.31,47.86,0,2,0,2
68.56,86.44,49.24,3,0,0,3
94.52,81.32,41.97,0,0,0,0
74.45,69.38,17.45,2,2,2,2
79.84,74.57,17.79,2,2,2,2
112.35,89.23,45.38,1,0,0,1
95.77,97.66,8.11,0,0,3,3
86.44,43.17,30.64,0,3,0,3
74.11,67.9,23.73,2,2,2,2
93.43,40.03,41.41,0,3,0,3
92.19,87.28,36.1,0,0,0,0
105.17,107.72,62.05,1,1,1,1
91.09,49.26,35.55,0,3,0,3
97.4,81.49,61.84,0,0,1,1
96.11,101.5,47.14,0,1,0,1
106.97,87.61,30.84,1,0,0,1
90.85,66.43,39.1,0,2,0,2
73.78,95.7,37.89,2,0,0,2
90.18,97.02,20.38,0,0,2,2
86.23,61.32,41.02,0,2,0,2
82.92,70.39,43.33,2,2,0,2
56.69,49.48,65.06,3,3,3,3
71.2,92.03,31.58,2,0,0,2
95.54,101.77,60.38,0,1,1,1
93.31,96.56,37.97,0,0,0,0
136.76,120.24,31.12,3,3,0,3
91.61,82.65,81.46,0,0,3,3
87.47,90.54,21.54,0,0,2,2
46.6,92.93,48.3,3,0,0,3
91.81,52.33,38.1,0,3,0,3
97.12,84.32,62.01,0,0,1,1
72.4,90.4,45.4,2,0,0,2
89.41,88.61,46.89,0,0,0,0
89.45,83.45,23.7,0,0,2,2
92.01,97.16,37.95,0,0,0,0
57.38,94.83,43.76,3,0,0,3
106.36,86.71,42.58,1,0,0,1
102.24,84.36,41.5,1,0,0,1
91.24,82.89,37.14,0,0,0,0
98.9,94.75,32.21,0,0,0,0
87.25,94.23,47.67,0,0,0,0
87.73,99.36,46.23,0,0,0,0
109.32,86.59,39.21,1,0,0,1
88.84,96.99,43.41,0,0,0,0
97.72,93.31,49.68,0,0,0,0
87.97,91.94,21.86,0,0,2,2
91.68,84.11,44.61,0,0,0,0
96.28,37.03,42.51,0,3,0,3
91.5,85.47,57.84,0,0,1,1
75.43,78.83,26.83,2,2,2,2
86.9,96.79,2.43,0,0,3,3
91.04,78.94,27.21,0,2,2,2
86.1,96.35,34.4,0,0,0,0
102.8,88.57,64.84,1,0,1,1
93.1,85.91,72.01,0,0,3,3
92.57,96.82,52.61,0,0,1,1
88.8,95.45,22.39,0,0,2,2
88.88,111.42,46.95,0,1,0,1
49.61,51.53,76.1,3,3,3,3
97.91,50.96,34.35,0,3,0,3
104.3,94.19,30.2,1,0,0,1
93.91,66.11,43.05,0,2,0,2
106.42,86.69,43.53,1,0,0,1
96.48,84.5,30.12,0,0,0,0
94.45,95.43,47.51,0,0,0,0
92.83,91.13,31.03,0,0,0,0
85.46,114.91,39.81,0,1,0,1
86.5,109.26,35.08,0,1,0,1
79.92,92.74,33.62,2,0,0,2
91.27,93.66,33.51,0,0,0,0
53.95,88.28,27.34,3,0,2,3
55.57,96.43,50.62,3,0,3,3
96.83,93.21,63.53,0,0,1,1
96.0,41.75,28.67,0,3,2,3
88.55,94.92,84.89,0,0,3,3
96.78,82.69,20.51,0,0,2,2
88.16,74.2,40.29,0,2,0,2
75.61,99.69,33.47,2,0,0,2
118.53,117.34,43.01,3,3,0,3
90.39,80.82,47.93,0,0,0,0
112.04,76.97,34.88,1,2,0,1
95.88,85.58,25.79,0,0,2,2
112.02,111.93,54.67,1,1,1,1
89.04,91.82,75.12,0,0,3,3
88.42,90.66,45.28,0,0,0,0
111.84,99.57,42.39,1,0,0,1
96.6,75.78,0.99,0,2,3,3
96.54,96.16,2.82,0,0,3,3
89.12,88.9,36.88,0,0,0,0
50.1,43.14,77.47,3,3,3,3
87.35,94.51,7.79,0,0,3,3
93.8,83.8,36.01,0,0,0,0
83.68,78.99,16.28,2,2,2,2
71.47,86.43,38.87,2,0,0,2
74.84,74.46,28.13,2,2,2,2
125.73,128.08,32.64,3,3,0,3
94.94,97.39,42.42,0,0,0,0
110.42,82.93,38.83,1,0,0,1
59.19,100.3,35.03,3,3,0,3
91.97,86.1,23.49,0,0,2,2
88.99,86.52,30.91,0,0,0,0
91.48,109.01,47.87,0,1,0,1
70.02,78.11,26.81,2,2,2,2
93.55,111.52,40.99,0,1,0,1
45.83,101.1,40.55,3,1,0,3
75.32,75.12,15.05,2,2,2,2
89.08,83.04,8.68,0,0,3,3
113.51,97.92,39.42,1,0,0,1
93.73,85.66,9.7,0,0,3,3
85.95,64.14,18.09,0,2,2,2
104.23,109.81,57.5,1,1,1,1
103.65,93.41,78.42,1,0,3,3
88.3,50.37,45.39,0,3,0,3
85.84,95.17,58.72,0,0,1,1
139.97,146.11,34.4,3,3,0,3
92.58,53.1,41.62,0,3,0,3
96.01,95.64,16.75,0,0,2,2
95.57,89.72,36.91,0,0,0,0
106.69,90.07,48.61,1,0,0,1
88.56,88.37,39.27,0,0,0,0
98.76,108.51,55.23,0,1,1,1
80.41,71.99,19.82,2,2,2,2
101.08,46.93,40.36,1,3,0,3
98.72,89.95,79.96,0,0,3,3
137.32,122.32,36.68,3,3,0,3
110.54,111.39,58.13,1,1,1,1
93.3,79.36,1.66,0,3,3,3
133.71,119.88,48.14,3,3,0,3
96.34,80.52,46.05,0,0,0,0
79.87,97.63,40.91,2,0,0,2
90.99,108.77,34.75,0,1,0,1
98.51,94.01,37.82,0,0,0,0
85.94,91.76,27.11,0,0,2,2
96.7,94.88,57.81,0,0,1,1
89.24,66.16,35.7,0,2,0,2
87.57,108.09,35.62,0,1,0,1
90.34,54.95,39.23,0,3,0,3
78.42,91.17,38.87,2,0,0,2
88.43,112.06,49.84,0,1,0,1
110.83,105.52,61.42,1,1,1,1
86.33,103.15,45.08,0,1,0,1
95.08,91.03,35.11,0,0,0,0
96.78,89.76,44.31,0,0,0,0
48.87,51.83,72.72,3,3,3,3
87.45,90.77,-1.1,0,0,3,3
82.43,62.44,20.61,2,2,2,2
79.52,84.76,33.51,2,0,0,2
98.29,84.02,45.18,0,0,0,0
144.98,121.07,40.18,3,3,0,3
94.31,93.35,45.62,0,0,0,0
85.57,96.23,48.75,0,0,0,0
97.57,98.52,34.77,0,0,0,0
127.18,118.5,33.11,3,3,0,3
62.01,96.61,47.46,3,0,0,3
65.22,40.14,73.15,3,3,3,3
91.06,93.88,60.77,0,0,1,1
99.6,88.53,23.25,0,0,2,2
93.64,80.25,44.36,0,0,0,0
87.94,93.49,44.02,0,0,0,0
92.78,111.03,32.19,0,1,0,1
115.51,120.56,39.64,3,3,0,3
105.87,93.39,43.93,1,0,0,1
92.16,87.8,30.66,0,0,0,0
105.46,90.29,51.28,1,0,1,1
110.6,95.35,43.24,1,0,0,1
72.89,94.88,37.82,2,0,0,2
95.93,87.78,63.8,0,0,1,1
107.58,93.99,44.18,1,0,0,1
98.19,42.29,46.52,0,3,0,3
91.72,101.34,60.98,0,1,1,1
95.34,86.51,26.31,0,0,2,2
95.73,95.03,35.33,0,0,0,0
96.32,85.33,48.87,0,0,0,0
95.72,81.31,42.23,0,0,0,0
96.75,36.65,35.07,0,3,0,3
84.67,47.97,46.72,3,3,0,3
106.3,89.05,44.35,1,0,0,1
86.88,108.85,32.63,0,1,0,1
46.65,94.96,46.65,3,0,0,3
86.45,98.39,20.88,0,0,2,2
91.36,96.16,44.47,0,0,0,0
103.81,77.78,34.27,1,2,0,1
109.6,99.06,49.55,1,0,0,1
114.55,103.82,56.25,1,1,1,1
95.05,84.57,31.13,0,0,0,0
96.32,64.59,39.53,0,2,0,2
77.12,93.28,35.48,2,0,0,2
94.16,95.0,62.53,0,0,1,1
94.31,112.0,46.97,0,1,0,1
109.54,87.87,46.88,1,0,0,1
71.24,96.9,44.99,2,0,0,2
131.0,133.13,41.37,3,3,0,3
78.46,94.03,36.19,2,0,0,2
77.88,90.38,32.54,2,0,0,2
95.08,98.28,72.76,0,0,3,3
49.89,37.5,77.64,3,3,3,3
96.12,82.25,22.85,0,0,2,2
107.88,107.76,55.97,1,1,1,1
87.78,98.95,53.26,0,0,1,1
63.12,49.38,83.05,3,3,3,3
97.85,107.18,43.9,0,1,0,1
92.85,83.29,39.3,0,0,0,0
86.68,94.97,40.84,0,0,0,0
81.73,96.73,38.15,2,0,0,2
92.24,77.27,33.86,0,2,0,2
75.6,89.52,40.15,2,0,0,2
121.75,129.79,44.19,3,3,0,3
79.36,83.72,39.7,2,0,0,2
97.26,89.5,52.35,0,0,1,1
98.49,64.48,36.97,0,2,0,2
95.55,60.13,43.39,0,2,0,2
93.3,97.22,55.38,0,0,1,1
94.37,62.81,39.67,0,2,0,2
93.08,97.22,15.1,0,0,2,2
92.9,81.66,46.17,0,0,0,0
87.84,99.81,45.34,0,0,0,0
112.02,82.61,46.79,1,0,0,1
90.84,85.53,41.08,0,0,0,0
131.74,131.73,45.48,3,3,0,3
46.07,38.43,68.9,3,3,3,3
99.72,60.74,38.71,0,2,0,2
99.42,88.94,49.11,0,0,0,0
53.68,38.93,69.68,3,3,3,3
73.1,65.01,31.77,2,2,0,2
87.19,94.55,58.87,0,0,1,1
98.59,75.73,42.92,0,2,0,2
70.95,68.08,28.75,2,2,2,2
86.74,88.23,39.37,0,0,0,0
88.86,96.37,56.98,0,0,1,1
87.4,78.24,82.16,0,2,3,3
97.29,98.98,51.15,0,0,1,1
112.35,89.46,47.57,1,0,0,1
92.28,102.29,0.39,0,1,3,3
93.76,38.31,37.92,0,3,0,3
85.59,70.55,35.4,0,2,0,2
62.93,88.51,40.53,3,0,0,3
90.92,98.69,76.13,0,0,3,3
54.69,84.35,46.17,3,0,0,3
78.54,85.11,49.77,2,0,0,2
95.37,82.87,18.21,0,0,2,2
71.52,95.56,48.9,2,0,0,2
117.91,128.4,31.14,3,3,0,3
52.34,80.04,30.81,3,0,0,3
87.94,87.41,43.97,0,0,0,0
95.12,84.27,31.8,0,0,0,0
91.81,93.81,48.19,0,0,0,0
93.23,71.81,49.63,0,2,0,2
94.83,99.34,42.16,0,0,0,0
82.84,84.72,49.99,2,0,0,2
85.72,72.92,48.56,0,2,0,2
88.55,84.94,43.99,0,0,0,0
102.15,94.46,40.91,1,0,0,1
78.2,97.89,44.39,2,0,0,2
104.96,93.23,33.76,1,0,0,1
88.39,70.34,35.95,0,2,0,2
97.59,41.06,46.1,0,3,0,3
89.9,97.13,32.19,0,0,0,0
91.82,100.13,81.81,0,3,3,3
93.82,79.47,11.33,0,3,3,3
98.48,72.43,38.07,0,2,0,2
85.17,93.26,49.32,0,0,0,0
47.45,82.6,39.05,3,0,0,3
108.05,105.28,60.27,1,1,1,1
82.6,101.72,55.17,2,1,1,1
99.85,70.64,49.03,0,2,0,2
79.68,70.02,23.95,2,2,2,2
98.11,89.41,32.19,0,0,0,0
54.82,60.14,77.4,3,2,3,3
91.38,94.05,42.96,0,0,0,0
58.75,87.4,40.05,3,0,0,3
74.37,89.59,49.96,2,0,0,2
91.69,108.86,36.86,0,1,0,1
110.82,84.33,44.22,1,0,0,1
97.23,40.27,35.8,0,3,0,3
85.89,97.8,30.82,0,0,0,0
57.23,37.83,76.99,3,3,3,3
137.03,118.76,36.32,3,3,0,3
87.28,97.84,57.15,0,0,1,1
91.94,90.13,42.27,0,0,0,0
96.9,94.26,52.97,0,0,1,1
88.97,84.04,32.82,0,0,0,0
98.76,94.74,58.75,0,0,1,1
92.74,90.24,46.01,0,0,0,0
92.92,85.67,61.84,0,0,1,1
98.94,96.07,49.85,0,0,0,0
89.06,92.61,48.49,0,0,0,0
85.82,82.04,82.14,0,0,3,3
104.31,101.83,32.0,1,1,0,1
134.92,123.87,34.48,3,3,0,3
89.69,114.06,47.09,0,1,0,1
88.61,90.9,43.62,0,0,0,0
98.55,91.05,44.24,0,0,0,0
93.41,45.24,30.46,0,3,0,3
101.04,78.62,21.62,1,2,2,2
81.9,96.94,46.32,2,0,0,2
99.18,78.68,54.32,0,2,1,1
97.41,94.51,18.0,0,0,2,2
94.84,96.26,23.12,0,0,2,2
99.72,111.76,32.74,0,1,0,1
97.14,70.03,40.14,0,2,0,2
113.79,96.08,32.88,1,0,0,1
94.33,95.67,38.5,0,0,0,0
91.77,113.71,44.03,0,1,0,1
79.03,82.91,46.99,2,0,0,2
78.33,77.06,24.23,2,2,2,2
94.09,107.08,41.31,0,1,0,1
83.66,87.98,66.13,2,0,3,3
107.26,90.57,47.9,1,0,0,1
99.53,95.62,44.12,0,0,0,0
92.7,82.69,32.08,0,0,0,0
81.61,92.52,42.22,2,0,0,2
95.92,88.31,62.01,0,0,1,1
92.38,88.25,34.26,0,0,0,0
91.58,78.35,10.53,0,2,3,3
93.28,97.32,40.54,0,0,0,0
95.07,67.78,28.7,0,2,2,2
71.39,71.23,20.68,2,2,2,2
110.95,92.4,41.62,1,0,0,1
81.87,76.56,30.63,2,2,0,2
93.21,56.77,31.66,0,3,0,3
87.01,85.96,42.45,0,0,0,0
71.09,82.16,39.16,2,0,0,2
88.2,89.16,79.52,0,0,3,3
92.46,90.5,36.31,0,0,0,0
113.16,91.35,38.76,1,0,0,1
94.78,77.14,44.88,0,2,0,2
123.26,132.63,45.24,3,3,0,3
90.36,91.29,42.94,0,0,0,0
93.3,92.86,17.71,0,0,2,2
66.39,77.78,41.64,3,2,0,3
89.89,82.86,75.84,0,0,3,3
81.71,90.82,35.69,2,0,0,2
122.25,121.71,32.12,3,3,0,3
93.96,89.65,37.22,0,0,0,0
60.56,88.48,38.69,3,0,0,3
97.54,87.75,45.6,0,0,0,0
91.51,84.59,37.69,0,0,0,0
74.32,68.21,17.43,2,2,2,2
92.88,89.19,62.39,0,0,1,1
92.74,111.98,44.55,0,1,0,1
89.84,57.05,39.52,0,3,0,3
97.52,83.29,26.73,0,0,2,2
96.36,97.54,47.79,0,0,0,0
81.75,90.71,49.73,2,0,0,2
50.7,93.35,49.0,3,0,0,3
95.56,102.83,55.06,0,1,1,1
89.93,95.36,6.75,0,0,3,3
91.68,80.3,4.59,0,0,3,3
93.01,83.7,33.3,0,0,0,0
85.92,89.54,37.52,0,0,0,0
113.59,92.94,37.92,1,0,0,1
46.86,41.36,81.12,3,3,3,3
111.02,89.56,38.99,1,0,0,1
77.55,89.7,45.53,2,0,0,2
104.7,109.98,62.32,1,1,1,1
73.7,97.2,44.76,2,0,0,2
74.35,89.12,33.85,2,0,0,2
98.11,95.64,57.57,0,0,1,1
85.8,102.86,47.61,0,1,0,1
124.37,143.64,43.19,3,3,0,3
115.44,123.57,32.98,3,3,0,3
80.31,69.57,20.47,2,2,2,2
86.91,89.36,44.91,0,0,0,0
96.11,85.93,47.01,0,0,0,0
97.46,89.81,41.8,0,0,0,0
136.98,135.33,46.39,3,3,0,3
91.17,77.03,28.76,0,2,2,2
89.46,84.73,37.84,0,0,0,0
109.49,89.26,47.07,1,0,0,1
97.44,84.13,82.17,0,0,3,3
101.02,107.98,60.6,1,1,1,1
94.95,88.24,35.33,0,0,0,0
97.33,111.57,45.05,0,1,0,1
99.38,85.55,39.17,0,0,0,0
52.6,37.3,69.47,3,3,3,3
96.18,88.54,39.61,0,0,0,0
90.3,78.49,45.31,0,2,0,2
79.14,69.6,21.13,2,2,2,2
51.16,41.46,73.75,3,3,3,3
89.23,96.11,78.19,0,0,3,3
60.74,91.12,45.23,3,0,0,3
140.47,132.58,42.79,3,3,0,3
95.41,102.73,28.82,0,1,2,1
89.58,96.24,41.32,0,0,0,0
98.69,40.51,43.06,0,3,0,3
108.13,103.62,64.44,1,1,1,1
46.7,97.3,33.38,3,0,0,3
104.81,97.86,35.02,1,0,0,1
87.69,84.84,20.4,0,0,2,2
104.14,89.35,48.15,1,0,0,1
92.9,70.35,33.61,0,2,0,2
95.99,84.94,56.58,0,0,1,1
92.31,94.72,36.35,0,0,0,0
85.66,99.66,38.86,0,0,0,0
83.51,98.62,21.42,2,0,2,2
87.6,87.47,35.18,0,0,0,0
66.84,85.07,34.56,3,0,0,3
102.29,84.18,37.78,1,0,0,1
90.38,93.36,22.32,0,0,2,2
89.6,90.98,35.31,0,0,0,0
66.99,35.57,71.1,3,3,3,3
85.69,52.73,48.48,0,3,0,3
106.92,91.58,37.16,1,0,0,1
95.68,52.48,35.33,0,3,0,3
87.09,86.56,45.54,0,0,0,0
92.53,92.4,54.84,0,0,1,1
55.85,87.63,28.23,3,0,2,3
104.81,106.09,56.36,1,1,1,1
98.41,80.5,18.08,0,0,2,2
90.24,96.66,30.87,0,0,0,0
86.18,89.57,34.74,0,0,0,0
109.92,109.8,63.73,1,1,1,1
87.53,92.65,41.94,0,0,0,0
73.98,85.33,31.66,2,0,0,2
82.59,98.1,2.18,2,0,3,3
90.28,81.32,38.04,0,0,0,0
87.61,78.79,47.25,0,2,0,2
86.53,110.76,38.01,0,1,0,1
88.07,50.03,32.3,0,3,0,3
61.96,97.26,40.33,3,0,0,3
87.76,37.39,47.01,0,3,0,3
72.49,85.6,41.84,2,0,0,2
87.14,84.52,63.15,0,0,1,1
86.57,106.67,36.91,0,1,0,1
90.56,88.52,48.43,0,0,0,0
90.14,52.96,45.3,0,3,0,3
95.14,93.15,32.06,0,0,0,0
61.1,96.23,33.66,3,0,0,3
92.16,92.04,22.76,0,0,2,2
90.94,75.88,58.69,0,2,1,1
92.15,114.3,41.04,0,1,0,1
95.37,63.66,39.62,0,2,0,2
92.41,38.79,31.21,0,3,0,3
73.11,87.61,46.96,2,0,0,2
94.85,92.62,43.95,0,0,0,0
83.52,113.78,39.16,2,1,0,1
94.36,62.8,42.25,0,2,0,2
86.71,76.15,38.57,0,2,0,2
99.43,89.77,42.75,0,0,0,0
43.99,81.84,40.74,3,0,0,3
109.69,92.8,51.67,1,0,1,1
92.03,87.05,61.16,0,0,1,1
86.11,55.33,36.59,0,3,0,3
95.01,93.49,31.74,0,0,0,0
86.43,82.19,49.31,0,0,0,0
92.65,114.08,51.19,0,1,1,1
76.61,90.25,30.1,2,0,0,2
101.75,88.02,70.9,1,0,3,3
102.26,110.35,56.03,1,1,1,1
76.02,88.8,45.38,2,0,0,2
71.82,61.76,27.12,2,2,2,2
133.19,140.01,30.88,3,3,0,3
81.6,90.86,34.45,2,0,0,2
93.54,87.53,18.96,0,0,2,2
88.91,83.25,81.47,0,0,3,3
57.04,52.65,68.67,3,3,3,3
95.0,87.51,40.62,0,0,0,0
92.34,82.31,59.93,0,0,1,1
67.88,76.86,30.0,3,2,3,3
100.23,35.0,37.49,3,3,0,3
82.18,87.69,11.94,2,0,3,3
90.44,96.9,57.52,0,0,1,1
47.02,46.64,63.87,3,3,1,3
69.01,99.72,37.14,3,0,0,3
85.51,64.04,47.93,0,2,0,2
76.45,65.92,16.29,2,2,2,2
130.57,126.31,48.46,3,3,0,3
88.75,95.27,40.55,0,0,0,0
58.15,96.5,30.56,3,0,0,3
73.14,85.04,30.97,2,0,0,2
76.32,87.47,49.81,2,0,0,2
88.11,101.46,73.95,0,1,3,3
97.9,83.36,49.1,0,0,0,0
74.19,89.91,36.2,2,0,0,2
90.02,70.01,38.3,0,2,0,2
87.14,87.62,75.38,0,0,3,3
74.43,73.71,31.03,2,2,0,2
82.55,89.27,46.89,2,0,0,2
79.17,68.28,20.25,2,2,2,2
98.03,99.56,33.43,0,0,0,0
117.88,129.87,43.7,3,3,0,3
97.98,86.9,21.89,0,0,2,2
69.57,85.08,48.82,3,0,0,3
88.31,88.75,42.2,0,0,0,0
91.14,85.53,42.22,0,0,0,0
92.95,99.54,45.71,0,0,0,0
82.6,80.33,61.79,2,0,1,1
73.8,94.51,34.8,2,0,0,2
98.56,95.09,58.0,0,0,1,1
98.91,80.05,48.64,0,0,0,0
81.48,75.18,37.83,2,2,0,2
130.96,118.57,37.76,3,3,0,3
104.93,91.58,44.52,1,0,0,1
91.96,99.39,54.12,0,0,1,1
91.05,65.7,36.86,0,2,0,2
98.13,86.84,34.49,0,0,0,0
101.5,86.97,41.94,1,0,0,1
92.29,102.04,42.55,0,1,0,1
139.26,146.27,38.66,3,3,0,3
97.98,66.44,36.71,0,2,0,2
94.57,97.25,37.96,0,0,0,0
78.58,90.42,37.38,2,0,0,2
96.07,91.12,44.92,0,0,0,0
94.7,89.97,48.67,0,0,0,0
86.65,82.08,15.62,0,0,2,2
114.09,110.97,59.12,1,1,1,1
75.65,90.0,39.68,2,0,0,2
95.83,91.94,36.06,0,0,0,0
51.8,82.53,46.48,3,0,0,3
99.9,54.62,35.1,0,3,0,3
45.14,59.17,66.67,3,3,3,3
92.11,89.65,56.64,0,0,1,1
109.13,82.31,47.49,1,0,0,1
97.68,98.67,79.98,0,0,3,3
97.8,102.7,44.45,0,1,0,1
97.23,90.61,52.22,0,0,1,1
88.02,76.39,48.8,0,2,0,2
96.21,95.81,8.33,0,0,3,3
90.64,91.69,62.21,0,0,1,1
91.13,90.43,20.46,0,0,2,2
95.93,96.89,35.03,0,0,0,0
97.69,101.98,40.44,0,1,0,1
97.08,51.97,37.02,0,3,0,3
97.85,85.2,46.32,0,0,0,0
91.69,91.31,28.75,0,0,2,2
97.16,66.67,38.01,0,2,0,2
109.59,84.21,43.78,1,0,0,1
96.65,93.3,69.26,0,0,3,3
104.59,96.88,47.03,1,0,0,1
89.02,84.3,33.58,0,0,0,0
91.54,96.41,62.15,0,0,1,1
112.27,93.61,43.37,1,0,0,1
74.02,86.98,36.4,2,0,0,2
91.02,94.45,33.54,0,0,0,0
96.28,102.58,35.6,0,1,0,1
97.85,104.5,30.79,0,1,0,1
95.59,87.04,32.55,0,0,0,0
86.46,83.8,53.26,0,0,1,1
85.76,73.53,40.77,0,2,0,2
101.65,100.16,8.87,1,3,3,3
78.64,82.59,46.1,2,0,0,2
98.92,70.38,48.71,0,2,0,2
90.39,88.03,42.18,0,0,0,0
93.07,97.93,38.3,0,0,0,0
96.32,87.91,25.79,0,0,2,2
112.16,91.2,45.48,1,0,0,1
90.76,85.63,35.67,0,0,0,0
87.17,89.41,41.14,0,0,0,0
97.01,86.17,54.37,0,0,1,1
96.06,82.72,34.69,0,0,0,0
96.7,105.46,56.06,0,1,1,1
90.51,91.23,35.85,0,0,0,0
98.23,65.98,41.9,0,2,0,2
90.79,91.33,64.26,0,0,1,1
89.69,84.44,36.44,0,0,0,0
114.28,78.03,40.59,1,2,0,1
96.47,58.57,52.96,0,3,1,3
89.37,67.16,39.51,0,2,0,2
74.04,94.04,30.81,2,0,0,2
64.08,81.74,33.42,3,0,0,3
87.01,84.86,39.97,0,0,0,0
98.9,91.05,48.91,0,0,0,0
86.1,98.0,63.59,0,0,1,1
88.99,109.91,41.59,0,1,0,1
106.2,88.32,33.11,1,0,0,1
88.97,93.82,62.26,0,0,1,1
96.8,99.05,42.32,0,0,0,0
110.91,89.8,48.49,1,0,0,1
97.64,85.17,45.86,0,0,0,0
75.11,95.09,47.7,2,0,0,2
96.42,85.63,21.98,0,0,2,2
97.73,111.21,40.56,0,1,0,1
87.91,92.87,35.29,0,0,0,0
95.83,107.31,43.47,0,1,0,1
78.73,88.36,32.75,2,0,0,2
98.83,93.64,35.29,0,0,0,0
94.6,94.8,30.39,0,0,0,0
74.9,92.14,44.42,2,0,0,2
116.48,121.01,44.36,3,3,0,3
94.28,104.3,42.8,0,1,0,1
85.66,87.27,20.8,0,0,2,2
86.46,82.78,31.49,0,0,0,0
112.14,78.06,36.01,1,2,0,1
89.18,92.58,66.99,0,0,3,3
97.0,99.2,57.03,0,0,1,1
97.6,110.67,30.97,0,1,0,1
92.2,75.85,41.27,0,2,0,2
98.32,107.1,35.56,0,1,0,1
111.65,81.5,26.42,1,0,2,1
54.7,82.42,34.53,3,0,0,3
128.93,133.67,33.79,3,3,0,3
91.2,81.95,34.91,0,0,0,0
90.97,69.54,36.96,0,2,0,2
86.05,92.29,37.56,0,0,0,0
133.99,138.79,44.19,3,3,0,3
55.19,38.7,63.75,3,3,1,3
88.49,80.52,45.38,0,0,0,0
95.93,66.14,41.08,0,2,0,2
92.6,91.03,60.72,0,0,1,1
82.65,41.95,30.22,2,3,0,3
56.41,86.43,47.99,3,0,0,3
95.3,75.48,31.48,0,2,0,2
117.18,120.83,43.98,3,3,0,3
103.55,82.9,32.46,1,0,0,1
114.7,102.27,55.82,1,1,1,1
96.18,83.39,46.68,0,0,0,0
93.01,91.84,37.16,0,0,0,0
75.02,78.47,26.26,2,2,2,2
95.29,97.91,34.14,0,0,0,0
89.54,94.79,45.33,0,0,0,0
85.59,85.76,38.44,0,0,0,0
86.98,85.27,73.81,0,0,3,3
93.93,80.76,48.72,0,0,0,0
90.48,95.49,45.95,0,0,0,0
94.38,104.75,38.27,0,1,0,1
97.47,86.62,45.42,0,0,0,0
88.89,53.33,37.47,0,3,0,3
76.24,82.22,28.59,2,0,2,2
83.29,90.83,40.59,2,0,0,2
88.74,106.93,32.12,0,1,0,1
85.96,105.13,27.73,0,1,2,1
92.41,96.56,22.58,0,0,2,2
63.58,52.11,75.12,3,3,3,3
90.95,87.02,83.79,0,0,3,3
99.78,97.88,15.23,0,0,2,2
85.11,91.01,55.91,0,0,1,1
95.21,95.34,33.38,0,0,0,0
59.08,89.08,47.01,3,0,0,3
95.43,89.75,32.89,0,0,0,0
90.38,91.43,49.39,0,0,0,0
99.07,96.48,56.82,0,0,1,1
122.16,136.91,37.18,3,3,0,3
72.61,68.65,23.68,2,2,2,2
74.46,74.62,21.29,2,2,2,2
63.96,93.7,38.87,3,0,0,3
86.48,86.17,41.07,0,0,0,0
87.71,64.6,46.56,0,2,0,2
94.07,84.18,35.97,0,0,0,0
57.34,95.51,46.89,3,0,0,3
73.28,88.21,36.94,2,0,0,2
73.08,89.9,32.73,2,0,0,2
107.42,101.91,39.08,1,1,0,1
91.29,86.17,17.13,0,0,2,2
62.45,46.52,81.62,3,3,3,3
94.74,92.84,22.46,0,0,2,2
88.5,69.49,38.97,0,2,0,2
95.93,82.88,64.05,0,0,1,1
81.12,97.83,42.71,2,0,0,2
89.51,109.95,43.13,0,1,0,1
93.48,74.56,28.06,0,2,2,2
88.37,90.89,44.93,0,0,0,0
87.29,91.09,39.46,0,0,0,0
83.94,103.75,47.27,2,1,0,1
89.49,86.2,33.4,0,0,0,0
85.57,87.79,27.99,0,0,2,2
91.37,85.42,19.71,0,0,2,2
99.8,47.57,46.47,0,3,0,3
63.9,86.89,46.51,3,0,0,3
94.14,81.24,67.8,0,0,3,3
85.37,95.96,33.4,0,0,0,0
66.67,52.12,67.01,3,3,3,3
88.77,92.78,64.94,0,0,1,1
47.54,85.3,32.72,3,0,0,3
89.63,91.29,48.29,0,0,0,0
88.37,84.61,53.11,0,0,1,1
91.44,33.76,35.19,0,3,0,3
53.55,92.43,30.6,3,0,0,3
50.6,80.76,54.1,3,0,1,3
114.91,98.12,46.3,1,0,0,1
93.62,92.6,4.04,0,0,3,3
87.08,85.55,77.98,0,0,3,3
86.13,87.83,37.77,0,0,0,0
90.31,70.12,47.76,0,2,0,2
95.58,98.81,15.92,0,0,2,2
89.86,86.86,40.92,0,0,0,0
102.09,99.38,43.92,1,0,0,1
54.37,89.74,43.94,3,0,0,3
86.5,81.5,16.6,0,0,2,2
51.87,51.36,74.97,3,3,3,3
96.94,90.43,7.79,0,0,3,3
97.26,91.27,45.47,0,0,0,0
89.59,87.04,48.71,0,0,0,0
101.08,95.91,59.62,1,0,1,1
105.05,107.31,57.21,1,1,1,1
91.37,63.77,46.45,0,2,0,2
50.62,92.97,44.6,3,0,0,3
95.61,96.63,33.04,0,0,0,0
86.43,94.88,26.65,0,0,2,2
92.21,82.13,45.19,0,0,0,0
86.09,80.84,16.41,0,0,2,2
98.1,80.95,37.89,0,0,0,0
90.75,90.26,41.95,0,0,0,0
93.27,92.93,58.24,0,0,1,1
90.88,103.71,49.03,0,1,0,1
87.61,82.84,41.57,0,0,0,0
89.19,92.31,33.25,0,0,0,0
90.48,97.11,21.27,0,0,2,2
106.1,105.53,51.63,1,1,1,1
97.83,91.1,48.75,0,0,0,0
75.16,96.06,37.44,2,0,0,2
94.17,91.51,16.86,0,0,2,2
99.28,46.85,33.6,0,3,0,3
96.61,89.53,17.46,0,0,2,2
97.39,94.06,40.47,0,0,0,0
94.33,82.1,38.61,0,0,0,0
90.45,95.04,34.68,0,0,0,0
104.46,94.58,37.76,1,0,0,1
89.96,77.78,7.84,0,2,3,3
94.94,92.16,40.71,0,0,0,0
89.72,92.27,4.1,0,0,3,3
132.99,127.12,34.99,3,3,0,3
63.41,90.51,33.98,3,0,0,3
77.6,78.64,24.6,2,2,2,2
93.75,57.02,48.67,0,3,0,3
89.54,93.26,68.36,0,0,3,3
98.16,98.57,67.84,0,0,3,3
103.07,81.06,34.05,1,0,0,1
94.94,80.8,56.26,0,0,1,1
92.47,108.52,30.69,0,1,0,1
148.26,122.52,44.88,3,3,0,3
92.3,99.57,39.11,0,0,0,0
47.83,94.0,31.19,3,0,0,3
89.05,86.02,32.18,0,0,0,0
96.09,56.26,39.34,0,3,0,3
92.96,91.29,40.91,0,0,0,0
92.37,98.61,76.61,0,0,3,3
92.54,87.3,80.16,0,0,3,3
97.51,84.72,63.5,0,0,1,1
72.8,89.15,39.06,2,0,0,2
95.35,93.41,16.69,0,0,2,2
80.88,81.87,26.03,2,0,2,2
101.61,110.77,59.11,1,1,1,1
98.72,50.76,34.49,0,3,0,3
92.37,85.42,55.07,0,0,1,1
86.44,86.78,33.3,0,0,0,0
71.71,83.45,39.41,2,0,0,2
91.44,88.89,48.15,0,0,0,0
89.46,92.77,33.33,0,0,0,0
95.25,85.78,30.64,0,0,0,0
111.57,103.94,55.15,1,1,1,1
99.35,82.38,61.21,0,0,1,1
114.46,88.31,37.96,1,0,0,1
107.92,97.8,45.91,1,0,0,1
107.68,97.51,44.4,1,0,0,1
97.07,107.64,34.08,0,1,0,1
90.41,83.32,57.29,0,0,1,1
106.73,113.95,56.9,1,1,1,1
89.64,81.87,35.33,0,0,0,0
101.29,88.99,67.06,1,0,3,3
80.44,105.33,36.79,2,1,0,1
69.1,83.21,30.98,3,0,0,3
89.97,88.74,81.87,0,0,3,3
96.02,85.37,72.13,0,0,3,3
88.27,52.64,31.95,0,3,0,3
89.07,91.84,32.34,0,0,0,0
85.04,94.78,35.74,0,0,0,0
87.73,92.92,57.91,0,0,1,1
91.24,95.88,68.42,0,0,3,3
73.59,67.64,28.98,2,2,2,2
56.45,78.22,40.62,3,2,0,3
99.09,91.73,58.95,0,0,1,1
94.53,55.21,47.89,0,3,0,3
75.12,61.94,25.39,2,2,2,2
93.12,73.78,33.13,0,2,0,2
90.39,98.17,32.64,0,0,0,0
103.91,104.32,49.65,1,1,0,1
80.62,58.08,40.01,2,3,0,3
89.09,86.11,32.39,0,0,0,0
94.78,100.48,74.91,0,3,3,3
86.53,42.14,45.97,0,3,0,3
83.67,37.29,46.53,2,3,0,3
93.05,92.28,64.43,0,0,1,1
52.88,93.56,33.95,3,0,0,3
89.95,90.31,45.85,0,0,0,0
86.8,92.97,31.23,0,0,0,0
87.2,95.69,31.08,0,0,0,0
76.65,71.06,31.93,2,2,0,2
90.23,91.05,33.06,0,0,0,0
88.61,83.12,62.53,0,0,1,1
52.18,51.96,84.63,3,3,3,3
96.17,85.32,61.94,0,0,1,1
94.24,35.82,36.07,0,3,0,3
99.5,54.5,30.7,0,3,0,3
90.68,108.82,47.06,0,1,0,1
91.63,78.36,25.75,0,2,2,2
90.11,49.17,31.06,0,3,0,3
92.21,76.59,45.21,0,2,0,2
87.02,83.18,42.55,0,0,0,0
95.22,84.77,45.54,0,0,0,0
144.3,124.33,43.37,3,3,0,3
57.97,44.64,84.12,3,3,3,3
90.92,82.96,38.63,0,0,0,0
108.78,87.76,41.5,1,0,0,1
92.07,87.9,46.22,0,0,0,0
86.3,89.04,36.6,0,0,0,0
94.03,84.07,32.68,0,0,0,0
95.99,99.85,31.93,0,0,0,0
87.94,88.89,34.18,0,0,0,0
87.8,89.1,40.79,0,0,0,0
93.99,46.79,49.96,0,3,0,3
55.43,55.16,73.56,3,3,3,3
114.61,90.61,41.69,1,0,0,1
89.25,53.43,37.48,0,3,0,3
101.67,102.69,56.94,1,1,1,1
89.43,99.44,39.69,0,0,0,0
79.4,63.03,25.0,2,2,2,2
79.57,84.2,40.3,2,0,0,2
90.25,103.06,28.83,0,1,2,1
75.34,93.75,33.53,2,0,0,2
99.14,85.34,78.96,0,0,3,3
80.54,89.99,30.79,2,0,0,2
90.82,113.85,49.42,0,1,0,1
142.97,140.04,33.14,3,3,0,3
131.18,124.4,43.98,3,3,0,3
95.86,88.56,47.11,0,0,0,0
52.22,34.21,74.42,3,3,3,3
101.46,94.82,82.81,1,0,3,3
73.42,64.2,16.93,2,2,2,2
82.57,63.55,38.96,2,2,0,2
102.49,41.66,35.22,1,3,0,3
90.06,89.84,55.23,0,0,1,1
90.73,98.33,4.74,0,0,3,3
95.54,93.59,23.39,0,0,2,2
97.29,92.31,19.69,0,0,2,2
90.86,93.09,45.37,0,0,0,0
91.51,93.81,37.05,0,0,0,0
90.13,96.7,36.31,0,0,0,0
93.47,85.13,26.23,0,0,2,2
94.62,44.07,37.59,0,3,0,3
103.42,104.66,55.5,1,1,1,1
108.44,99.89,62.78,1,0,1,1
79.45,91.12,48.02,2,0,0,2
97.33,92.18,82.8,0,0,3,3
107.94,102.99,40.45,1,1,0,1
78.7,90.55,43.7,2,0,0,2
86.4,91.84,46.18,0,0,0,0
48.73,86.4,36.11,3,0,0,3
99.7,82.22,20.48,0,0,2,2
86.62,98.23,43.61,0,0,0,0
90.81,96.38,41.52,0,0,0,0
98.77,103.21,47.67,0,1,0,1
88.78,84.66,60.44,0,0,1,1
91.56,83.8,20.79,0,0,2,2
62.87,87.26,39.33,3,0,0,3
97.54,97.82,31.54,0,0,0,0
91.15,109.98,32.82,0,1,0,1
93.23,82.23,44.79,0,0,0,0
88.66,86.81,34.99,0,0,0,0
77.68,89.08,47.44,2,0,0,2
86.35,73.39,43.09,0,2,0,2
73.27,96.55,33.63,2,0,0,2
85.18,92.96,62.49,0,0,1,1
91.29,103.68,31.35,0,1,0,1
94.41,73.27,27.24,0,2,2,2
78.67,92.45,38.18,2,0,0,2
85.81,82.9,38.98,0,0,0,0
92.99,85.59,8.18,0,0,3,3
111.89,96.68,48.92,1,0,0,1
73.86,95.1,40.86,2,0,0,2
98.69,49.62,45.54,0,3,0,3
95.46,86.26,42.53,0,0,0,0
106.35,95.47,37.8,1,0,0,1
105.39,83.21,41.27,1,0,0,1
76.1,96.44,28.44,2,0,2,2
75.6,97.0,46.49,2,0,0,2
83.83,94.9,62.94,2,0,1,1
88.28,96.29,44.74,0,0,0,0
93.96,86.59,44.14,0,0,0,0
87.65,105.68,48.01,0,1,0,1
101.86,93.78,45.77,1,0,0,1
78.82,95.37,43.71,2,0,0,2
51.79,86.0,37.35,3,0,0,3
90.5,112.44,44.89,0,1,0,1
97.93,65.79,49.58,0,2,0,2
97.15,65.81,36.14,0,2,0,2
94.68,91.95,16.58,0,0,2,2
139.54,128.48,41.91,3,3,0,3
88.3,81.27,61.72,0,0,1,1
89.77,86.2,45.85,0,0,0,0
88.74,82.12,69.51,0,0,3,3
86.57,63.01,33.69,0,2,0,2
101.24,107.56,23.89,1,1,2,1
90.53,66.89,45.94,0,2,0,2
88.53,112.37,44.03,0,1,0,1
91.56,87.35,41.71,0,0,0,0
75.59,75.4,24.62,2,2,2,2
89.45,90.95,17.67,0,0,2,2
89.84,51.47,30.37,0,3,0,3
82.31,86.56,27.61,2,0,2,2
90.16,75.71,36.37,0,2,0,2
86.37,83.09,35.23,0,0,0,0
91.91,110.61,32.46,0,1,0,1
98.39,90.78,33.65,0,0,0,0
94.75,95.16,5.0,0,0,3,3
83.04,96.73,42.14,2,0,0,2
91.95,95.07,71.88,0,0,3,3
85.86,89.71,23.91,0,0,2,2
109.02,90.14,41.51,1,0,0,1
99.56,109.94,30.74,0,1,0,1
90.65,98.97,33.28,0,0,0,0
88.14,94.46,60.66,0,0,1,1
99.62,91.9,44.04,0,0,0,0
114.06,107.77,53.58,1,1,1,1
110.11,101.98,46.59,1,1,0,1
80.21,60.83,25.07,2,2,2,2
77.2,60.81,26.23,2,2,2,2
102.11,104.05,60.56,1,1,1,1
130.25,129.55,34.85,3,3,0,3
90.79,84.75,4.32,0,0,3,3
103.74,102.95,64.85,1,1,1,1
94.62,108.77,42.56,0,1,0,1
97.45,82.0,46.93,0,0,0,0
98.68,94.55,40.65,0,0,0,0
88.65,88.6,39.75,0,0,0,0
90.61,83.08,35.01,0,0,0,0
85.91,99.13,22.9,0,0,2,2
95.7,88.99,40.43,0,0,0,0
109.56,91.69,34.34,1,0,0,1
91.9,88.66,44.68,0,0,0,0
96.79,92.72,42.78,0,0,0,0
106.71,112.39,56.5,1,1,1,1
81.18,97.95,48.63,2,0,0,2
96.73,111.28,43.12,0,1,0,1
99.21,111.46,53.1,0,1,1,1
88.7,96.8,47.62,0,0,0,0
91.61,88.6,34.91,0,0,0,0
74.57,86.07,37.7,2,0,0,2
87.17,98.88,41.75,0,0,0,0
98.32,47.94,45.04,0,3,0,3
104.38,94.04,46.46,1,0,0,1
122.6,130.41,51.05,3,3,1,3
111.26,98.57,55.55,1,0,1,1
98.21,86.01,32.13,0,0,0,0
63.75,91.53,47.26,3,0,0,3
98.28,104.28,34.86,0,1,0,1
76.13,87.23,48.47,2,0,0,2
94.02,48.06,36.99,0,3,0,3
85.45,73.47,46.18,0,2,0,2
88.45,73.28,41.75,0,2,0,2
54.36,78.97,37.36,3,2,0,3
95.03,67.38,38.86,0,2,0,2
71.43,66.35,21.63,2,2,2,2
110.21,111.79,57.2,1,1,1,1
99.02,54.16,50.37,0,3,3,3
98.22,94.84,33.12,0,0,0,0
113.17,82.97,40.17,1,0,0,1
96.84,39.19,35.1,0,3,0,3
94.0,57.32,32.13,0,3,0,3
90.84,96.59,8.66,0,0,3,3
98.23,93.63,3.33,0,0,3,3
135.97,119.59,38.31,3,3,0,3
87.08,95.78,14.18,0,0,3,3
94.54,94.71,40.93,0,0,0,0
74.47,92.06,42.83,2,0,0,2
59.62,99.2,36.61,3,0,0,3
73.49,83.45,17.18,2,0,2,2
80.81,88.43,51.45,2,0,1,1
72.23,86.75,28.36,2,0,2,2
95.68,84.26,77.76,0,0,3,3
108.65,95.14,32.21,1,0,0,1
85.49,65.01,17.68,0,2,2,2
106.87,94.81,39.51,1,0,0,1
97.11,88.14,16.79,0,0,2,2
98.95,93.75,57.91,0,0,1,1
87.61,98.25,31.12,0,0,0,0
97.57,108.9,46.95,0,1,0,1
97.53,109.54,39.69,0,1,0,1
87.5,75.52,42.03,0,2,0,2
77.08,74.66,17.89,2,2,2,2
109.47,78.42,31.6,1,2,0,1
94.8,99.92,41.5,0,0,0,0
93.18,93.46,40.63,0,0,0,0
97.14,84.19,37.81,0,0,0,0
91.48,90.92,16.26,0,0,2,2
109.06,78.73,44.38,1,2,0,1
93.14,93.14,69.29,0,0,3,3
88.75,84.11,72.56,0,0,3,3
87.15,101.69,61.4,0,1,1,1
87.71,106.04,47.87,0,1,0,1
85.81,82.11,81.59,0,0,3,3
95.47,87.57,40.48,0,0,0,0
92.85,100.75,4.25,0,3,3,3
91.6,67.62,33.31,0,2,0,2
91.67,107.3,36.34,0,1,0,1
91.29,107.37,41.63,0,1,0,1
99.08,94.77,35.35,0,0,0,0
72.52,86.97,43.0,2,0,0,2
108.69,88.35,33.02,1,0,0,1
88.8,94.48,33.64,0,0,0,0
132.44,120.17,39.9,3,3,0,3
89.57,83.46,20.55,0,0,2,2
89.95,98.14,40.61,0,0,0,0
89.83,80.73,44.78,0,0,0,0
88.61,82.45,42.58,0,0,0,0
96.02,85.16,62.65,0,0,1,1
43.26,87.28,43.35,3,0,0,3
112.09,101.53,36.61,1,1,0,1
99.63,101.88,44.18,0,1,0,1
72.3,89.6,27.8,2,0,2,2
91.92,49.07,41.75,0,3,0,3
95.75,83.11,45.67,0,0,0,0
86.61,53.96,50.43,0,3,3,3
102.11,96.88,40.52,1,0,0,1
53.32,98.35,41.07,3,0,0,3
50.56,99.77,45.03,3,0,0,3
92.4,62.01,41.15,0,2,0,2
95.82,85.31,35.11,0,0,0,0
90.13,92.25,40.83,0,0,0,0
76.29,97.03,36.53,2,0,0,2
98.52,42.95,35.43,0,3,0,3
97.65,89.73,58.95,0,0,1,1
89.46,97.38,74.87,0,0,3,3
44.7,80.37,40.98,3,0,0,3
113.18,87.58,42.24,1,0,0,1
85.14,65.58,46.28,0,2,0,2
87.48,104.64,37.4,0,1,0,1
90.91,61.07,39.98,0,2,0,2
113.41,114.89,57.4,1,1,1,1
90.58,83.8,81.09,0,0,3,3
91.86,84.3,40.72,0,0,0,0
89.53,88.11,37.82,0,0,0,0
101.37,84.07,82.13,1,0,3,3
89.65,67.48,38.42,0,2,0,2
144.6,134.37,39.83,3,3,0,3
101.83,88.74,38.12,1,0,0,1
95.29,93.51,3.01,0,0,3,3
97.6,97.02,37.88,0,0,0,0
89.98,97.25,39.38,0,0,0,0
118.61,121.07,37.4,3,3,0,3
98.03,90.58,38.29,0,0,0,0
110.11,89.12,48.88,1,0,0,1
94.75,68.85,32.46,0,2,0,2
99.64,85.58,42.87,0,0,0,0
48.39,80.77,36.76,3,0,0,3
91.41,92.41,46.41,0,0,0,0
88.26,86.07,2.88,0,0,3,3
99.13,81.95,39.9,0,0,0,0
91.65,31.95,41.89,0,3,0,3
91.41,69.52,44.78,0,2,0,2
93.76,86.63,21.22,0,0,2,2
95.81,83.36,17.89,0,0,2,2
89.99,83.59,38.16,0,0,0,0
84.66,100.12,79.27,3,3,3,3
88.32,81.71,17.25,0,0,2,2
87.3,104.99,26.96,0,1,2,1
90.85,88.51,32.76,0,0,0,0
72.96,78.32,42.38,2,2,0,2
96.52,89.15,16.38,0,0,2,2
87.8,94.02,45.24,0,0,0,0
99.43,99.71,44.98,0,0,0,0
92.48,93.5,18.72,0,0,2,2
79.49,90.41,37.8,2,0,0,2
97.02,64.57,35.72,0,2,0,2
101.35,112.56,35.06,1,1,0,1
92.78,89.83,24.71,0,0,2,2
88.06,94.26,58.02,0,0,1,1
74.41,95.1,34.44,2,0,0,2
98.86,50.12,42.05,0,3,0,3
92.68,95.66,41.02,0,0,0,0
83.12,97.96,18.59,2,0,2,2
93.4,89.18,42.05,0,0,0,0
97.69,106.54,44.26,0,1,0,1
97.38,90.43,54.34,0,0,1,1
94.44,90.03,21.45,0,0,2,2
98.36,86.8,89.03,0,0,3,3
101.4,42.29,26.16,1,3,2,3
94.53,84.91,40.58,0,0,0,0
116.63,132.64,34.97,3,3,0,3
89.18,70.94,46.57,0,2,0,2
91.11,95.58,43.79,0,0,0,0
88.76,94.21,58.24,0,0,1,1
74.82,65.75,21.92,2,2,2,2
75.41,92.2,34.23,2,0,0,2
55.77,91.65,42.01,3,0,0,3
134.85,123.76,36.17,3,3,0,3
90.32,95.34,26.62,0,0,2,2
64.85,95.64,36.09,3,0,0,3
91.75,83.6,51.01,0,0,1,1
88.24,83.41,35.73,0,0,0,0
87.37,89.99,40.17,0,0,0,0
92.38,45.1,46.55,0,3,0,3
92.65,97.03,70.08,0,0,3,3
110.05,89.21,38.83,1,0,0,1
92.82,88.76,36.0,0,0,0,0
105.26,95.06,47.4,1,0,0,1
122.82,120.96,39.34,3,3,0,3
87.91,94.31,76.53,0,0,3,3
108.36,86.42,43.58,1,0,0,1
73.02,99.86,42.74,2,0,0,2
71.08,90.66,34.53,2,0,0,2
102.43,97.6,34.45,1,0,0,1
94.96,85.47,35.56,0,0,0,0
107.54,78.68,42.84,1,2,0,1
76.35,78.51,22.07,2,2,2,2
52.46,96.09,36.51,3,0,0,3
80.84,99.0,41.6,2,0,0,2
128.11,135.72,44.89,3,3,0,3
112.95,84.56,47.22,1,0,0,1
59.84,89.88,40.67,3,0,0,3
112.1,99.77,57.86,1,0,1,1
144.1,120.0,35.8,3,3,0,3
97.56,41.36,51.49,0,3,1,3
97.56,80.53,39.5,0,0,0,0
108.77,86.35,35.57,1,0,0,1
98.92,90.43,57.04,0,0,1,1
101.24,80.77,33.27,1,0,0,1
96.52,81.17,36.4,0,0,0,0
101.83,90.59,49.59,1,0,0,1
122.4,116.58,45.57,3,3,0,3
88.78,81.8,36.69,0,0,0,0
98.97,49.49,29.76,0,3,3,3
89.02,81.16,30.05,0,0,0,0
80.11,81.9,47.63,2,0,0,2
145.6,143.29,37.75,3,3,0,3
88.6,99.12,34.29,0,0,0,0
108.52,97.63,35.81,1,0,0,1
138.41,132.01,30.34,3,3,0,3
102.92,86.43,2.8,1,0,3,3
105.67,91.18,48.9,1,0,0,1
86.6,58.62,48.15,0,3,0,3
89.68,113.58,39.67,0,1,0,1
104.56,90.96,41.54,1,0,0,1
94.9,76.28,35.0,0,2,0,2
85.91,85.07,62.51,0,0,1,1
94.76,85.51,38.97,0,0,0,0
89.64,80.75,36.36,0,0,0,0
94.71,87.83,59.78,0,0,1,1
79.19,85.13,33.81,2,0,0,2
109.18,88.23,43.59,1,0,0,1
133.68,118.64,41.29,3,3,0,3
89.92,97.21,15.44,0,0,2,2
94.25,87.43,42.69,0,0,0,0
90.88,112.91,49.18,0,1,0,1
92.14,103.65,37.41,0,1,0,1
87.29,67.24,35.19,0,2,0,2
93.94,88.32,90.47,0,0,3,3
89.52,98.52,45.68,0,0,0,0
93.37,99.26,30.84,0,0,0,0
90.95,84.27,9.69,0,0,3,3
80.47,73.49,16.93,2,2,2,2
80.55,85.74,42.87,2,0,0,2
52.79,85.93,39.13,3,0,0,3
90.31,112.33,47.5,0,1,0,1
85.35,63.73,23.54,0,2,2,2
49.24,94.14,28.64,3,0,2,3
91.11,111.78,40.21,0,1,0,1
95.78,85.31,56.72,0,0,1,1
76.63,76.52,17.01,2,2,2,2
92.57,87.64,61.91,0,0,1,1
93.26,87.01,35.81,0,0,0,0
134.45,137.75,39.43,3,3,0,3
85.06,73.02,28.71,0,2,2,2
99.09,106.05,39.04,0,1,0,1
73.21,72.18,23.12,2,2,2,2
96.21,87.49,6.99,0,0,3,3
96.26,90.72,37.62,0,0,0,0
92.08,94.14,40.52,0,0,0,0
57.3,39.51,76.31,3,3,3,3
75.61,96.13,40.68,2,0,0,2
78.19,88.72,34.26,2,0,0,2
93.09,96.94,40.16,0,0,0,0
89.97,85.89,44.67,0,0,0,0
92.59,88.43,34.35,0,0,0,0
96.32,101.38,36.89,0,1,0,1
140.83,142.78,37.49,3,3,0,3
109.28,99.13,40.27,1,0,0,1
87.67,92.37,57.07,0,0,1,1
97.65,94.18,55.9,0,0,1,1
76.68,89.59,40.59,2,0,0,2
46.83,34.35,76.19,3,3,3,3
91.08,89.57,8.49,0,0,3,3
94.05,90.53,33.84,0,0,0,0
88.15,87.98,28.94,0,0,2,2
112.45,83.99,41.71,1,0,0,1
87.04,94.83,32.69,0,0,0,0
78.08,87.0,48.18,2,0,0,2
118.42,132.3,46.2,3,3,0,3
89.39,89.26,31.92,0,0,0,0
87.55,97.99,38.88,0,0,0,0
79.65,88.87,47.53,2,0,0,2
95.02,85.26,9.65,0,0,3,3
104.04,99.45,45.28,1,0,0,1
94.47,92.9,44.39,0,0,0,0
98.65,86.3,43.67,0,0,0,0
98.25,87.45,43.98,0,0,0,0
96.36,90.22,46.16,0,0,0,0
107.5,82.04,45.19,1,0,0,1
88.25,49.44,37.73,0,3,0,3
98.6,88.02,44.32,0,0,0,0
105.01,87.17,40.95,1,0,0,1
88.55,90.17,36.62,0,0,0,0
99.79,110.75,41.47,0,1,0,1
93.61,104.63,48.4,0,1,0,1
111.19,90.12,35.04,1,0,0,1
92.87,68.73,41.09,0,2,0,2
94.19,77.62,45.55,0,2,0,2
73.07,89.47,47.1,2,0,0,2
80.84,84.68,34.95,2,0,0,2
88.24,94.35,7.61,0,0,3,3
85.33,112.27,45.49,0,1,0,1
95.18,92.22,34.07,0,0,0,0
90.77,71.68,45.88,0,2,0,2
91.29,94.04,11.75,0,0,3,3
80.06,62.87,27.29,2,2,2,2
95.65,98.13,61.34,0,0,1,1
68.54,93.32,39.77,3,0,0,3
93.87,91.8,36.72,0,0,0,0
111.6,84.06,49.74,1,0,0,1
103.13,90.28,45.32,1,0,0,1
80.82,78.89,16.62,2,2,2,2
46.33,83.71,37.33,3,0,0,3
98.94,84.48,23.2,0,0,2,2
93.21,83.56,35.21,0,0,0,0
91.24,97.63,34.07,0,0,0,0
90.04,63.55,38.94,0,2,0,2
93.61,95.32,34.47,0,0,0,0
72.83,87.34,32.69,2,0,0,2
59.0,78.66,41.78,3,2,0,3
92.22,60.86,45.92,0,2,0,2
108.73,109.46,52.48,1,1,1,1
78.4,71.34,27.96,2,2,2,2
94.0,67.0,30.49,0,2,0,2
73.15,78.98,41.28,2,2,0,2
111.51,120.39,42.76,1,3,0,3
79.16,84.62,36.35,2,0,0,2
94.14,96.17,78.65,0,0,3,3
90.57,110.92,36.66,0,1,0,1
78.43,64.62,20.31,2,2,2,2
99.49,80.5,64.8,0,0,1,1
90.48,81.15,28.69,0,0,2,2
92.81,110.07,38.91,0,1,0,1
97.31,80.8,34.89,0,0,0,0
87.41,93.5,57.27,0,0,1,1
103.7,101.13,40.25,1,1,0,1
103.87,81.24,47.29,1,0,0,1
80.78,89.42,45.42,2,0,0,2
59.63,42.71,78.78,3,3,3,3
96.98,88.75,15.75,0,0,2,2
94.33,95.61,40.24,0,0,0,0
77.5,99.9,34.22,2,0,0,2
92.07,86.19,71.64,0,0,3,3
88.45,81.63,36.31,0,0,0,0
89.79,92.23,61.55,0,0,1,1
88.55,89.56,58.67,0,0,1,1
95.19,90.12,6.46,0,0,3,3
97.76,82.59,49.28,0,0,0,0
89.38,56.16,26.23,0,3,2,3
95.31,44.2,37.69,0,3,0,3
91.08,40.02,31.5,0,3,0,3
93.13,92.82,19.9,0,0,2,2
79.16,93.58,44.26,2,0,0,2
87.77,89.16,18.91,0,0,2,2
88.38,82.46,46.66,0,0,0,0
94.43,89.97,62.21,0,0,1,1
105.56,101.44,58.61,1,1,1,1
72.5,83.34,48.8,2,0,0,2
96.15,51.85,35.01,0,3,0,3
111.01,87.89,44.96,1,0,0,1
77.51,80.79,47.27,2,0,0,2
95.16,114.38,46.43,0,1,0,1
80.85,94.24,33.87,2,0,0,2
67.67,104.58,36.15,3,1,0,3
95.02,94.79,33.59,0,0,0,0
99.29,85.73,43.61,0,0,0,0
82.95,96.49,47.3,2,0,0,2
132.08,134.31,47.33,3,3,0,3
93.27,95.47,40.02,0,0,0,0
73.12,86.8,30.5,2,0,0,2
87.0,65.94,28.36,0,2,2,2
81.2,97.24,73.19,2,0,3,3
83.06,42.5,33.22,2,3,0,3
68.12,99.85,41.21,3,0,0,3
86.07,99.55,75.46,0,0,3,3
77.35,64.36,18.52,2,2,2,2
92.44,89.54,21.27,0,0,2,2
89.66,87.14,32.04,0,0,0,0
89.91,90.07,45.56,0,0,0,0
93.04,102.18,41.74,0,1,0,1
91.8,92.09,48.31,0,0,0,0
92.14,84.34,38.44,0,0,0,0
85.01,45.18,32.52,0,3,0,3
86.41,49.17,35.33,0,3,0,3
91.5,93.29,37.37,0,0,0,0
99.89,90.96,37.18,0,0,0,0
78.46,63.95,17.26,2,2,2,2
85.45,97.01,44.95,0,0,0,0
83.38,96.34,18.47,2,0,2,2
127.08,136.36,29.05,3,3,3,3
90.03,96.07,46.37,0,0,0,0
89.25,81.02,38.43,0,0,0,0
91.57,80.82,39.77,0,0,0,0
86.58,69.76,35.33,0,2,0,2
89.33,77.86,40.01,0,2,0,2
90.86,36.44,36.23,0,3,0,3
108.39,95.77,46.34,1,0,0,1
77.89,89.3,48.97,2,0,0,2
101.22,99.57,37.83,1,0,0,1
91.67,89.45,32.8,0,0,0,0
89.31,98.37,43.19,0,0,0,0
87.59,106.28,41.14,0,1,0,1
92.25,89.11,56.43,0,0,1,1
75.59,83.52,39.25,2,0,0,2
45.9,92.68,43.53,3,0,0,3
83.97,111.12,45.2,2,1,0,1
71.79,94.95,41.04,2,0,0,2
89.25,98.3,45.78,0,0,0,0
90.57,94.01,25.63,0,0,2,2
104.19,78.7,36.66,1,2,0,1
95.18,95.6,62.57,0,0,1,1
98.05,38.36,32.06,0,3,0,3
53.87,94.16,49.02,3,0,0,3
94.66,89.56,46.58,0,0,0,0
77.84,88.42,44.74,2,0,0,2
139.28,141.87,38.41,3,3,0,3
87.77,110.28,30.4,0,1,0,1
97.58,106.93,31.92,0,1,0,1
95.59,87.49,21.9,0,0,2,2
72.7,98.26,38.61,2,0,0,2
127.85,138.99,30.86,3,3,0,3
99.46,82.63,74.8,0,0,3,3
96.89,57.3,41.55,0,3,0,3
95.09,84.95,48.0,0,0,0,0
96.9,105.03,44.69,0,1,0,1
44.76,83.98,44.56,3,0,0,3
70.61,84.26,30.83,2,0,0,2
88.99,87.93,56.75,0,0,1,1
76.48,85.06,41.6,2,0,0,2
47.31,45.69,86.27,3,3,3,3
47.91,36.24,72.05,3,3,3,3
88.69,89.98,24.25,0,0,2,2
134.31,132.15,41.57,3,3,0,3
94.27,83.93,37.82,0,0,0,0
90.13,85.67,45.82,0,0,0,0
92.33,106.56,46.9,0,1,0,1
53.72,49.48,76.37,3,3,3,3
80.46,83.03,38.39,2,0,0,2
95.26,91.76,13.63,0,0,3,3
86.74,80.17,82.95,0,0,3,3
88.73,81.55,43.67,0,0,0,0
94.79,82.78,26.76,0,0,2,2
87.78,88.31,77.96,0,0,3,3
73.52,86.23,35.11,2,0,0,2
90.33,88.5,70.14,0,0,3,3
95.73,85.05,61.68,0,0,1,1
81.73,73.45,20.46,2,2,2,2
79.13,65.53,20.09,2,2,2,2
47.7,79.96,43.67,3,3,0,3
96.13,81.0,37.22,0,0,0,0
87.34,97.37,38.05,0,0,0,0
98.02,61.09,38.81,0,2,0,2
61.68,83.78,30.99,3,0,0,3
102.18,101.42,62.57,1,1,1,1
98.01,85.99,47.66,0,0,0,0
84.58,101.59,74.52,3,1,3,3
112.18,80.63,38.59,1,0,0,1
96.55,113.95,42.81,0,1,0,1
70.52,65.99,19.99,2,2,2,2
94.18,85.34,4.15,0,0,3,3
92.05,67.77,45.39,0,2,0,2
125.28,128.9,30.81,3,3,0,3
90.48,108.79,36.24,0,1,0,1
92.09,71.53,44.21,0,2,0,2
93.0,46.81,29.73,0,3,3,3
86.48,106.96,28.87,0,1,2,1
81.44,95.36,37.5,2,0,0,2
88.21,96.72,40.58,0,0,0,0
73.63,66.76,25.84,2,2,2,2
82.71,88.77,23.62,2,0,2,2
129.67,130.39,44.84,3,3,0,3
90.26,99.17,43.32,0,0,0,0
105.4,86.53,51.03,1,0,1,1
99.7,87.72,43.93,0,0,0,0
107.04,89.0,31.15,1,0,0,1
71.02,94.7,39.75,2,0,0,2
92.55,87.95,46.63,0,0,0,0
91.69,85.01,62.49,0,0,1,1
96.94,86.59,55.2,0,0,1,1
58.14,94.58,49.19,3,0,0,3
54.48,103.21,27.43,3,1,2,3
88.48,82.65,41.17,0,0,0,0
88.22,85.8,25.34,0,0,2,2
43.07,79.3,28.54,3,3,2,3
91.19,89.12,76.05,0,0,3,3
89.76,90.69,45.73,0,0,0,0
126.23,146.77,46.71,3,3,0,3
94.22,66.28,41.96,0,2,0,2
92.26,78.67,33.04,0,2,0,2
96.05,81.22,83.88,0,0,3,3
89.6,98.48,9.47,0,0,3,3
95.32,84.68,55.1,0,0,1,1
86.52,90.54,70.32,0,0,3,3
105.12,97.36,37.56,1,0,0,1
104.02,110.87,61.47,1,1,1,1
93.9,95.81,33.9,0,0,0,0
80.14,93.21,41.66,2,0,0,2
111.39,96.91,33.44,1,0,0,1
85.4,113.46,36.59,0,1,0,1
83.3,87.25,39.1,2,0,0,2
112.64,132.95,34.78,1,3,0,3
76.01,91.7,45.97,2,0,0,2
106.31,82.3,46.56,1,0,0,1
66.66,101.13,24.48,3,1,2,3
88.3,95.8,37.38,0,0,0,0
76.52,78.01,42.49,2,2,0,2
59.07,86.54,48.93,3,0,0,3
94.69,98.34,40.33,0,0,0,0
48.08,97.24,46.6,3,0,0,3
85.95,97.93,39.58,0,0,0,0
85.86,41.96,33.86,0,3,0,3
99.81,93.4,35.66,0,0,0,0
102.16,102.51,58.65,1,1,1,1
91.96,94.35,24.6,0,0,2,2
75.7,86.01,33.5,2,0,0,2
97.28,106.96,37.56,0,1,0,1
95.74,83.25,42.33,0,0,0,0
74.05,94.88,46.62,2,0,0,2
88.49,95.13,45.8,0,0,0,0
99.29,81.2,57.5,0,0,1,1
96.33,92.86,45.06,0,0,0,0
72.66,84.39,45.5,2,0,0,2
90.68,108.43,37.25,0,1,0,1
86.75,80.27,42.94,0,0,0,0
90.76,95.05,31.8,0,0,0,0
91.18,76.99,23.17,0,2,2,2
88.55,81.62,79.72,0,0,3,3
125.96,133.51,37.57,3,3,0,3
58.97,56.03,75.55,3,3,3,3
74.1,82.14,40.81,2,0,0,2
85.28,95.38,38.89,0,0,0,0
93.99,78.94,22.84,0,2,2,2
93.55,89.48,22.56,0,0,2,2
95.44,70.22,36.31,0,2,0,2
112.19,94.0,39.04,1,0,0,1
94.5,78.87,80.14,0,2,3,3
85.34,94.21,57.63,0,0,1,1
81.1,89.59,34.15,2,0,0,2
93.92,98.47,28.01,0,0,2,2
89.54,87.08,26.48,0,0,2,2
92.53,76.95,66.29,0,2,3,3
109.57,82.62,33.73,1,0,0,1
90.47,96.48,46.91,0,0,0,0
86.18,92.28,75.51,0,0,3,3
49.11,84.85,50.71,3,0,3,3
96.62,52.52,29.13,0,3,3,3
97.65,88.44,36.56,0,0,0,0
91.93,94.87,82.85,0,0,3,3
85.3,80.91,44.42,0,0,0,0
94.64,93.68,58.74,0,0,1,1
82.08,90.32,34.8,2,0,0,2
93.38,92.58,46.27,0,0,0,0
113.67,103.51,55.17,1,1,1,1
99.08,95.42,23.27,0,0,2,2
91.62,94.78,19.04,0,0,2,2
94.74,82.43,76.82,0,0,3,3
87.22,43.68,34.08,0,3,0,3
73.55,61.96,28.06,2,2,2,2
106.79,82.38,41.84,1,0,0,1
95.15,88.14,23.52,0,0,2,2
92.26,96.56,4.95,0,0,3,3
57.69,95.03,43.65,3,0,0,3
89.84,98.76,33.07,0,0,0,0
90.99,92.22,49.12,0,0,0,0
90.97,89.35,32.28,0,0,0,0
71.25,95.54,41.95,2,0,0,2
93.61,93.03,37.74,0,0,0,0
114.38,98.78,46.13,1,0,0,1
81.96,72.1,22.87,2,2,2,2
60.8,88.1,38.65,3,0,0,3
74.0,64.59,20.99,2,2,2,2
86.66,82.87,30.59,0,0,0,0
97.01,87.77,17.98,0,0,2,2
73.14,74.56,24.28,2,2,2,2
101.57,99.38,70.28,1,0,3,3
94.89,84.35,70.71,0,0,3,3
96.8,54.57,35.87,0,3,0,3
81.8,99.62,46.74,2,0,0,2
90.12,84.56,20.94,0,0,2,2
72.1,83.63,38.49,2,0,0,2
72.16,81.23,31.45,2,0,0,2
82.54,109.47,38.79,2,1,0,1
83.68,45.83,50.24,2,3,3,3
91.38,83.32,46.87,0,0,0,0
83.4,98.58,79.99,2,0,3,3
92.12,70.85,35.54,0,2,0,2
90.55,80.31,33.78,0,0,0,0
82.15,65.01,44.21,2,2,0,2
90.57,95.9,31.54,0,0,0,0
90.27,88.02,39.06,0,0,0,0
91.58,108.97,43.15,0,1,0,1
103.39,80.15,31.89,1,0,0,1
94.71,87.61,82.31,0,0,3,3
107.02,98.96,49.74,1,0,0,1
111.63,89.21,47.55,1,0,0,1
87.3,103.28,34.42,0,1,0,1
43.04,55.59,79.88,3,3,3,3
118.48,142.77,34.59,3,3,0,3
91.54,87.91,12.63,0,0,3,3
71.43,64.98,24.44,2,2,2,2
86.34,68.96,34.43,0,2,0,2
82.99,93.99,40.62,2,0,0,2
93.38,92.06,1.81,0,0,3,3
116.98,123.33,43.9,3,3,0,3
55.38,83.39,36.3,3,0,0,3
83.28,97.76,47.23,2,0,0,2
78.34,89.5,49.29,2,0,0,2
106.27,109.17,64.72,1,1,1,1
99.95,78.52,79.12,0,2,3,3
70.06,89.59,36.4,2,0,0,2
94.11,91.0,55.18,0,0,1,1
87.61,90.29,41.07,0,0,0,0
91.36,85.77,4.97,0,0,3,3
97.67,98.14,33.86,0,0,0,0
86.32,81.08,35.02,0,0,0,0
90.5,87.42,38.78,0,0,0,0
92.89,88.84,61.47,0,0,1,1
90.16,92.63,53.26,0,0,1,1
81.31,88.93,49.51,2,0,0,2
90.27,87.93,39.65,0,0,0,0
98.88,95.32,7.43,0,0,3,3
93.99,97.52,46.15,0,0,0,0
139.29,117.25,33.92,3,3,0,3
101.02,84.18,62.54,1,0,1,1
99.34,92.96,31.93,0,0,0,0
65.92,93.07,34.65,3,0,0,3
80.84,90.47,37.86,2,0,0,2
114.29,84.02,41.22,1,0,0,1
74.78,89.35,30.17,2,0,0,2
97.8,92.8,26.71,0,0,2,2
97.25,109.88,53.64,0,1,1,1
91.64,83.85,28.96,0,0,2,2
50.34,92.36,39.69,3,0,0,3
90.4,91.21,26.87,0,0,2,2
98.85,62.69,48.47,0,2,0,2
96.29,76.75,31.27,0,2,0,2
99.75,82.24,37.88,0,0,0,0
82.26,62.38,30.84,2,2,0,2
95.26,83.24,33.43,0,0,0,0
73.75,92.03,35.73,2,0,0,2
99.67,85.87,56.97,0,0,1,1
114.45,106.77,59.14,1,1,1,1
92.95,94.13,62.27,0,0,1,1
98.08,72.47,47.37,0,2,0,2
111.75,78.67,43.55,1,2,0,1
96.27,88.1,79.29,0,0,3,3
95.72,92.41,61.18,0,0,1,1
94.14,66.61,47.11,0,2,0,2
44.13,82.52,52.85,3,0,1,3
99.19,66.5,35.25,0,2,0,2
94.22,88.34,31.84,0,0,0,0
116.68,128.63,44.66,3,3,0,3
96.27,88.4,40.31,0,0,0,0
61.8,85.54,37.98,3,0,0,3
97.58,83.31,34.53,0,0,0,0
96.24,62.66,44.42,0,2,0,2
123.76,138.54,47.1,3,3,0,3
98.98,62.88,46.89,0,2,0,2
91.76,95.48,31.64,0,0,0,0
88.9,82.34,41.78,0,0,0,0
87.53,87.35,44.88,0,0,0,0
105.12,81.37,45.1,1,0,0,1
91.72,102.95,32.65,0,1,0,1
103.63,92.1,35.4,1,0,0,1
51.79,81.45,39.72,3,0,0,3
99.06,97.16,46.0,0,0,0,0
91.31,107.59,51.8,0,1,1,1
98.43,73.93,42.1,0,2,0,2
88.0,66.72,40.51,0,2,0,2
80.7,84.39,43.18,2,0,0,2
97.86,88.82,48.12,0,0,0,0
99.11,95.64,37.88,0,0,0,0
112.82,88.01,48.94,1,0,0,1
88.62,114.99,39.08,0,1,0,1
89.21,92.14,57.99,0,0,1,1
75.86,92.8,30.77,2,0,0,2
86.07,90.06,47.79,0,0,0,0
91.06,65.79,47.2,0,2,0,2
94.57,109.59,36.08,0,1,0,1
94.37,98.23,44.14,0,0,0,0
81.88,80.5,56.44,2,0,1,1
76.73,89.79,47.61,2,0,0,2
88.66,85.72,19.54,0,0,2,2
78.97,75.35,25.99,2,2,2,2
85.84,86.0,41.47,0,0,0,0
90.16,85.05,44.8,0,0,0,0
107.68,95.02,52.49,1,0,1,1
96.09,86.99,21.64,0,0,2,2
91.58,83.29,48.28,0,0,0,0
65.35,85.56,40.56,3,0,0,3
80.28,96.45,34.45,2,0,0,2
51.75,79.99,35.93,3,3,0,3
93.74,50.27,39.93,0,3,0,3
106.36,94.02,34.98,1,0,0,1
110.79,114.95,53.74,1,1,1,1
131.06,125.48,50.33,3,3,3,3
89.69,96.72,43.52,0,0,0,0
89.63,93.98,46.73,0,0,0,0
80.52,87.29,37.35,2,0,0,2
66.3,95.47,43.95,3,0,0,3
87.62,94.03,44.44,0,0,0,0
89.8,91.74,44.79,0,0,0,0
91.91,95.93,78.92,0,0,3,3
71.57,71.45,23.28,2,2,2,2
109.2,112.49,53.03,1,1,1,1
112.01,89.7,42.37,1,0,0,1
79.61,80.87,30.22,2,0,0,2
119.96,116.39,45.83,3,3,0,3
85.12,93.46,41.66,0,0,0,0
56.1,94.98,42.77,3,0,0,3
83.24,60.88,44.81,2,2,0,2
74.46,84.0,45.87,2,0,0,2
101.23,49.79,32.26,1,3,0,3
80.12,83.88,37.38,2,0,0,2
90.41,58.09,43.53,0,3,0,3
86.9,93.96,47.47,0,0,0,0
59.61,83.17,34.39,3,0,0,3
92.48,89.92,23.45,0,0,2,2
74.96,64.24,15.48,2,2,2,2
87.56,99.02,55.79,0,0,1,1
93.48,87.74,37.36,0,0,0,0
96.36,89.72,66.79,0,0,3,3
53.67,81.91,32.08,3,0,0,3
45.76,99.25,53.48,3,0,1,3
85.89,83.9,44.54,0,0,0,0
93.13,93.07,76.35,0,0,3,3
91.45,88.48,75.52,0,0,3,3
56.07,90.92,44.59,3,0,0,3
90.02,61.94,34.02,0,2,0,2
76.16,98.96,43.69,2,0,0,2
85.44,106.86,41.0,0,1,0,1
76.1,92.51,34.93,2,0,0,2
97.45,98.74,38.01,0,0,0,0
78.32,71.46,18.07,2,2,2,2
92.82,110.59,43.47,0,1,0,1
105.4,96.51,37.85,1,0,0,1
98.62,90.95,39.04,0,0,0,0
90.72,93.33,33.78,0,0,0,0
87.53,92.76,39.37,0,0,0,0
118.94,144.69,43.65,3,3,0,3
89.95,91.21,39.7,0,0,0,0
111.35,113.07,60.17,1,1,1,1
81.15,98.75,83.64,2,0,3,3
79.94,81.28,74.56,2,0,3,3
121.75,137.99,49.87,3,3,0,3
94.89,71.05,30.69,0,2,0,2
95.01,91.98,35.6,0,0,0,0
78.37,96.96,44.18,2,0,0,2
92.15,93.69,20.7,0,0,2,2
65.0,88.06,43.5,3,0,0,3
85.17,95.44,43.49,0,0,0,0
101.38,93.12,43.71,1,0,0,1
89.31,108.78,40.91,0,1,0,1
99.38,82.16,42.29,0,0,0,0
94.16,93.34,38.99,0,0,0,0
97.27,83.62,33.91,0,0,0,0
96.91,89.84,45.37,0,0,0,0
75.19,90.59,37.98,2,0,0,2
89.14,102.89,58.28,0,1,1,1
98.87,84.18,43.63,0,0,0,0
95.68,85.67,84.81,0,0,3,3
90.09,89.54,42.7,0,0,0,0
94.73,83.7,36.38,0,0,0,0
92.45,84.77,32.01,0,0,0,0
95.99,85.37,46.07,0,0,0,0
93.5,114.39,38.29,0,1,0,1
88.05,91.99,6.66,0,0,3,3
114.33,92.3,49.18,1,0,0,1
90.88,80.9,66.53,0,0,3,3
93.26,83.96,47.28,0,0,0,0
92.01,84.34,47.5,0,0,0,0
86.94,67.99,28.0,0,2,2,2
95.14,106.04,48.97,0,1,0,1
85.81,81.94,36.83,0,0,0,0
54.46,94.02,31.96,3,0,0,3
88.31,111.36,41.3,0,1,0,1
85.16,85.97,55.79,0,0,1,1
88.63,95.77,27.83,0,0,2,2
113.33,98.8,37.64,1,0,0,1
113.05,105.56,56.51,1,1,1,1
59.24,86.9,43.43,3,0,0,3
78.45,98.99,37.83,2,0,0,2
70.02,72.25,23.17,2,2,2,2
95.72,85.98,38.59,0,0,0,0
87.66,95.76,46.34,0,0,0,0
112.13,94.64,27.71,1,0,2,1
86.3,88.02,36.69,0,0,0,0
98.26,90.41,78.55,0,0,3,3
92.33,91.99,70.23,0,0,3,3
86.6,78.31,54.33,0,2,1,1
88.69,111.39,47.16,0,1,0,1
97.3,87.93,35.42,0,0,0,0
93.03,88.07,36.79,0,0,0,0
87.69,70.31,35.04,0,2,0,2
80.69,83.64,35.6,2,0,0,2
95.95,96.72,22.54,0,0,2,2
55.42,86.03,51.23,3,0,1,3
83.0,67.04,34.77,2,2,0,2
94.26,97.07,63.68,0,0,1,1
94.48,90.78,4.75,0,0,3,3
105.95,94.54,54.03,1,0,1,1
95.0,89.57,37.94,0,0,0,0
88.44,101.03,53.25,0,1,1,1
91.22,91.42,17.83,0,0,2,2
55.39,86.33,44.85,3,0,0,3
86.26,70.86,35.01,0,2,0,2
79.26,85.48,30.12,2,0,0,2
93.57,87.48,40.04,0,0,0,0
92.3,83.21,24.46,0,0,2,2
58.59,51.45,72.02,3,3,3,3
87.48,90.6,37.36,0,0,0,0
104.11,98.96,80.5,1,0,3,3
99.84,111.91,27.41,0,1,2,1
103.46,81.89,45.79,1,0,0,1
73.65,89.08,30.37,2,0,0,2
89.11,63.62,36.74,0,2,0,2
93.35,105.34,34.56,0,1,0,1
88.75,80.15,37.14,0,0,0,0
76.56,78.61,18.28,2,2,2,2
92.45,38.97,32.7,0,3,0,3
96.26,86.91,39.6,0,0,0,0
101.98,52.13,49.19,1,3,0,3
88.95,109.55,41.91,0,1,0,1
96.54,85.42,25.15,0,0,2,2
93.23,83.41,73.26,0,0,3,3
48.54,42.66,84.72,3,3,3,3
91.15,90.13,25.48,0,0,2,2
92.31,84.42,37.88,0,0,0,0
81.14,83.5,41.69,2,0,0,2
88.73,93.07,30.2,0,0,0,0
74.28,77.57,39.6,2,2,0,2
85.08,98.91,48.5,0,0,0,0
85.33,71.03,21.39,0,2,2,2
112.38,98.7,36.88,1,0,0,1
99.82,92.73,54.86,0,0,1,1
95.69,82.52,41.58,0,0,0,0
84.99,51.19,33.79,3,3,0,3
65.77,53.28,73.76,3,3,3,3
97.27,69.06,37.44,0,2,0,2
86.95,87.3,37.98,0,0,0,0
86.44,108.13,45.25,0,1,0,1
92.41,86.48,39.86,0,0,0,0
71.63,96.71,40.55,2,0,0,2
91.08,49.32,46.85,0,3,0,3
101.22,50.52,37.78,1,3,0,3
85.41,94.49,36.99,0,0,0,0
101.05,93.19,49.71,1,0,0,1
91.14,37.46,36.79,0,3,0,3
92.33,103.31,38.81,0,1,0,1
91.97,89.95,35.22,0,0,0,0
94.55,66.1,35.26,0,2,0,2
90.78,82.76,43.56,0,0,0,0
99.11,85.83,49.16,0,0,0,0
73.11,81.71,45.74,2,0,0,2
92.3,84.2,49.89,0,0,0,0
104.53,102.92,43.6,1,1,0,1
62.56,31.7,75.13,3,3,3,3
94.66,107.69,42.98,0,1,0,1
88.16,91.82,48.32,0,0,0,0
91.58,85.76,41.35,0,0,0,0
87.96,92.82,54.92,0,0,1,1
78.16,84.07,49.84,2,0,0,2
90.45,86.45,35.59,0,0,0,0
93.4,94.04,55.35,0,0,1,1
107.72,99.12,42.47,1,0,0,1
74.15,77.63,37.06,2,2,0,2
93.94,94.71,15.67,0,0,2,2
108.84,93.27,32.62,1,0,0,1
81.71,93.5,45.13,2,0,0,2
99.51,86.7,43.32,0,0,0,0
95.98,66.18,30.89,0,2,0,2
130.65,132.57,41.1,3,3,0,3
93.07,90.47,33.48,0,0,0,0
92.05,39.06,32.03,0,3,0,3
132.96,145.7,41.55,3,3,0,3
82.71,73.9,18.34,2,2,2,2
113.35,88.4,35.41,1,0,0,1
70.38,94.86,42.33,2,0,0,2
88.5,92.07,42.67,0,0,0,0
90.62,95.34,79.49,0,0,3,3
87.76,93.35,30.09,0,0,0,0
74.36,89.62,37.91,2,0,0,2
53.25,89.95,46.15,3,0,0,3
84.02,48.96,32.01,3,3,0,3
69.39,96.69,51.8,3,0,1,3
98.05,86.37,38.8,0,0,0,0
92.15,92.27,47.05,0,0,0,0
104.67,105.25,34.49,1,1,0,1
102.75,108.28,35.11,1,1,0,1
88.98,92.87,40.4,0,0,0,0
87.03,91.58,6.57,0,0,3,3
92.09,93.15,38.17,0,0,0,0
54.7,92.27,49.31,3,0,0,3
102.94,93.12,37.85,1,0,0,1
92.79,69.5,37.81,0,2,0,2
89.12,88.45,34.22,0,0,0,0
96.05,82.33,34.43,0,0,0,0
90.04,95.79,48.98,0,0,0,0
87.73,96.38,61.05,0,0,1,1
77.42,64.62,16.54,2,2,2,2
97.07,93.0,8.4,0,0,3,3
106.16,93.96,41.77,1,0,0,1
88.11,85.5,45.32,0,0,0,0
94.77,92.95,44.85,0,0,0,0
85.31,95.44,69.59,0,0,3,3
88.6,91.32,37.25,0,0,0,0
80.92,81.39,45.11,2,0,0,2
88.69,84.71,47.96,0,0,0,0
83.99,73.63,43.78,2,2,0,2
88.69,92.98,24.65,0,0,2,2
92.67,89.14,57.57,0,0,1,1
101.72,112.38,44.42,1,1,0,1
88.7,82.0,42.69,0,0,0,0
103.24,83.94,40.91,1,0,0,1
94.33,73.13,49.29,0,2,0,2
86.22,89.96,22.78,0,0,2,2
90.61,92.56,54.29,0,0,1,1
73.19,62.53,32.73,2,2,0,2
96.58,75.93,62.56,0,2,1,1
88.3,89.0,40.35,0,0,0,0
74.84,86.58,42.01,2,0,0,2
97.12,82.66,41.95,0,0,0,0
87.11,43.36,46.76,0,3,0,3
95.31,103.87,33.41,0,1,0,1
88.08,81.42,30.6,0,0,0,0
97.59,45.11,30.65,0,3,0,3
89.01,89.83,59.73,0,0,1,1
91.59,103.23,36.66,0,1,0,1
101.45,90.18,60.93,1,0,1,1
127.82,143.07,43.18,3,3,0,3
92.24,94.87,46.92,0,0,0,0
98.99,91.52,41.36,0,0,0,0
80.02,98.07,33.13,2,0,0,2
59.25,43.58,84.74,3,3,3,3
101.83,106.7,49.61,1,1,0,1
58.96,98.77,42.33,3,0,0,3
98.53,109.36,37.54,0,1,0,1
92.27,89.38,36.94,0,0,0,0
79.0,87.4,40.89,2,0,0,2
135.46,125.9,37.56,3,3,0,3
90.27,88.62,63.39,0,0,1,1
86.29,80.82,47.86,0,0,0,0
81.9,83.22,38.06,2,0,0,2
71.63,90.86,48.08,2,0,0,2
48.41,92.73,36.01,3,0,0,3
97.51,89.45,22.4,0,0,2,2
90.67,90.16,30.41,0,0,0,0
88.11,82.2,33.92,0,0,0,0
131.76,118.63,31.25,3,3,0,3
53.66,99.5,40.83,3,0,0,3
88.68,91.65,67.37,0,0,3,3
85.4,94.84,43.75,0,0,0,0
95.34,110.15,41.29,0,1,0,1
87.26,109.55,28.63,0,1,2,1
90.52,84.66,25.6,0,0,2,2
91.01,87.33,20.56,0,0,2,2
101.17,107.87,47.54,1,1,0,1
92.0,92.42,23.95,0,0,2,2
93.98,86.0,37.01,0,0,0,0
97.49,103.28,28.3,0,1,2,1
81.35,80.31,48.08,2,0,0,2
88.11,83.57,47.96,0,0,0,0
90.93,88.37,73.6,0,0,3,3
78.48,81.17,43.68,2,0,0,2
90.12,82.64,41.78,0,0,0,0
88.52,99.64,32.73,0,0,0,0
96.89,80.5,46.02,0,0,0,0
90.71,95.51,25.84,0,0,2,2
85.2,76.93,49.31,0,2,0,2
139.45,124.37,50.97,3,3,3,3
93.0,105.43,46.92,0,1,0,1
94.01,88.06,25.12,0,0,2,2
87.02,87.78,6.32,0,0,3,3
102.77,101.73,37.53,1,1,0,1
87.74,97.98,33.05,0,0,0,0
99.69,83.54,38.89,0,0,0,0
135.27,122.83,36.44,3,3,0,3
95.0,85.62,59.67,0,0,1,1
113.37,82.22,38.62,1,0,0,1
74.04,80.18,44.63,2,0,0,2
86.41,66.98,37.59,0,2,0,2
96.87,93.49,46.92,0,0,0,0
85.29,71.77,30.96,0,2,0,2
89.48,43.73,35.22,0,3,0,3
83.16,76.4,17.56,2,2,2,2
75.17,89.4,34.16,2,0,0,2
85.95,62.02,48.96,0,2,0,2
85.91,85.67,39.31,0,0,0,0
59.25,92.5,32.78,3,0,0,3
98.36,68.36,45.92,0,2,0,2
87.77,45.19,33.93,0,3,0,3
77.27,73.6,23.81,2,2,2,2
46.54,100.61,43.54,3,3,0,3
89.76,81.68,18.26,0,0,2,2
73.86,80.61,39.93,2,0,0,2
80.81,82.19,35.81,2,0,0,2
102.17,85.43,81.23,1,0,3,3
92.19,91.98,38.42,0,0,0,0
92.86,53.29,32.16,0,3,0,3
90.73,91.58,56.27,0,0,1,1
94.91,91.37,48.24,0,0,0,0
94.61,48.03,35.71,0,3,0,3
45.95,56.91,80.71,3,3,3,3
91.1,96.75,32.09,0,0,0,0
62.43,38.0,71.12,3,3,3,3
91.01,96.66,43.4,0,0,0,0
89.48,90.71,15.96,0,0,2,2
87.95,81.08,26.6,0,0,2,2
114.14,92.93,46.12,1,0,0,1
85.48,113.4,44.62,0,1,0,1
97.98,76.96,16.13,0,2,2,2
95.58,40.56,45.95,0,3,0,3
88.86,88.12,36.71,0,0,0,0
87.96,87.83,46.59,0,0,0,0
101.1,106.63,52.66,1,1,1,1
86.09,81.81,55.88,0,0,1,1
95.4,92.06,40.5,0,0,0,0
76.57,87.77,35.83,2,0,0,2
89.86,82.53,42.49,0,0,0,0
90.22,82.14,41.74,0,0,0,0
113.81,85.26,28.36,1,0,2,1
98.29,100.89,10.55,0,3,3,3
92.72,97.56,33.22,0,0,0,0
104.15,111.04,53.46,1,1,1,1
96.4,94.54,41.53,0,0,0,0
85.72,92.79,42.73,0,0,0,0
86.89,99.16,41.39,0,0,0,0
99.77,91.87,33.05,0,0,0,0
92.43,82.67,82.91,0,0,3,3
97.55,89.61,30.64,0,0,0,0
96.43,82.53,56.99,0,0,1,1
96.57,91.12,41.5,0,0,0,0
103.57,81.86,37.88,1,0,0,1
88.62,92.43,40.42,0,0,0,0
96.99,89.89,44.28,0,0,0,0
79.96,82.63,25.42,2,0,2,2
96.74,92.77,33.35,0,0,0,0
81.25,73.12,28.59,2,2,2,2
107.98,86.34,47.61,1,0,0,1
88.43,83.08,42.02,0,0,0,0
50.35,80.56,37.28,3,0,0,3
111.29,108.88,55.29,1,1,1,1
102.47,49.73,37.33,1,3,0,3
94.05,96.48,63.98,0,0,1,1
90.37,54.23,41.61,0,3,0,3
110.71,114.18,53.12,1,1,1,1
98.36,94.18,32.77,0,0,0,0
104.42,88.73,40.93,1,0,0,1
106.0,104.63,60.91,1,1,1,1
89.42,99.92,34.11,0,0,0,0
99.45,84.5,22.05,0,0,2,2
98.17,88.49,53.69,0,0,1,1
89.3,84.87,61.43,0,0,1,1
88.73,69.68,40.06,0,2,0,2
67.47,44.33,82.67,3,3,3,3
99.47,96.31,16.98,0,0,2,2
73.45,94.72,45.96,2,0,0,2
104.19,80.43,43.19,1,0,0,1
68.07,73.71,32.57,3,2,0,3
59.9,48.25,79.98,3,3,3,3
86.03,91.28,36.07,0,0,0,0
91.03,105.12,36.27,0,1,0,1
79.46,75.02,27.97,2,2,2,2
81.91,83.79,44.99,2,0,0,2
53.77,33.59,81.63,3,3,3,3
96.49,103.29,38.48,0,1,0,1
109.57,83.03,40.8,1,0,0,1
61.58,86.67,50.4,3,0,3,3
96.23,92.19,58.33,0,0,1,1
109.26,102.26,49.18,1,1,0,1
87.62,80.32,24.41,0,0,2,2
97.8,107.87,36.57,0,1,0,1
93.42,65.12,32.99,0,2,0,2
85.76,91.94,35.6,0,0,0,0
61.87,96.97,29.14,3,0,3,3
49.71,90.43,46.32,3,0,0,3
93.77,98.41,17.76,0,0,2,2
67.88,45.15,63.91,3,3,1,3
101.65,83.21,46.46,1,0,0,1
52.51,91.96,44.5,3,0,0,3
87.07,113.09,30.92,0,1,0,1
104.94,110.63,51.77,1,1,1,1
86.27,99.13,43.71,0,0,0,0
69.1,90.39,31.49,3,0,0,3
82.45,75.03,20.01,2,2,2,2
73.43,69.23,17.21,2,2,2,2
94.31,99.23,31.87,0,0,0,0
90.33,81.89,24.51,0,0,2,2
112.44,85.11,36.55,1,0,0,1
70.77,96.41,48.14,2,0,0,2
99.19,91.81,45.75,0,0,0,0
89.35,84.13,44.19,0,0,0,0
75.71,86.73,45.23,2,0,0,2
96.52,66.86,43.72,0,2,0,2
99.18,92.9,48.67,0,0,0,0
99.5,96.65,35.1,0,0,0,0
99.0,98.46,79.37,0,0,3,3
92.29,99.52,43.2,0,0,0,0
111.69,102.69,56.89,1,1,1,1
91.64,68.63,36.92,0,2,0,2
71.87,95.24,31.46,2,0,0,2
95.53,95.12,36.16,0,0,0,0
131.74,131.1,47.35,3,3,0,3
94.06,88.6,36.27,0,0,0,0
93.85,99.36,58.74,0,0,1,1
102.76,89.22,32.08,1,0,0,1
95.74,99.77,43.05,0,0,0,0
94.71,74.71,49.51,0,2,0,2
94.07,83.33,45.3,0,0,0,0
108.3,111.03,49.72,1,1,0,1
48.75,82.05,28.42,3,0,2,3
82.39,62.33,42.09,2,2,0,2
101.52,110.73,53.21,1,1,1,1
95.36,95.2,32.69,0,0,0,0
75.55,97.75,22.73,2,0,2,2
79.22,66.16,24.46,2,2,2,2
88.83,93.65,36.16,0,0,0,0
113.98,106.23,57.05,1,1,1,1
88.35,99.28,49.97,0,0,0,0
102.49,101.59,40.83,1,1,0,1
96.94,90.52,54.7,0,0,1,1
91.45,105.64,46.65,0,1,0,1
96.82,106.41,36.81,0,1,0,1
101.19,83.12,62.34,1,0,1,1
90.87,87.65,73.41,0,0,3,3
102.06,88.53,42.6,1,0,0,1
89.17,93.25,38.91,0,0,0,0
92.87,86.11,46.82,0,0,0,0
90.4,104.53,33.36,0,1,0,1
96.53,95.77,28.73,0,0,2,2
97.71,107.51,39.47,0,1,0,1
93.79,95.96,59.34,0,0,1,1
91.34,95.76,43.23,0,0,0,0
83.71,46.76,32.49,2,3,0,3
95.27,91.28,45.74,0,0,0,0
97.82,78.81,38.09,0,2,0,2
71.64,80.91,32.5,2,0,0,2
93.48,96.76,38.49,0,0,0,0
79.33,94.68,32.65,2,0,0,2
98.31,81.21,42.34,0,0,0,0
94.95,96.25,63.74,0,0,1,1
89.09,86.91,47.77,0,0,0,0
74.02,71.31,15.95,2,2,2,2
91.01,85.05,34.87,0,0,0,0
85.16,84.38,46.35,0,0,0,0
117.94,133.04,36.14,3,3,0,3
73.55,91.16,37.31,2,0,0,2
87.85,106.43,34.88,0,1,0,1
142.77,137.93,41.28,3,3,0,3
58.86,89.74,50.08,3,0,3,3
112.04,112.93,44.91,1,1,0,1
96.88,96.27,33.58,0,0,0,0
77.7,81.23,39.89,2,0,0,2
104.21,83.48,34.17,1,0,0,1
99.53,82.84,44.67,0,0,0,0
91.35,90.26,45.0,0,0,0,0
90.96,95.47,23.61,0,0,2,2
98.7,81.34,33.44,0,0,0,0
98.73,106.11,32.98,0,1,0,1
132.91,138.63,31.9,3,3,0,3
89.53,85.65,44.45,0,0,0,0
74.91,61.47,28.56,2,2,2,2
94.96,108.86,49.13,0,1,0,1
75.02,96.66,33.48,2,0,0,2
83.94,102.17,47.29,2,1,0,1
86.8,72.48,41.72,0,2,0,2
80.95,90.56,46.62,2,0,0,2
68.63,77.79,46.03,3,2,0,3
53.92,86.85,39.65,3,0,0,3
83.36,97.17,34.94,2,0,0,2
106.03,106.39,52.89,1,1,1,1
92.49,92.85,49.32,0,0,0,0
112.95,110.49,61.46,1,1,1,1
79.06,94.37,33.85,2,0,0,2
94.31,91.8,35.24,0,0,0,0
98.9,91.79,47.65,0,0,0,0
88.98,51.68,43.7,0,3,0,3
90.57,85.82,9.64,0,0,3,3
99.07,106.37,59.05,0,1,1,1
126.1,118.51,41.17,3,3,0,3
94.02,84.1,30.74,0,0,0,0
81.25,91.03,28.9,2,0,2,2
49.53,97.1,39.23,3,0,0,3
88.38,90.96,56.46,0,0,1,1
74.69,90.16,39.32,2,0,0,2
114.59,92.07,39.6,1,0,0,1
91.31,81.84,36.75,0,0,0,0
79.05,73.62,15.13,2,2,2,2
95.75,83.44,49.43,0,0,0,0
85.88,95.99,44.13,0,0,0,0
80.65,87.72,42.26,2,0,0,2
95.35,89.98,38.3,0,0,0,0
53.41,78.84,33.64,3,2,0,3
96.1,66.93,46.16,0,2,0,2
90.73,109.66,35.46,0,1,0,1
93.75,88.26,40.54,0,0,0,0
96.0,68.1,32.94,0,2,0,2
77.28,86.9,30.91,2,0,0,2
93.19,82.53,33.08,0,0,0,0
77.61,74.58,22.54,2,2,2,2
78.16,89.83,38.22,2,0,0,2
105.92,85.05,40.25,1,0,0,1
97.18,42.12,44.66,0,3,0,3
110.55,94.99,42.96,1,0,0,1
80.27,66.87,22.49,2,2,2,2
90.75,98.02,48.14,0,0,0,0
88.07,96.12,41.15,0,0,0,0
98.44,41.82,29.6,0,3,3,3
89.01,96.91,45.01,0,0,0,0
86.28,65.68,32.62,0,2,0,2
91.2,66.02,47.03,0,2,0,2
88.13,92.3,35.9,0,0,0,0
109.78,94.57,36.99,1,0,0,1
125.32,142.06,37.61,3,3,0,3
124.16,120.01,30.22,3,3,0,3
95.67,89.97,40.98,0,0,0,0
109.1,107.99,56.53,1,1,1,1
109.07,89.26,48.16,1,0,0,1
98.94,72.48,45.23,0,2,0,2
86.74,95.11,37.52,0,0,0,0
83.62,94.08,32.67,2,0,0,2
95.65,68.79,31.17,0,2,0,2
99.83,87.27,48.61,0,0,0,0
87.19,93.3,15.52,0,0,2,2
115.47,126.82,47.22,3,3,0,3
76.67,93.21,32.13,2,0,0,2
88.79,90.08,42.08,0,0,0,0
73.83,92.79,31.11,2,0,0,2
91.87,86.22,34.92,0,0,0,0
84.44,50.6,39.23,3,3,0,3
59.29,92.5,41.78,3,0,0,3
80.51,65.37,47.77,2,2,0,2
76.9,87.39,45.87,2,0,0,2
87.77,79.3,67.99,0,3,3,3
102.13,102.04,58.31,1,1,1,1
102.59,75.65,42.64,1,2,0,1
57.31,54.4,86.9,3,3,3,3
135.59,142.44,31.16,3,3,0,3
90.29,63.2,38.86,0,2,0,2
89.78,97.09,43.65,0,0,0,0
92.44,92.43,37.1,0,0,0,0
90.8,74.5,45.89,0,2,0,2
90.97,81.85,34.95,0,0,0,0
61.55,97.17,33.14,3,0,0,3
87.16,60.98,40.57,0,2,0,2
76.21,75.05,25.97,2,2,2,2
98.07,82.83,41.37,0,0,0,0
96.72,60.16,36.08,0,2,0,2
135.92,141.86,48.83,3,3,0,3
83.11,61.6,28.2,2,2,2,2
46.75,52.34,77.96,3,3,3,3
81.89,87.63,63.7,2,0,1,1
75.74,92.11,38.31,2,0,0,2
91.92,62.18,36.93,0,2,0,2
92.17,81.97,38.21,0,0,0,0
99.85,94.22,40.87,0,0,0,0
81.55,69.13,44.81,2,2,0,2
85.02,85.09,6.82,0,0,3,3
93.79,72.33,48.37,0,2,0,2
79.48,81.93,34.19,2,0,0,2
120.98,133.04,48.43,3,3,0,3
92.13,92.87,84.08,0,0,3,3
87.67,96.47,40.72,0,0,0,0
93.05,89.14,44.43,0,0,0,0
89.88,93.92,43.65,0,0,0,0
48.69,59.79,73.4,3,3,3,3
110.08,103.44,64.98,1,1,1,1
90.57,87.95,64.78,0,0,1,1
87.04,98.1,36.7,0,0,0,0
90.15,98.24,38.85,0,0,0,0
74.34,84.51,36.87,2,0,0,2
97.68,83.56,21.64,0,0,2,2
103.67,91.76,45.75,1,0,0,1
92.53,87.93,36.27,0,0,0,0
113.36,102.57,64.1,1,1,1,1
94.55,53.49,47.49,0,3,0,3
108.35,83.95,37.65,1,0,0,1
126.03,123.84,51.94,3,3,1,3
77.18,91.71,42.7,2,0,0,2
89.63,99.52,45.75,0,0,0,0
84.99,89.81,79.51,3,0,3,3
88.46,89.12,56.76,0,0,1,1
90.6,94.18,37.46,0,0,0,0
96.91,86.68,40.08,0,0,0,0
89.73,113.44,36.13,0,1,0,1
88.68,79.69,69.41,0,3,3,3
94.66,99.15,42.13,0,0,0,0
94.57,71.79,44.42,0,2,0,2
75.7,88.23,43.54,2,0,0,2
101.41,89.72,42.23,1,0,0,1
94.97,91.38,18.37,0,0,2,2
97.48,85.54,42.22,0,0,0,0
96.33,88.09,84.21,0,0,3,3
121.26,122.67,31.18,3,3,0,3
78.93,90.14,46.46,2,0,0,2
89.55,53.03,41.27,0,3,0,3
70.09,99.77,36.14,2,0,0,2
94.24,108.78,42.38,0,1,0,1
144.47,134.99,32.93,3,3,0,3
103.14,94.26,40.93,1,0,0,1
104.42,106.48,54.03,1,1,1,1
93.46,82.96,44.83,0,0,0,0
92.49,91.98,41.12,0,0,0,0
71.35,62.7,23.73,2,2,2,2
97.25,56.09,30.95,0,3,0,3
107.29,105.98,60.51,1,1,1,1
97.6,63.04,35.52,0,2,0,2
102.02,53.32,42.54,1,3,0,3
108.05,95.33,37.93,1,0,0,1
48.65,40.33,77.83,3,3,3,3
85.77,47.43,47.19,0,3,0,3
90.85,86.27,47.4,0,0,0,0
86.65,83.32,56.19,0,0,1,1
94.66,78.53,46.89,0,2,0,2
112.51,109.26,53.36,1,1,1,1
94.12,81.87,42.23,0,0,0,0
96.79,45.14,35.96,0,3,0,3
70.14,46.16,75.83,2,3,3,3
89.86,92.1,51.68,0,0,1,1
79.21,82.43,38.15,2,0,0,2
94.85,85.23,56.66,0,0,1,1
93.21,91.88,39.29,0,0,0,0
88.19,108.86,44.33,0,1,0,1
92.26,107.2,31.77,0,1,0,1
87.25,97.05,45.88,0,0,0,0
88.84,67.7,45.41,0,2,0,2
93.93,90.01,34.31,0,0,0,0
93.32,93.64,30.79,0,0,0,0
61.95,93.5,49.01,3,0,0,3
92.02,97.16,59.47,0,0,1,1
86.45,59.26,47.89,0,3,0,3
102.03,91.49,47.49,1,0,0,1
71.97,90.52,37.49,2,0,0,2
79.0,82.7,47.0,2,0,0,2
92.69,93.53,21.2,0,0,2,2
98.2,105.54,46.27,0,1,0,1
96.22,74.21,47.84,0,2,0,2
93.14,102.09,35.32,0,1,0,1
105.36,111.42,58.08,1,1,1,1
103.27,80.88,58.18,1,0,1,1
61.71,96.04,44.87,3,0,0,3
97.72,91.52,46.64,0,0,0,0
88.49,86.61,74.21,0,0,3,3
94.76,33.45,37.76,0,3,0,3
98.71,84.09,34.25,0,0,0,0
127.88,113.24,41.19,3,1,0,3
93.07,106.98,35.65,0,1,0,1
49.59,40.62,78.26,3,3,3,3
86.58,92.79,26.49,0,0,2,2
101.72,89.21,76.65,1,0,3,3
64.97,83.88,48.14,3,0,0,3
61.78,86.6,49.28,3,0,0,3
85.97,60.61,40.09,0,2,0,2
107.99,94.58,39.87,1,0,0,1
98.17,85.85,41.18,0,0,0,0
90.74,72.06,43.2,0,2,0,2
88.38,96.38,31.19,0,0,0,0
93.9,92.92,43.22,0,0,0,0
73.51,62.51,24.26,2,2,2,2
75.72,83.02,45.09,2,0,0,2
81.87,89.52,45.28,2,0,0,2
89.39,98.65,15.31,0,0,2,2
113.53,88.62,40.0,1,0,0,1
94.86,89.73,42.69,0,0,0,0
88.41,92.74,21.37,0,0,2,2
89.01,90.84,37.14,0,0,0,0
96.05,87.36,37.28,0,0,0,0
86.02,64.16,28.2,0,2,2,2
87.78,95.46,32.57,0,0,0,0
134.12,138.81,30.77,3,3,0,3
95.98,98.15,23.52,0,0,2,2
99.59,111.63,43.85,0,1,0,1
112.6,142.2,41.22,1,3,0,3
95.9,93.88,32.65,0,0,0,0
97.77,81.41,-1.1,0,0,3,3
58.91,91.55,42.82,3,0,0,3
62.97,97.76,45.1,3,0,0,3
82.02,73.04,35.45,2,2,0,2
83.73,60.55,47.82,2,2,0,2
91.38,88.17,35.53,0,0,0,0
114.78,105.94,53.06,1,1,1,1
45.56,86.93,41.66,3,0,0,3
79.65,80.85,43.91,2,0,0,2
86.12,94.89,34.2,0,0,0,0
75.38,85.79,37.37,2,0,0,2
85.41,89.85,22.42,0,0,2,2
58.78,84.93,45.38,3,0,0,3
87.84,87.39,41.35,0,0,0,0
71.32,62.25,18.62,2,2,2,2
83.56,99.83,45.54,2,0,0,2
102.87,99.14,64.61,1,0,1,1
88.35,87.86,34.59,0,0,0,0
75.76,88.63,45.18,2,0,0,2
73.87,78.36,46.62,2,2,0,2
89.13,95.86,45.13,0,0,0,0
88.41,63.25,40.46,0,2,0,2
96.84,83.7,59.48,0,0,1,1
63.91,41.14,80.06,3,3,3,3
73.95,91.52,47.03,2,0,0,2
85.54,90.87,47.07,0,0,0,0
57.19,101.42,33.94,3,1,0,3
90.52,99.05,26.19,0,0,2,2
93.96,85.31,43.02,0,0,0,0
91.99,98.76,83.43,0,0,3,3
57.4,83.06,41.87,3,0,0,3
97.76,82.98,82.32,0,0,3,3
107.55,106.31,47.76,1,1,0,1
107.81,85.19,31.44,1,0,0,1
109.06,97.48,45.33,1,0,0,1
96.92,97.16,27.77,0,0,2,2
90.03,89.64,47.04,0,0,0,0
86.45,93.05,41.16,0,0,0,0
90.78,56.38,53.28,0,3,1,3
91.29,85.23,62.7,0,0,1,1
96.45,86.39,32.55,0,0,0,0
89.1,87.48,17.48,0,0,2,2
91.52,110.77,44.17,0,1,0,1
71.09,31.41,76.89,2,3,3,3
71.71,74.43,27.07,2,2,2,2
101.09,114.3,58.85,1,1,1,1
98.62,95.86,47.55,0,0,0,0
76.11,82.03,35.87,2,0,0,2
74.16,84.15,45.34,2,0,0,2
90.06,89.6,35.44,0,0,0,0
79.08,89.72,43.85,2,0,0,2
97.11,83.9,49.1,0,0,0,0
92.23,92.88,6.59,0,0,3,3
90.44,106.25,47.4,0,1,0,1
102.2,89.1,34.93,1,0,0,1
127.25,121.08,31.3,3,3,0,3
104.13,87.13,84.45,1,0,3,3
85.16,43.76,43.64,0,3,0,3
75.25,88.88,31.07,2,0,0,2
90.2,84.43,4.57,0,0,3,3
107.09,84.52,48.26,1,0,0,1
74.1,63.57,17.99,2,2,2,2
44.79,40.9,80.08,3,3,3,3
85.76,48.53,40.3,0,3,0,3
88.06,57.18,44.92,0,3,0,3
100.5,92.69,73.23,3,0,3,3
87.65,72.98,33.4,0,2,0,2
87.14,97.87,9.72,0,0,3,3
95.59,59.96,47.4,0,3,0,3
86.46,44.41,51.88,0,3,1,3
86.77,84.12,43.06,0,0,0,0
114.86,125.23,37.22,1,3,0,3
119.45,137.59,40.92,3,3,0,3
91.72,99.62,41.98,0,0,0,0
101.17,33.74,28.72,1,3,2,3
87.56,65.53,47.91,0,2,0,2
77.98,90.37,47.85,2,0,0,2
88.17,92.18,37.26,0,0,0,0
96.93,92.79,47.04,0,0,0,0
87.12,82.68,15.65,0,0,2,2
110.17,96.02,45.65,1,0,0,1
54.29,101.1,48.63,3,1,0,3
98.13,77.66,32.07,0,2,0,2
90.63,90.8,55.36,0,0,1,1
96.9,90.03,71.01,0,0,3,3
106.29,91.29,44.66,1,0,0,1
83.55,88.28,15.71,2,0,2,2
97.8,83.5,38.38,0,0,0,0
107.63,87.41,30.08,1,0,0,1
76.41,96.08,42.49,2,0,0,2
98.95,92.55,24.84,0,0,2,2
96.58,108.79,46.94,0,1,0,1
105.57,93.56,45.58,1,0,0,1
78.44,65.67,18.66,2,2,2,2
74.4,72.86,42.37,2,2,0,2
87.58,89.99,25.9,0,0,2,2
86.29,81.16,20.64,0,0,2,2
142.22,143.65,39.59,3,3,0,3
83.45,66.17,41.07,2,2,0,2
87.47,94.59,39.94,0,0,0,0
96.43,95.6,18.83,0,0,2,2
97.19,92.18,67.5,0,0,3,3
98.96,96.91,44.7,0,0,0,0
89.26,71.45,46.33,0,2,0,2
112.3,96.46,28.17,1,0,2,1
91.61,82.29,24.55,0,0,2,2
83.56,83.03,35.76,2,0,0,2
105.9,91.78,43.35,1,0,0,1
90.02,91.57,35.95,0,0,0,0
99.7,83.39,63.3,0,0,1,1
86.86,90.0,37.8,0,0,0,0
89.83,88.67,26.36,0,0,2,2
53.03,81.61,34.23,3,0,0,3
89.99,96.7,64.35,0,0,1,1
41.99,88.44,37.03,3,0,0,3
93.11,108.19,28.8,0,1,2,1
94.14,82.79,38.05,0,0,0,0
93.28,88.38,58.68,0,0,1,1
93.9,86.49,38.82,0,0,0,0
94.86,84.76,41.99,0,0,0,0
86.49,85.36,4.88,0,0,3,3
74.39,90.59,47.64,2,0,0,2
137.97,121.0,40.29,3,3,0,3
101.8,59.18,44.42,1,3,0,3
78.18,89.32,38.56,2,0,0,2
74.92,80.16,49.29,2,0,0,2
94.03,98.67,58.58,0,0,1,1
112.1,90.06,43.42,1,0,0,1
86.3,84.57,37.84,0,0,0,0
90.85,80.66,4.9,0,0,3,3
91.62,114.34,44.59,0,1,0,1
99.03,82.04,35.93,0,0,0,0
93.73,64.85,47.02,0,2,0,2
71.95,88.04,42.51,2,0,0,2
104.82,88.11,40.68,1,0,0,1
108.49,90.06,30.97,1,0,0,1
95.74,35.73,38.09,0,3,0,3
45.73,102.2,36.34,3,1,0,3
72.09,97.38,45.87,2,0,0,2
94.69,51.91,47.31,0,3,0,3
91.39,86.46,60.1,0,0,1,1
95.64,107.46,31.72,0,1,0,1
111.92,93.45,32.08,1,0,0,1
90.55,41.72,35.73,0,3,0,3
101.92,78.6,39.15,1,2,0,1
110.33,80.55,25.79,1,0,2,1
95.23,110.52,37.47,0,1,0,1
96.86,96.1,53.72,0,0,1,1
96.36,81.63,48.36,0,0,0,0
72.43,73.64,25.0,2,2,2,2
93.16,82.28,31.7,0,0,0,0
94.85,90.72,59.7,0,0,1,1
93.41,80.58,58.87,0,0,1,1
93.65,83.96,44.09,0,0,0,0
87.88,87.88,37.61,0,0,0,0
85.52,83.7,43.24,0,0,0,0
95.72,98.57,36.88,0,0,0,0
110.48,92.88,43.04,1,0,0,1
92.59,95.29,42.01,0,0,0,0
86.92,104.95,37.54,0,1,0,1
128.55,126.27,32.96,3,3,0,3
110.15,101.6,43.7,1,1,0,1
96.1,64.22,49.84,0,2,0,2
81.61,67.93,27.59,2,2,2,2
86.78,109.31,47.63,0,1,0,1
92.94,76.79,39.77,0,2,0,2
52.32,97.31,29.51,3,0,3,3
112.61,94.74,37.61,1,0,0,1
85.79,98.53,19.98,0,0,2,2
121.51,122.13,47.54,3,3,0,3
80.45,85.18,30.2,2,0,0,2
94.53,95.6,39.27,0,0,0,0
112.71,101.72,56.19,1,1,1,1
87.39,111.15,46.43,0,1,0,1
93.54,91.58,46.17,0,0,0,0
109.44,104.48,58.57,1,1,1,1
99.95,83.16,9.68,0,0,3,3
98.84,85.83,18.82,0,0,2,2
97.45,61.92,45.39,0,2,0,2
92.91,91.9,8.3,0,0,3,3
92.33,87.94,37.19,0,0,0,0
114.42,92.83,43.17,1,0,0,1
108.7,96.79,28.57,1,0,2,1
90.15,90.05,55.09,0,0,1,1
88.21,96.72,63.65,0,0,1,1
86.39,83.8,37.5,0,0,0,0
89.91,91.53,70.01,0,0,3,3
96.92,90.21,25.64,0,0,2,2
104.99,89.67,33.13,1,0,0,1
89.2,89.0,31.4,0,0,0,0
111.64,88.19,38.48,1,0,0,1
45.86,98.4,47.75,3,0,0,3
99.0,88.95,37.38,0,0,0,0
140.41,134.1,37.09,3,3,0,3
96.3,83.76,49.92,0,0,0,0
80.18,95.39,40.79,2,0,0,2
91.71,86.05,80.09,0,0,3,3
94.57,94.65,61.75,0,0,1,1
88.9,92.2,17.68,0,0,2,2
102.62,95.4,46.06,1,0,0,1
51.18,81.95,36.86,3,0,0,3
90.04,90.82,55.88,0,0,1,1
81.91,91.43,35.97,2,0,0,2
91.18,86.06,46.84,0,0,0,0
105.53,109.33,53.95,1,1,1,1
90.57,77.52,49.91,0,2,0,2
100.35,54.92,36.79,3,3,0,3
98.2,97.0,9.92,0,0,3,3
97.52,77.69,18.55,0,2,2,2
87.13,91.09,62.47,0,0,1,1
88.55,80.26,48.12,0,0,0,0
96.01,71.84,34.22,0,2,0,2
71.49,89.98,37.98,2,0,0,2
92.83,92.12,8.08,0,0,3,3
114.22,80.8,31.98,1,0,0,1
104.56,90.3,46.09,1,0,0,1
61.14,90.03,31.18,3,0,0,3
51.28,94.68,48.05,3,0,0,3
91.8,85.84,63.03,0,0,1,1
85.05,90.33,37.68,0,0,0,0
86.18,83.39,34.56,0,0,0,0
110.85,77.88,51.09,1,2,1,1
74.41,74.84,27.33,2,2,2,2
95.66,107.77,42.71,0,1,0,1
96.21,89.71,63.4,0,0,1,1
108.33,84.19,27.51,1,0,2,1
89.91,87.57,34.12,0,0,0,0
93.32,92.96,9.66,0,0,3,3
109.0,108.39,54.1,1,1,1,1
99.18,87.47,75.99,0,0,3,3
87.74,84.83,46.46,0,0,0,0
81.39,91.24,43.38,2,0,0,2
114.76,92.28,48.29,1,0,0,1
88.28,66.71,41.84,0,2,0,2
113.34,87.73,34.52,1,0,0,1
107.95,91.2,37.41,1,0,0,1
104.46,96.71,43.82,1,0,0,1
74.48,82.9,48.49,2,0,0,2
95.58,95.59,71.16,0,0,3,3
135.09,114.88,40.29,3,1,0,3
122.56,122.24,39.58,3,3,0,3
90.33,78.77,41.56,0,2,0,2
143.59,146.96,47.03,3,3,0,3
90.53,88.25,47.12,0,0,0,0
91.5,98.21,39.57,0,0,0,0
57.94,42.91,83.28,3,3,3,3
87.56,92.46,35.4,0,0,0,0
99.99,78.5,52.13,0,2,1,1
85.07,96.28,47.22,0,0,0,0
88.17,81.2,24.97,0,0,2,2
133.32,123.33,41.54,3,3,0,3
113.85,85.52,37.49,1,0,0,1
89.3,106.05,42.71,0,1,0,1
97.98,86.51,48.07,0,0,0,0
88.25,86.22,35.21,0,0,0,0
89.01,86.43,39.89,0,0,0,0
94.38,82.17,27.27,0,0,2,2
91.51,92.26,34.81,0,0,0,0
92.82,83.3,48.11,0,0,0,0
93.76,83.92,30.94,0,0,0,0
97.78,108.69,40.16,0,1,0,1
99.57,82.61,19.77,0,0,2,2
97.26,84.91,47.47,0,0,0,0
81.51,86.6,55.06,2,0,1,1
89.05,81.78,47.93,0,0,0,0
91.35,37.0,44.52,0,3,0,3
89.76,83.58,42.21,0,0,0,0
93.69,105.79,36.31,0,1,0,1
79.67,84.61,43.47,2,0,0,2
91.84,99.54,51.65,0,0,1,1
96.39,68.33,47.01,0,2,0,2
81.82,80.15,25.16,2,0,2,2
103.46,87.26,53.18,1,0,1,1
101.27,114.33,52.81,1,1,1,1
86.22,42.15,32.37,0,3,0,3
113.68,92.39,30.69,1,0,0,1
107.87,95.29,31.7,1,0,0,1
84.48,43.24,45.99,3,3,0,3
91.22,87.26,33.22,0,0,0,0
96.37,88.05,22.43,0,0,2,2
75.71,82.4,33.43,2,0,0,2
93.93,39.84,35.05,0,3,0,3
88.79,113.03,42.53,0,1,0,1
105.65,82.59,47.17,1,0,0,1
81.52,83.23,48.62,2,0,0,2
93.61,107.06,40.98,0,1,0,1
102.69,106.53,57.5,1,1,1,1
143.41,128.27,40.48,3,3,0,3
103.38,90.02,41.01,1,0,0,1
95.71,66.53,28.59,0,2,2,2
66.29,95.11,33.56,3,0,0,3
92.69,92.21,48.79,0,0,0,0
77.41,62.94,19.94,2,2,2,2
86.3,82.89,60.02,0,0,1,1
92.16,98.39,41.29,0,0,0,0
101.22,82.73,71.88,1,0,3,3
86.52,94.2,46.52,0,0,0,0
87.01,99.71,40.78,0,0,0,0
89.86,109.49,46.47,0,1,0,1
76.84,69.9,23.04,2,2,2,2
76.85,90.68,42.41,2,0,0,2
92.74,84.85,7.47,0,0,3,3
97.7,82.01,37.88,0,0,0,0
95.54,90.29,44.74,0,0,0,0
104.19,86.66,37.08,1,0,0,1
55.84,83.41,34.1,3,0,0,3
59.71,84.5,35.43,3,0,0,3
106.44,83.3,34.14,1,0,0,1
100.35,83.56,3.98,3,0,3,3
90.96,83.98,19.55,0,0,2,2
46.04,88.74,40.03,3,0,0,3
94.02,93.76,20.42,0,0,2,2
144.87,141.35,35.65,3,3,0,3
90.69,80.97,52.64,0,0,1,1
91.99,93.08,43.74,0,0,0,0
101.27,112.6,47.76,1,1,0,1
54.73,99.2,46.92,3,0,0,3
56.33,86.4,38.34,3,0,0,3
98.55,96.73,74.9,0,0,3,3
88.95,37.58,42.96,0,3,0,3
87.21,92.48,41.99,0,0,0,0
78.2,95.81,30.13,2,0,0,2
110.08,82.31,28.77,1,0,2,1
73.76,72.36,22.15,2,2,2,2
99.38,49.11,43.09,0,3,0,3
87.65,94.04,31.81,0,0,0,0
145.06,122.79,48.94,3,3,0,3
89.24,97.19,47.87,0,0,0,0
86.09,85.92,33.02,0,0,0,0
96.63,86.27,34.6,0,0,0,0
109.58,89.86,43.72,1,0,0,1
91.4,85.34,40.58,0,0,0,0
87.85,93.92,75.55,0,0,3,3
92.46,107.2,41.62,0,1,0,1
69.49,104.58,27.02,3,1,2,3
81.46,84.36,41.93,2,0,0,2
83.5,86.64,41.75,2,0,0,2
71.74,87.31,42.33,2,0,0,2
97.27,104.67,47.83,0,1,0,1
80.73,90.08,30.56,2,0,0,2
99.13,83.35,63.57,0,0,1,1
92.74,103.03,34.73,0,1,0,1
104.92,82.72,30.4,1,0,0,1
95.5,107.0,35.31,0,1,0,1
114.83,92.04,32.55,1,0,0,1
91.52,38.42,34.04,0,3,0,3
94.65,94.21,19.8,0,0,2,2
104.31,83.25,35.45,1,0,0,1
92.73,99.4,48.03,0,0,0,0
96.55,91.11,26.75,0,0,2,2
55.33,53.85,85.13,3,3,3,3
47.28,98.16,41.06,3,0,0,3
87.41,42.69,28.41,0,3,2,3
88.46,86.76,28.07,0,0,2,2
93.19,76.83,35.23,0,2,0,2
110.08,101.76,58.55,1,1,1,1
87.18,92.02,37.25,0,0,0,0
88.29,92.87,28.63,0,0,2,2
93.09,94.54,46.97,0,0,0,0
93.85,94.99,77.66,0,0,3,3
104.34,93.73,39.19,1,0,0,1
99.3,86.06,20.09,0,0,2,2
92.89,80.85,33.04,0,0,0,0
96.99,93.42,56.52,0,0,1,1
91.35,102.0,40.17,0,1,0,1
89.0,91.37,18.28,0,0,2,2
96.48,91.5,35.99,0,0,0,0
54.81,87.53,37.01,3,0,0,3
91.4,90.52,44.12,0,0,0,0
96.02,98.3,61.48,0,0,1,1
95.93,67.84,45.25,0,2,0,2
82.95,86.24,48.39,2,0,0,2
87.85,66.44,47.66,0,2,0,2
72.93,92.58,39.23,2,0,0,2
91.13,65.75,47.0,0,2,0,2
85.81,107.35,40.82,0,1,0,1
102.9,77.3,17.98,1,2,2,2
78.72,99.26,31.72,2,0,0,2
79.6,77.03,24.1,2,2,2,2
86.19,97.09,54.58,0,0,1,1
95.88,77.31,37.59,0,2,0,2
95.45,92.55,40.74,0,0,0,0
86.68,94.68,11.68,0,0,3,3
104.34,95.25,38.98,1,0,0,1
94.26,108.6,42.13,0,1,0,1
90.89,78.31,15.37,0,2,2,2
98.02,89.91,86.57,0,0,3,3
85.39,53.88,31.43,0,3,0,3
68.77,96.18,31.31,3,0,0,3
93.64,83.16,81.39,0,0,3,3
92.26,84.54,25.92,0,0,2,2
96.24,91.99,16.95,0,0,2,2
97.17,80.21,38.63,0,0,0,0
90.62,102.25,31.62,0,1,0,1
131.5,143.63,32.49,3,3,0,3
85.48,90.66,51.19,0,0,1,1
87.13,88.87,41.78,0,0,0,0
96.43,86.84,47.62,0,0,0,0
86.85,86.83,8.05,0,0,3,3
103.8,107.73,51.44,1,1,1,1
97.8,89.06,68.44,0,0,3,3
99.05,105.79,51.64,0,1,1,1
84.71,51.01,32.48,3,3,0,3
71.58,85.17,46.91,2,0,0,2
86.77,97.67,41.76,0,0,0,0
90.31,69.36,30.91,0,2,0,2
99.98,87.94,27.0,0,0,2,2
98.29,86.31,63.28,0,0,1,1
98.91,99.38,81.35,0,0,3,3
97.89,91.63,62.95,0,0,1,1
82.3,95.62,81.63,2,0,3,3
82.82,91.65,34.34,2,0,0,2
91.22,81.53,37.94,0,0,0,0
97.55,81.0,34.67,0,0,0,0
87.17,94.64,32.91,0,0,0,0
112.82,108.98,52.19,1,1,1,1
76.66,89.69,38.9,2,0,0,2
80.3,92.44,47.32,2,0,0,2
93.24,92.97,32.91,0,0,0,0
106.91,111.55,58.71,1,1,1,1
60.96,98.23,32.04,3,0,0,3
88.2,93.54,35.49,0,0,0,0
88.63,95.16,43.37,0,0,0,0
108.64,92.6,34.3,1,0,0,1
80.07,92.47,26.07,2,0,2,2
111.81,109.12,60.85,1,1,1,1
93.85,92.74,51.69,0,0,1,1
145.11,133.17,38.48,3,3,0,3
93.8,82.28,10.34,0,0,3,3
97.46,38.69,37.47,0,3,0,3
92.15,93.87,40.93,0,0,0,0
88.37,42.14,34.62,0,3,0,3
96.74,57.34,39.28,0,3,0,3
99.48,84.36,53.29,0,0,1,1
91.25,68.0,33.22,0,2,0,2
129.72,134.57,42.36,3,3,0,3
94.81,110.05,45.71,0,1,0,1
128.36,116.58,33.65,3,3,0,3
96.19,95.45,36.25,0,0,0,0
112.0,81.11,49.21,1,0,0,1
89.94,86.96,58.03,0,0,1,1
104.67,78.63,39.82,1,2,0,1
87.65,89.78,11.56,0,0,3,3
88.87,48.74,38.2,0,3,0,3
92.98,86.69,43.52,0,0,0,0
93.6,86.44,40.97,0,0,0,0
121.11,123.5,39.06,3,3,0,3
114.81,82.77,35.99,1,0,0,1
90.17,95.42,60.54,0,0,1,1
120.68,135.97,38.45,3,3,0,3
124.41,139.92,37.82,3,3,0,3
71.35,64.98,16.44,2,2,2,2
75.16,78.75,42.65,2,2,0,2
126.65,133.61,33.54,3,3,0,3
88.86,82.25,35.33,0,0,0,0
107.07,91.1,46.94,1,0,0,1
85.06,80.54,15.85,0,0,2,2
91.91,92.15,20.13,0,0,2,2
85.58,105.48,41.96,0,1,0,1
56.53,35.08,87.44,3,3,3,3
62.67,91.88,41.64,3,0,0,3
64.27,96.15,40.46,3,0,0,3
99.17,82.34,44.58,0,0,0,0
104.93,98.58,42.24,1,0,0,1
90.41,95.25,46.57,0,0,0,0
109.57,102.44,58.2,1,1,1,1
95.94,96.04,54.33,0,0,1,1
58.48,91.47,50.93,3,0,3,3
85.7,90.22,45.49,0,0,0,0
81.27,86.27,41.53,2,0,0,2
90.16,47.82,47.6,0,3,0,3
93.24,95.8,54.77,0,0,1,1
96.01,90.66,63.18,0,0,1,1
87.86,91.61,38.74,0,0,0,0
108.83,134.72,48.08,1,3,0,3
105.93,96.48,34.38,1,0,0,1
88.38,81.72,11.48,0,0,3,3
94.38,69.45,33.02,0,2,0,2
86.81,95.82,8.7,0,0,3,3
97.29,82.71,17.55,0,0,2,2
91.24,95.81,79.42,0,0,3,3
107.89,102.65,60.06,1,1,1,1
91.41,81.99,48.93,0,0,0,0
89.51,88.08,61.07,0,0,1,1
136.62,141.39,31.33,3,3,0,3
86.42,93.69,13.56,0,0,3,3
91.35,83.18,40.92,0,0,0,0
61.8,87.71,34.52,3,0,0,3
97.71,66.63,34.61,0,2,0,2
86.22,92.81,38.93,0,0,0,0
71.23,94.73,40.38,2,0,0,2
88.31,80.67,32.96,0,0,0,0
127.48,117.17,43.57,3,3,0,3
103.14,86.46,49.05,1,0,0,1
87.45,95.87,55.49,0,0,1,1
92.74,99.0,37.32,0,0,0,0
48.16,61.17,70.29,3,2,3,3
97.5,82.11,33.44,0,0,0,0
86.53,112.74,32.86,0,1,0,1
83.15,94.19,32.86,2,0,0,2
91.74,96.83,23.01,0,0,2,2
85.58,87.38,34.94,0,0,0,0
89.95,67.57,47.43,0,2,0,2
94.8,94.33,78.36,0,0,3,3
90.82,43.39,32.08,0,3,0,3
75.75,77.47,47.01,2,2,0,2
93.63,83.6,48.09,0,0,0,0
83.52,62.55,22.29,2,2,2,2
97.93,87.88,39.26,0,0,0,0
118.56,138.49,37.02,3,3,0,3
81.6,95.09,15.6,2,0,2,2
81.29,96.92,44.99,2,0,0,2
109.47,96.18,49.23,1,0,0,1
72.71,93.67,38.94,2,0,0,2
57.63,89.74,32.73,3,0,0,3
87.26,89.65,82.44,0,0,3,3
105.5,100.0,53.07,1,0,1,1
55.69,97.1,34.01,3,0,0,3
91.83,36.82,38.53,0,3,0,3
105.59,92.54,36.95,1,0,0,1
85.19,99.59,35.87,0,0,0,0
52.25,83.9,54.42,3,0,1,3
43.2,54.61,60.25,3,3,1,3
97.7,92.0,36.54,0,0,0,0
88.43,97.61,30.87,0,0,0,0
83.36,84.31,14.37,2,0,3,3
103.45,104.38,39.63,1,1,0,1
97.67,96.51,41.03,0,0,0,0
94.13,81.26,39.68,0,0,0,0
87.91,63.87,44.19,0,2,0,2
103.93,87.41,30.68,1,0,0,1
90.41,82.49,26.34,0,0,2,2
99.63,93.64,55.84,0,0,1,1
88.85,84.14,30.46,0,0,0,0
95.25,85.29,41.06,0,0,0,0
92.05,46.36,46.32,0,3,0,3
91.28,90.46,31.23,0,0,0,0
133.12,136.99,34.96,3,3,0,3
88.19,81.58,26.1,0,0,2,2
44.65,101.32,44.58,3,1,0,3
99.2,45.8,45.48,0,3,0,3
47.47,97.71,45.19,3,0,0,3
83.23,81.38,20.08,2,0,2,2
97.78,71.74,32.75,0,2,0,2
77.24,86.43,33.82,2,0,0,2
79.08,72.82,25.45,2,2,2,2
95.85,93.11,34.72,0,0,0,0
75.46,86.85,37.01,2,0,0,2
92.03,81.03,62.11,0,0,1,1
90.46,102.23,79.06,0,1,3,3
108.88,99.81,33.16,1,0,0,1
104.06,105.47,57.37,1,1,1,1
73.12,87.73,28.37,2,0,2,2
79.27,87.89,44.37,2,0,0,2
91.49,88.94,51.97,0,0,1,1
95.41,90.35,36.99,0,0,0,0
95.58,90.81,30.32,0,0,0,0
72.27,80.16,46.23,2,0,0,2
85.74,92.36,34.81,0,0,0,0
112.57,84.36,51.75,1,0,1,1
95.52,82.9,45.96,0,0,0,0
62.74,93.41,37.59,3,0,0,3
86.29,86.7,60.03,0,0,1,1
96.57,86.46,42.87,0,0,0,0
95.04,91.98,21.55,0,0,2,2
105.12,80.5,36.5,1,0,0,1
88.34,97.17,24.13,0,0,2,2
110.07,99.22,57.52,1,0,1,1
91.45,98.41,48.68,0,0,0,0
87.36,89.8,51.91,0,0,1,1
95.07,104.95,62.84,0,1,1,1
96.1,98.72,42.03,0,0,0,0
101.38,84.05,77.66,1,0,3,3
110.13,97.48,31.47,1,0,0,1
78.8,88.12,32.76,2,0,0,2
85.57,62.29,44.11,0,2,0,2
108.99,102.26,43.7,1,1,0,1
97.8,85.05,34.51,0,0,0,0
55.89,36.33,80.72,3,3,3,3
94.42,64.54,34.91,0,2,0,2
90.43,91.23,47.42,0,0,0,0
95.53,92.9,3.28,0,0,3,3
93.88,88.36,44.3,0,0,0,0
88.73,57.74,43.68,0,3,0,3
91.79,96.84,27.16,0,0,2,2
109.13,113.12,59.65,1,1,1,1
61.34,91.93,36.16,3,0,0,3
84.58,42.87,38.14,3,3,0,3
112.32,87.57,42.23,1,0,0,1
89.27,96.38,35.58,0,0,0,0
109.02,105.81,61.22,1,1,1,1
88.58,97.54,40.58,0,0,0,0
94.97,76.1,42.59,0,2,0,2
87.42,76.09,37.07,0,2,0,2
106.73,105.88,59.37,1,1,1,1
70.91,93.39,41.15,2,0,0,2
96.97,74.49,42.15,0,2,0,2
58.66,48.7,77.64,3,3,3,3
89.89,85.75,34.13,0,0,0,0
81.43,86.95,28.85,2,0,2,2
50.04,80.31,48.76,3,0,0,3
90.3,106.81,33.6,0,1,0,1
87.77,90.39,44.02,0,0,0,0
108.24,97.95,27.12,1,0,2,1
114.8,112.58,55.28,1,1,1,1
89.54,76.76,41.11,0,2,0,2
79.99,87.13,36.99,2,0,0,2
91.02,90.61,46.36,0,0,0,0
144.44,118.55,38.99,3,3,0,3
85.22,67.35,25.85,0,2,2,2
97.18,80.48,37.29,0,0,0,0
99.86,55.67,44.47,0,3,0,3
89.37,83.15,32.96,0,0,0,0
97.59,63.95,39.62,0,2,0,2
96.55,43.24,31.0,0,3,0,3
105.4,99.17,72.09,1,0,3,3
98.38,108.36,32.73,0,1,0,1
108.78,97.8,42.71,1,0,0,1
91.5,66.4,34.53,0,2,0,2
83.94,86.53,26.08,2,0,2,2
78.42,87.58,37.68,2,0,0,2
82.89,65.49,18.32,2,2,2,2
57.76,100.78,33.39,3,3,0,3
103.8,90.43,43.16,1,0,0,1
63.23,52.56,82.02,3,3,3,3
89.39,96.02,6.71,0,0,3,3
111.88,106.89,59.62,1,1,1,1
82.54,67.97,21.9,2,2,2,2
88.85,92.36,43.63,0,0,0,0
96.05,83.89,58.26,0,0,1,1
103.11,92.38,52.04,1,0,1,1
110.11,95.77,32.24,1,0,0,1
83.01,64.2,19.91,2,2,2,2
86.25,83.92,48.95,0,0,0,0
111.62,92.45,35.06,1,0,0,1
77.8,87.67,32.71,2,0,0,2
90.49,86.64,43.21,0,0,0,0
96.3,94.75,41.44,0,0,0,0
76.86,80.47,36.95,2,0,0,2
97.75,105.91,39.67,0,1,0,1
89.32,87.44,34.55,0,0,0,0
76.38,87.63,43.96,2,0,0,2
98.4,80.02,18.4,0,0,2,2
98.05,88.16,49.43,0,0,0,0
94.39,81.85,44.45,0,0,0,0
93.71,92.75,36.42,0,0,0,0
96.96,63.26,32.42,0,2,0,2
92.7,96.71,60.26,0,0,1,1
56.51,41.63,71.52,3,3,3,3
91.9,72.56,47.05,0,2,0,2
92.4,111.66,43.3,0,1,0,1
51.12,98.25,43.95,3,0,0,3
104.13,103.69,46.26,1,1,0,1
89.95,98.01,47.35,0,0,0,0
88.02,96.67,62.37,0,0,1,1
72.82,61.08,20.98,2,2,2,2
85.54,63.37,32.46,0,2,0,2
85.22,77.22,21.39,0,2,2,2
97.69,106.24,46.38,0,1,0,1
72.59,66.18,23.82,2,2,2,2
90.87,93.91,43.26,0,0,0,0
74.75,82.51,42.95,2,0,0,2
124.51,126.35,44.63,3,3,0,3
88.68,82.48,67.88,0,0,3,3
97.29,99.65,22.99,0,0,2,2
102.51,108.65,51.96,1,1,1,1
50.49,101.87,49.9,3,1,0,3
74.21,84.04,36.98,2,0,0,2
89.39,82.04,62.09,0,0,1,1
111.19,84.48,34.98,1,0,0,1
96.66,68.69,40.01,0,2,0,2
61.51,95.05,40.33,3,0,0,3
106.53,110.09,60.52,1,1,1,1
88.84,83.99,39.73,0,0,0,0
93.81,91.14,20.17,0,0,2,2
85.22,85.85,38.59,0,0,0,0
123.48,137.62,32.65,3,3,0,3
95.48,97.84,31.86,0,0,0,0
105.6,77.03,39.69,1,2,0,1
99.5,81.37,15.7,0,0,2,2
90.63,90.82,73.75,0,0,3,3
99.38,80.58,48.37,0,0,0,0
99.25,92.84,47.29,0,0,0,0
99.15,102.99,45.04,0,1,0,1
110.56,112.53,51.82,1,1,1,1
89.43,109.82,39.21,0,1,0,1
96.84,90.77,19.87,0,0,2,2
90.33,97.15,25.28,0,0,2,2
54.61,84.4,48.47,3,0,0,3
99.85,104.49,61.23,0,1,1,1
74.14,78.14,33.86,2,2,0,2
96.01,83.97,9.45,0,0,3,3
92.81,96.07,74.11,0,0,3,3
98.06,86.08,64.82,0,0,1,1
92.5,42.82,33.81,0,3,0,3
94.16,107.14,39.52,0,1,0,1
108.0,114.64,64.61,1,1,1,1
103.6,106.0,49.51,1,1,0,1
100.52,87.67,8.36,3,0,3,3
98.43,33.9,40.58,0,3,0,3
80.24,95.86,37.9,2,0,0,2
51.45,90.89,45.5,3,0,0,3
85.03,96.33,62.2,0,0,1,1
93.62,51.12,45.49,0,3,0,3
95.6,71.65,37.42,0,2,0,2
98.71,37.4,36.51,0,3,0,3
56.07,39.88,69.46,3,3,3,3
73.66,86.73,40.76,2,0,0,2
81.99,83.21,49.81,2,0,0,2
113.61,88.94,34.81,1,0,0,1
55.8,91.17,46.46,3,0,0,3
73.25,96.16,34.68,2,0,0,2
113.66,98.61,46.58,1,0,0,1
74.53,94.63,42.33,2,0,0,2
95.56,91.26,24.69,0,0,2,2
113.27,108.64,62.38,1,1,1,1
99.02,89.55,37.78,0,0,0,0
97.99,87.41,47.62,0,0,0,0
100.56,57.93,47.35,3,3,0,3
81.63,69.46,16.18,2,2,2,2
55.6,87.49,44.07,3,0,0,3
86.8,88.02,22.77,0,0,2,2
136.45,124.33,32.25,3,3,0,3
94.94,94.27,79.29,0,0,3,3
87.39,74.67,39.97,0,2,0,2
94.33,99.84,45.5,0,0,0,0
87.55,96.46,80.91,0,0,3,3
45.8,100.82,51.14,3,3,1,3
92.94,89.96,56.7,0,0,1,1
97.94,90.55,48.44,0,0,0,0
126.72,140.49,43.29,3,3,0,3
97.45,95.07,47.08,0,0,0,0
92.44,103.92,42.62,0,1,0,1
97.19,85.7,39.3,0,0,0,0
103.29,96.55,44.17,1,0,0,1
95.04,86.38,40.41,0,0,0,0
94.51,103.03,48.95,0,1,0,1
96.29,84.58,41.04,0,0,0,0
90.23,93.25,43.96,0,0,0,0
85.92,57.21,42.54,0,3,0,3
117.44,132.14,45.9,3,3,0,3
94.31,73.3,34.24,0,2,0,2
87.97,93.82,42.42,0,0,0,0
94.2,97.7,48.34,0,0,0,0
88.03,59.03,33.55,0,3,0,3
132.52,120.23,32.28,3,3,0,3
92.9,84.58,3.87,0,0,3,3
97.0,91.21,82.2,0,0,3,3
85.74,83.52,37.82,0,0,0,0
80.31,89.94,40.29,2,0,0,2
82.89,85.56,34.84,2,0,0,2
94.33,62.34,37.86,0,2,0,2
95.4,82.12,37.16,0,0,0,0
93.49,96.23,43.7,0,0,0,0
99.51,54.33,34.09,0,3,0,3
90.91,88.82,80.95,0,0,3,3
94.25,86.51,65.68,0,0,3,3
88.0,88.0,34.76,0,0,0,0
98.6,69.12,30.01,0,2,0,2
98.33,60.0,40.87,0,2,0,2
96.8,106.46,31.62,0,1,0,1
94.98,81.07,57.48,0,0,1,1
136.71,113.47,42.47,3,1,0,3
89.87,99.38,18.55,0,0,2,2
50.29,94.89,39.27,3,0,0,3
59.12,95.29,36.05,3,0,0,3
113.05,92.01,45.35,1,0,0,1
96.25,81.83,38.36,0,0,0,0
89.53,83.38,28.43,0,0,2,2
94.77,91.61,39.25,0,0,0,0
78.19,82.2,19.43,2,0,2,2
78.13,89.44,32.93,2,0,0,2
86.54,76.36,38.79,0,2,0,2
93.49,81.92,40.42,0,0,0,0
112.45,106.27,57.15,1,1,1,1
103.61,104.59,62.72,1,1,1,1
61.46,96.33,33.15,3,0,0,3
91.97,35.13,47.84,0,3,0,3
91.43,93.19,37.8,0,0,0,0
89.72,83.85,48.06,0,0,0,0
105.97,90.41,32.17,1,0,0,1
96.77,99.75,24.84,0,0,2,2
76.97,88.55,34.9,2,0,0,2
101.29,89.1,44.63,1,0,0,1
75.81,83.29,49.0,2,0,0,2
137.89,124.0,29.08,3,3,3,3
92.79,61.24,48.25,0,2,0,2
99.55,80.53,57.91,0,0,1,1
97.81,90.4,35.37,0,0,0,0
93.91,95.37,61.87,0,0,1,1
92.68,83.9,76.35,0,0,3,3
91.79,106.38,33.3,0,1,0,1
86.11,95.2,47.84,0,0,0,0
104.32,89.77,52.89,1,0,1,1
47.32,95.35,33.88,3,0,0,3
83.98,63.36,31.14,2,2,0,2
75.7,87.17,43.67,2,0,0,2
95.92,88.98,42.36,0,0,0,0
94.68,73.86,46.07,0,2,0,2
90.37,90.63,41.77,0,0,0,0
109.67,101.3,47.43,1,1,0,1
87.6,80.26,45.35,0,0,0,0
74.74,96.19,39.04,2,0,0,2
87.05,87.47,55.31,0,0,1,1
114.52,86.98,31.97,1,0,0,1
86.53,39.59,32.0,0,3,0,3
56.63,100.44,48.94,3,3,0,3
85.26,66.49,46.07,0,2,0,2
94.37,112.69,45.04,0,1,0,1
102.09,110.25,37.86,1,1,0,1
62.6,94.76,49.66,3,0,0,3
91.01,83.97,33.83,0,0,0,0
89.11,110.44,45.51,0,1,0,1
102.39,96.86,58.3,1,0,1,1
95.3,91.2,44.68,0,0,0,0
76.53,83.61,26.53,2,0,2,2
83.64,91.61,47.71,2,0,0,2
81.39,52.38,37.86,2,3,0,3
98.95,92.61,52.62,0,0,1,1
91.77,98.6,41.46,0,0,0,0
112.22,88.83,31.0,1,0,0,1
95.75,88.13,36.7,0,0,0,0
89.25,94.06,47.15,0,0,0,0
87.39,42.24,45.7,0,3,0,3
93.13,98.05,34.49,0,0,0,0
53.46,97.18,39.78,3,0,0,3
94.48,88.66,36.48,0,0,0,0
73.61,81.13,47.6,2,0,0,2
88.9,80.03,41.41,0,0,0,0
96.62,63.52,47.71,0,2,0,2
50.84,96.59,26.56,3,0,2,3
94.13,94.9,40.2,0,0,0,0
87.49,76.14,60.38,0,2,1,1
64.13,45.61,75.11,3,3,3,3
89.22,97.39,32.64,0,0,0,0
110.72,108.05,49.77,1,1,0,1
103.42,92.51,40.28,1,0,0,1
97.7,91.29,33.91,0,0,0,0
91.63,90.03,45.08,0,0,0,0
92.31,98.68,20.31,0,0,2,2
86.14,48.66,28.76,0,3,2,3
66.35,93.11,25.86,3,0,2,3
118.96,130.54,36.24,3,3,0,3
98.37,82.1,32.63,0,0,0,0
83.67,66.93,41.74,2,2,0,2
86.23,56.01,34.43,0,3,0,3
65.53,88.71,41.0,3,0,0,3
92.53,97.09,30.5,0,0,0,0
55.91,89.76,33.77,3,0,0,3
88.32,81.75,37.69,0,0,0,0
82.29,97.05,39.16,2,0,0,2
104.12,102.04,37.46,1,1,0,1
91.4,93.43,34.16,0,0,0,0
70.11,93.88,43.47,2,0,0,2
88.88,85.2,63.67,0,0,1,1
88.55,93.01,47.3,0,0,0,0
81.6,70.36,28.08,2,2,2,2
54.59,87.74,45.23,3,0,0,3
89.92,91.12,40.23,0,0,0,0
127.03,121.65,44.77,3,3,0,3
114.3,102.31,33.77,1,1,0,1
119.33,143.35,42.15,3,3,0,3
88.69,47.9,43.95,0,3,0,3
48.51,93.69,50.27,3,0,3,3
91.15,89.4,37.12,0,0,0,0
97.16,92.02,80.31,0,0,3,3
64.33,58.46,72.48,3,3,3,3
111.51,93.07,32.08,1,0,0,1
83.9,89.54,21.59,2,0,2,2
94.09,86.07,5.24,0,0,3,3
89.71,89.4,35.15,0,0,0,0
69.75,89.14,37.9,3,0,0,3
96.89,84.32,48.91,0,0,0,0
73.1,99.04,44.02,2,0,0,2
88.06,87.39,40.53,0,0,0,0
99.16,71.67,34.72,0,2,0,2
99.91,80.34,27.63,0,0,2,2
89.79,77.26,59.39,0,2,1,1
76.72,83.74,35.92,2,0,0,2
72.29,93.43,43.71,2,0,0,2
98.58,47.39,36.31,0,3,0,3
110.41,81.66,40.08,1,0,0,1
99.82,110.14,39.02,0,1,0,1
85.84,85.61,30.89,0,0,0,0
66.69,86.0,44.5,3,0,0,3
101.57,109.82,48.01,1,1,0,1
81.28,83.1,32.53,2,0,0,2
89.77,84.42,39.33,0,0,0,0
87.88,83.74,20.53,0,0,2,2
77.21,91.77,37.15,2,0,0,2
95.88,90.76,46.34,0,0,0,0
46.32,83.62,43.41,3,0,0,3
114.28,108.35,52.86,1,1,1,1
55.8,41.96,77.98,3,3,3,3
54.02,99.43,28.37,3,0,2,3
99.9,94.81,22.68,0,0,2,2
89.47,109.09,45.45,0,1,0,1
90.08,89.64,28.76,0,0,2,2
87.01,70.95,28.86,0,2,2,2
94.19,96.75,43.81,0,0,0,0
94.38,101.87,32.83,0,1,0,1
88.38,84.78,55.29,0,0,1,1
81.15,74.36,28.11,2,2,2,2
88.31,89.27,64.34,0,0,1,1
88.79,73.51,33.92,0,2,0,2
97.16,37.65,40.97,0,3,0,3
95.5,89.19,23.33,0,0,2,2
142.47,141.62,41.87,3,3,0,3
78.81,89.34,36.83,2,0,0,2
93.6,89.16,9.95,0,0,3,3
91.18,95.39,58.84,0,0,1,1
46.9,87.71,33.13,3,0,0,3
76.4,78.94,47.02,2,2,0,2
139.11,138.34,37.24,3,3,0,3
98.75,80.55,47.36,0,0,0,0
96.72,89.65,47.94,0,0,0,0
86.5,46.88,37.68,0,3,0,3
76.25,80.55,46.98,2,0,0,2
98.61,95.74,21.84,0,0,2,2
94.93,98.39,73.84,0,0,3,3
105.78,103.88,62.18,1,1,1,1
99.87,54.16,51.72,0,3,1,3
64.01,96.16,45.6,3,0,0,3
103.29,90.83,45.15,1,0,0,1
106.7,95.86,64.95,1,0,1,1
94.9,112.53,39.53,0,1,0,1
95.7,96.94,36.59,0,0,0,0
101.77,86.19,33.22,1,0,0,1
108.73,114.64,60.6,1,1,1,1
95.92,87.15,57.1,0,0,1,1
97.73,84.31,27.12,0,0,2,2
87.9,87.25,32.38,0,0,0,0
114.17,141.56,37.38,1,3,0,3
105.87,87.84,45.34,1,0,0,1
95.86,97.77,37.15,0,0,0,0
108.31,88.53,36.66,1,0,0,1
96.36,80.34,39.08,0,0,0,0
103.91,98.67,41.44,1,0,0,1
86.55,82.4,56.87,0,0,1,1
82.29,93.56,32.2,2,0,0,2
91.37,61.01,46.79,0,2,0,2
86.07,90.31,41.28,0,0,0,0
75.27,67.65,21.78,2,2,2,2
93.73,87.52,44.38,0,0,0,0
72.62,98.58,38.73,2,0,0,2
90.84,109.8,47.46,0,1,0,1
93.42,98.88,30.87,0,0,0,0
107.22,96.94,28.16,1,0,2,1
91.57,107.3,38.12,0,1,0,1
70.89,81.24,41.38,2,0,0,2
85.79,85.62,44.01,0,0,0,0
96.49,62.82,32.88,0,2,0,2
78.23,95.47,41.98,2,0,0,2
77.02,80.72,43.26,2,0,0,2
86.48,85.01,37.89,0,0,0,0
71.18,64.14,23.48,2,2,2,2
46.22,56.57,72.07,3,3,3,3
93.98,79.04,3.66,0,3,3,3
109.78,108.42,60.48,1,1,1,1
96.5,102.11,31.26,0,1,0,1
110.54,87.83,39.45,1,0,0,1
46.43,48.55,72.27,3,3,3,3
134.05,110.07,51.97,3,1,1,3
127.85,119.48,33.86,3,3,0,3
90.22,96.72,23.31,0,0,2,2
90.13,95.9,35.56,0,0,0,0
128.11,118.17,31.51,3,3,0,3
91.8,87.5,79.15,0,0,3,3
82.3,65.35,35.73,2,2,0,2
102.69,104.01,33.27,1,1,0,1
95.35,89.5,38.81,0,0,0,0
92.91,92.49,67.81,0,0,3,3
103.51,88.64,40.25,1,0,0,1
86.96,62.4,26.62,0,2,2,2
87.26,101.89,36.89,0,1,0,1
79.08,97.66,31.63,2,0,0,2
72.43,76.29,20.88,2,2,2,2
94.79,99.74,46.48,0,0,0,0
117.67,140.69,48.65,3,3,0,3
92.12,56.66,32.36,0,3,0,3
98.14,105.21,32.11,0,1,0,1
55.31,45.06,68.96,3,3,3,3
82.22,76.36,31.16,2,2,0,2
71.49,76.27,22.86,2,2,2,2
132.94,122.11,30.29,3,3,0,3
118.87,142.23,43.65,3,3,0,3
101.18,67.73,26.56,1,2,2,2
77.14,95.31,44.17,2,0,0,2
87.84,105.44,49.55,0,1,0,1
98.34,97.87,41.37,0,0,0,0
133.05,135.0,32.47,3,3,0,3
95.46,91.79,79.02,0,0,3,3
89.45,92.41,25.5,0,0,2,2
73.0,81.64,42.67,2,0,0,2
45.28,49.69,82.88,3,3,3,3
98.89,43.58,31.1,0,3,0,3
88.53,53.03,37.99,0,3,0,3
98.84,84.22,34.19,0,0,0,0
98.64,90.75,32.93,0,0,0,0
51.34,97.94,44.65,3,0,0,3
105.33,94.55,39.0,1,0,0,1
73.39,78.58,18.62,2,2,2,2
94.64,94.83,44.13,0,0,0,0
52.15,43.91,79.46,3,3,3,3
93.93,54.56,34.85,0,3,0,3
97.09,103.35,58.11,0,1,1,1
90.82,73.28,35.86,0,2,0,2
140.47,129.0,36.59,3,3,0,3
93.27,104.02,39.76,0,1,0,1
96.46,95.25,60.93,0,0,1,1
104.89,87.93,38.33,1,0,0,1
134.93,136.17,38.63,3,3,0,3
132.3,134.53,45.55,3,3,0,3
85.86,76.11,10.05,0,2,3,3
70.26,99.49,39.25,2,0,0,2
126.92,142.14,37.1,3,3,0,3
85.9,41.8,40.69,0,3,0,3
92.32,80.32,71.64,0,0,3,3
98.49,97.06,63.84,0,0,1,1
92.21,81.56,15.09,0,0,2,2
91.19,88.0,60.33,0,0,1,1
87.05,112.43,38.79,0,1,0,1
112.37,95.56,48.59,1,0,0,1
92.49,90.36,16.92,0,0,2,2
99.24,60.37,31.16,0,2,0,2
89.34,112.73,42.43,0,1,0,1
85.42,34.1,41.45,0,3,0,3
94.93,90.07,34.68,0,0,0,0
124.41,136.04,35.24,3,3,0,3
85.57,93.22,26.28,0,0,2,2
93.5,89.09,52.43,0,0,1,1
106.83,93.48,46.43,1,0,0,1
78.83,83.21,35.56,2,0,0,2
98.22,41.47,39.92,0,3,0,3
87.79,84.85,36.52,0,0,0,0
92.39,101.71,37.13,0,1,0,1
93.9,86.71,36.81,0,0,0,0
86.71,97.65,30.93,0,0,0,0
61.95,97.94,42.98,3,0,0,3
95.68,91.22,35.38,0,0,0,0
89.79,85.15,27.95,0,0,2,2
98.66,87.81,48.23,0,0,0,0
87.2,76.07,47.13,0,2,0,2
91.59,80.2,38.76,0,0,0,0
93.18,86.07,45.16,0,0,0,0
90.17,68.11,37.1,0,2,0,2
106.99,89.31,36.44,1,0,0,1
140.99,125.7,44.45,3,3,0,3
95.12,103.05,81.24,0,1,3,3
96.41,105.34,45.0,0,1,0,1
114.85,87.74,45.73,1,0,0,1
85.31,112.79,40.65,0,1,0,1
90.05,80.91,39.61,0,0,0,0
48.03,59.56,66.41,3,3,3,3
95.8,86.15,19.39,0,0,2,2
98.53,88.16,55.55,0,0,1,1
61.52,95.68,52.2,3,0,1,3
99.37,89.61,25.97,0,0,2,2
90.19,35.87,32.08,0,3,0,3
86.03,90.36,32.07,0,0,0,0
74.74,93.62,32.83,2,0,0,2
99.13,102.44,28.43,0,1,2,1
75.26,66.15,18.38,2,2,2,2
83.85,82.88,45.46,2,0,0,2
53.23,90.24,38.51,3,0,0,3
132.54,140.03,34.12,3,3,0,3
89.83,83.37,44.25,0,0,0,0
91.38,98.59,8.51,0,0,3,3
58.66,41.52,73.75,3,3,3,3
93.74,90.55,43.72,0,0,0,0
90.43,109.66,37.99,0,1,0,1
104.2,84.27,37.74,1,0,0,1
46.04,83.72,31.25,3,0,0,3
51.82,38.69,75.36,3,3,3,3
107.75,83.66,46.47,1,0,0,1
96.29,87.6,32.72,0,0,0,0
76.73,87.95,35.8,2,0,0,2
103.32,104.74,51.14,1,1,1,1
83.47,45.43,36.41,2,3,0,3
98.21,83.17,32.83,0,0,0,0
97.0,82.4,48.0,0,0,0,0
121.05,137.05,44.7,3,3,0,3
95.38,67.92,47.1,0,2,0,2
95.9,33.99,43.58,0,3,0,3
95.5,90.23,32.16,0,0,0,0
91.13,97.64,49.62,0,0,0,0
95.11,85.44,35.02,0,0,0,0
90.66,83.28,34.68,0,0,0,0
95.9,81.03,34.53,0,0,0,0
89.99,76.57,34.7,0,2,0,2
114.65,145.08,33.2,1,3,0,3
92.02,73.7,43.44,0,2,0,2
147.0,119.34,46.01,3,3,0,3
99.79,87.16,40.68,0,0,0,0
101.71,90.99,47.6,1,0,0,1
92.13,68.55,30.06,0,2,0,2
91.35,88.91,45.18,0,0,0,0
95.75,50.87,44.79,0,3,0,3
51.92,80.91,41.26,3,0,0,3
94.24,103.29,30.82,0,1,0,1
88.08,81.59,15.64,0,0,2,2
136.16,137.88,47.42,3,3,0,3
96.77,104.22,48.17,0,1,0,1
77.24,82.0,41.33,2,0,0,2
88.93,95.96,45.46,0,0,0,0
88.43,75.93,31.79,0,2,0,2
89.48,87.27,21.12,0,0,2,2
91.8,91.99,51.8,0,0,1,1
97.74,92.09,53.26,0,0,1,1
99.93,89.24,19.3,0,0,2,2
92.86,99.74,46.08,0,0,0,0
71.04,78.07,33.37,2,2,0,2
90.26,87.19,40.47,0,0,0,0
89.69,93.88,53.58,0,0,1,1
92.41,83.31,43.46,0,0,0,0
98.87,97.53,5.05,0,0,3,3
98.67,95.15,41.06,0,0,0,0
99.86,88.52,55.49,0,0,1,1
107.17,87.09,32.58,1,0,0,1
96.58,98.45,55.8,0,0,1,1
96.94,91.38,42.74,0,0,0,0
107.52,92.8,36.57,1,0,0,1
110.08,99.78,55.34,1,0,1,1
90.76,87.48,34.11,0,0,0,0
110.53,93.03,37.07,1,0,0,1
132.36,130.8,43.89,3,3,0,3
90.73,114.18,35.44,0,1,0,1
92.01,80.82,45.88,0,0,0,0
91.1,71.42,39.53,0,2,0,2
73.27,85.52,42.53,2,0,0,2
76.16,96.21,49.59,2,0,0,2
103.11,113.27,59.1,1,1,1,1
88.32,98.5,33.95,0,0,0,0
113.08,113.6,60.91,1,1,1,1
95.73,48.47,41.93,0,3,0,3
75.05,65.85,16.56,2,2,2,2
85.37,88.41,60.86,0,0,1,1
89.44,82.91,39.07,0,0,0,0
107.0,95.53,41.98,1,0,0,1
91.07,95.35,49.75,0,0,0,0
104.42,95.42,43.0,1,0,0,1
97.91,93.08,54.8,0,0,1,1
91.45,109.83,33.55,0,1,0,1
89.23,93.23,42.14,0,0,0,0
95.13,90.93,39.78,0,0,0,0
97.33,108.87,46.4,0,1,0,1
45.65,83.4,41.42,3,0,0,3
96.79,71.75,39.41,0,2,0,2
70.54,87.58,35.02,2,0,0,2
120.28,134.12,47.38,3,3,0,3
96.06,96.45,35.87,0,0,0,0
147.61,128.89,43.53,3,3,0,3
89.92,46.41,47.72,0,3,0,3
103.68,92.81,45.17,1,0,0,1
51.18,82.28,46.2,3,0,0,3
81.47,105.31,39.9,2,1,0,1
86.29,94.78,33.57,0,0,0,0
101.2,99.13,52.95,1,0,1,1
87.5,93.07,41.73,0,0,0,0
107.99,101.5,56.85,1,1,1,1
95.01,68.4,30.03,0,2,0,2
90.27,66.67,44.69,0,2,0,2
59.52,84.63,44.06,3,0,0,3
79.88,83.05,37.15,2,0,0,2
44.06,93.08,38.24,3,0,0,3
89.78,83.34,31.31,0,0,0,0
83.27,59.24,34.55,2,3,0,3
76.7,75.85,16.47,2,2,2,2
89.14,64.48,33.1,0,2,0,2
131.37,111.84,52.37,3,1,1,3
99.92,89.31,5.15,0,0,3,3
48.69,54.57,64.7,3,3,1,3
89.86,86.8,37.18,0,0,0,0
